permit_type_code,permit_id,full_permit_number,permit_details_url,merged_permit_ids,address,city,issue_date,project_type,valuation,contractor,plan_doc_name,key_scope_terms,priority,reason
F209,2600540,F209-2600540,https://apps-secure.phoenix.gov/PDD/Search/PermitDetails?permitNum=F209-2600540,F209-2600540,28610 N 20TH AVE,PHOENIX,2/10/2026 8:47:36 PM,Commercial,0.00,SUNX SOLUTIONS LLC,RVSN-250796-01,,Trash,no_hvac_signal
WSSD,26002180,WSSD-26002180,https://apps-secure.phoenix.gov/PDD/Search/PermitDetails?permitNum=WSSD-26002180,WSSD-26002180,3334 W MCDOWELL RD,PHOENIX,2/10/2026 5:41:30 PM,Residential,0.00,METRO FIRE EQUIPMENT,SPAD-0012373,,Trash,negative=fire
RPV,26002179,RPV-26002179,https://apps-secure.phoenix.gov/PDD/Search/PermitDetails?permitNum=RPV-26002179,RPV-26002179,418 W FELLARS DR,PHOENIX,2/10/2026 4:53:29 PM,Commercial,31283.30,CAPITAL ENERGY LLC,SPAD-2600168,,Trash,no_hvac_signal
F800,2600539,F800-2600539,https://apps-secure.phoenix.gov/PDD/Search/PermitDetails?permitNum=F800-2600539,F800-2600539,418 W FELLARS DR,PHOENIX,2/10/2026 4:53:29 PM,Commercial,0.00,CAPITAL ENERGY LLC,SPAD-2600168,,Trash,no_hvac_signal
LPRR,2600769,LPRR-2600769,https://apps-secure.phoenix.gov/PDD/Search/PermitDetails?permitNum=LPRR-2600769,LPRR-2600769,201 E INDIANOLA AVE,PHOENIX,2/10/2026 4:42:57 PM,Commercial,883120.00,TO BE BID,,,Trash,no_hvac_signal
F800,2600538,F800-2600538,https://apps-secure.phoenix.gov/PDD/Search/PermitDetails?permitNum=F800-2600538,F800-2600538,4132 W BRADSHAW CREEK LN,PHOENIX,2/10/2026 4:22:44 PM,Commercial,0.00,CAPITAL ENERGY LLC,SPAD-1910225,,Trash,no_hvac_signal
RPV,26002178,RPV-26002178,https://apps-secure.phoenix.gov/PDD/Search/PermitDetails?permitNum=RPV-26002178,RPV-26002178,4132 W BRADSHAW CREEK LN,PHOENIX,2/10/2026 4:19:20 PM,Commercial,53632.40,CAPITAL ENERGY LLC,SPAD-1910225,,Trash,no_hvac_signal
FPPD,260224,FPPD-260224,https://apps-secure.phoenix.gov/PDD/Search/PermitDetails?permitNum=FPPD-260224,FPPD-260224,3410 S 51ST AVE,PHOENIX,2/10/2026 4:08:48 PM,Commercial,0.00,JOHNSON CONTROLS INC.,,,Trash,no_hvac_signal
FPPD,260224,FPPD-260224,https://apps-secure.phoenix.gov/PDD/Search/PermitDetails?permitNum=FPPD-260224,FPPD-260224,3410 S 51ST AVE,PHOENIX,2/10/2026 4:08:48 PM,Commercial,0.00,JOHNSON CONTROLS INC.,,,Trash,no_hvac_signal
DEM,26002177,DEM-26002177,https://apps-secure.phoenix.gov/PDD/Search/PermitDetails?permitNum=DEM-26002177,DEM-26002177,1312 GRAND AVE,PHOENIX,2/10/2026 4:06:35 PM,Commercial,5000.00,AMERICAN WOLF CONSTRUCTION LLC,SPAD-0310385,,Trash,no_hvac_signal
RPV,26002175,RPV-26002175,https://apps-secure.phoenix.gov/PDD/Search/PermitDetails?permitNum=RPV-26002175,RPV-26002175,4626 E BRILLIANT SKY DR,PHOENIX,2/10/2026 3:59:06 PM,Commercial,18450.00,CAPITAL ENERGY LLC,SPAD-0102670,,Trash,no_hvac_signal
F227,2600537,F227-2600537,https://apps-secure.phoenix.gov/PDD/Search/PermitDetails?permitNum=F227-2600537,F227-2600537,22605 N 32ND ST,PHOENIX,2/10/2026 3:56:19 PM,Commercial,0.00,SUNSOLAR SOLUTIONS INC,SPAD-1900412,,Trash,no_hvac_signal
FPPD,260223,FPPD-260223,https://apps-secure.phoenix.gov/PDD/Search/PermitDetails?permitNum=FPPD-260223,FPPD-260223,2221 W GRANADA RD,PHOENIX,2/10/2026 3:51:28 PM,Commercial,0.00,TO BE BID,,,Trash,no_hvac_signal
FPPD,260222,FPPD-260222,https://apps-secure.phoenix.gov/PDD/Search/PermitDetails?permitNum=FPPD-260222,FPPD-260222,4630 N 23RD AVE,PHOENIX,2/10/2026 3:42:21 PM,Commercial,0.00,HAWK BUILDERS LLC,,,Trash,no_hvac_signal
RPV,26002172,RPV-26002172,https://apps-secure.phoenix.gov/PDD/Search/PermitDetails?permitNum=RPV-26002172,RPV-26002172,2918 W MALDONADO RD,PHOENIX,2/10/2026 3:41:42 PM,Commercial,31481.90,EARTHLING SOLAR LLC,SPAD-0219179,,Trash,negative=solar(?: pv)?
F193,2600536,F193-2600536,https://apps-secure.phoenix.gov/PDD/Search/PermitDetails?permitNum=F193-2600536,F193-2600536,2918 W MALDONADO RD,PHOENIX,2/10/2026 3:41:42 PM,Commercial,0.00,EARTHLING SOLAR LLC,SPAD-0219179,,Trash,negative=solar(?: pv)?
LPCO,2600768,LPCO-2600768,https://apps-secure.phoenix.gov/PDD/Search/PermitDetails?permitNum=LPCO-2600768,LPCO-2600768,1209 GRAND AVE,PHOENIX,2/10/2026 3:25:56 PM,Commercial,25307.00,TO BE BID,SPAD-0407257,,Trash,no_hvac_signal
CSW,26002171,CSW-26002171,https://apps-secure.phoenix.gov/PDD/Search/PermitDetails?permitNum=CSW-26002171,CSW-26002171,,PHOENIX,2/10/2026 3:22:50 PM,Commercial,0.00,EARTHWORKS ENVIRONMENTAL LLC,CPSW-2401315,,Trash,no_hvac_signal
BLSC,26002170,BLSC-26002170,https://apps-secure.phoenix.gov/PDD/Search/PermitDetails?permitNum=BLSC-26002170,BLSC-26002170,3633 E THUNDERBIRD RD,PHOENIX,2/10/2026 3:14:54 PM,Commercial,1232581.00,CHASSE BUILDING TEAM INC,LPSC-2600410,,Trash,no_hvac_signal
BLSC,26002170,BLSC-26002170,https://apps-secure.phoenix.gov/PDD/Search/PermitDetails?permitNum=BLSC-26002170,BLSC-26002170,3633 E THUNDERBIRD RD,PHOENIX,2/10/2026 3:14:54 PM,Commercial,1232581.00,CHASSE BUILDING TEAM INC,LPSC-2600410,,Trash,no_hvac_signal
CGD,26002166,CGD-26002166,https://apps-secure.phoenix.gov/PDD/Search/PermitDetails?permitNum=CGD-26002166,CGD-26002166,2900 E RANGE MULE DR,PHOENIX,2/10/2026 3:14:47 PM,Commercial,0.00,"RUMMEL CONSTRUCTION , INC.",CPGD-2401652,,Trash,no_hvac_signal
CDF,26002167,CDF-26002167,https://apps-secure.phoenix.gov/PDD/Search/PermitDetails?permitNum=CDF-26002167,CDF-26002167,2900 E RANGE MULE DR,PHOENIX,2/10/2026 3:14:47 PM,Commercial,0.00,"RUMMEL CONSTRUCTION , INC.",CPGD-2401652,,Trash,no_hvac_signal
CGD,26002168,CGD-26002168,https://apps-secure.phoenix.gov/PDD/Search/PermitDetails?permitNum=CGD-26002168,CGD-26002168,,PHOENIX,2/10/2026 3:14:47 PM,Commercial,0.00,"RUMMEL CONSTRUCTION , INC.",CPHG-2402240,,Trash,no_hvac_signal
CSW,26002169,CSW-26002169,https://apps-secure.phoenix.gov/PDD/Search/PermitDetails?permitNum=CSW-26002169,CSW-26002169,,PHOENIX,2/10/2026 3:14:47 PM,Commercial,0.00,EARTHWORKS ENVIRONMENTAL LLC,CPSW-2401651,,Trash,no_hvac_signal
F800,2600535,F800-2600535,https://apps-secure.phoenix.gov/PDD/Search/PermitDetails?permitNum=F800-2600535,F800-2600535,4422 E SPUR DR,PHOENIX,2/10/2026 3:14:34 PM,Commercial,0.00,CAPITAL ENERGY LLC,SPAD-0504716,,Trash,no_hvac_signal
BLSC,26002165,BLSC-26002165,https://apps-secure.phoenix.gov/PDD/Search/PermitDetails?permitNum=BLSC-26002165,BLSC-26002165,3633 E THUNDERBIRD RD,PHOENIX,2/10/2026 3:13:37 PM,Commercial,3966326.00,CHASSE BUILDING TEAM INC,LPSC-2600410,,Trash,no_hvac_signal
BLSC,26002165,BLSC-26002165,https://apps-secure.phoenix.gov/PDD/Search/PermitDetails?permitNum=BLSC-26002165,BLSC-26002165,3633 E THUNDERBIRD RD,PHOENIX,2/10/2026 3:13:37 PM,Commercial,3966326.00,CHASSE BUILDING TEAM INC,LPSC-2600410,,Trash,no_hvac_signal
OS,26002164,OS-26002164,https://apps-secure.phoenix.gov/PDD/Search/PermitDetails?permitNum=OS-26002164,OS-26002164,1501 E ORANGEWOOD AVE,PHOENIX,2/10/2026 3:12:38 PM,Commercial,1000.00,A S A P DOOR REPAIR AND SERVICE INC,SPAD-0715725,,Trash,no_hvac_signal
BLSC,26002163,BLSC-26002163,https://apps-secure.phoenix.gov/PDD/Search/PermitDetails?permitNum=BLSC-26002163,BLSC-26002163,3633 E THUNDERBIRD RD,PHOENIX,2/10/2026 3:11:54 PM,Commercial,15927464.00,CHASSE BUILDING TEAM INC,LPSC-2600410,,Trash,no_hvac_signal
BLSC,26002163,BLSC-26002163,https://apps-secure.phoenix.gov/PDD/Search/PermitDetails?permitNum=BLSC-26002163,BLSC-26002163,3633 E THUNDERBIRD RD,PHOENIX,2/10/2026 3:11:54 PM,Commercial,15927464.00,CHASSE BUILDING TEAM INC,LPSC-2600410,,Trash,no_hvac_signal
LSCA,2600410,LSCA-2600410,https://apps-secure.phoenix.gov/PDD/Search/PermitDetails?permitNum=LSCA-2600410,LSCA-2600410,3633 E THUNDERBIRD RD,PHOENIX,2/10/2026 3:10:11 PM,Commercial,0.00,CHASSE BUILDING TEAM INC,LPSC-2600410,,Trash,no_hvac_signal
RPV,26002162,RPV-26002162,https://apps-secure.phoenix.gov/PDD/Search/PermitDetails?permitNum=RPV-26002162,RPV-26002162,4758 E AHWATUKEE DR,PHOENIX,2/10/2026 3:01:34 PM,Commercial,29555.62,EARTHLING SOLAR LLC,SPAD-2600162,,Trash,negative=solar(?: pv)?
F193,2600534,F193-2600534,https://apps-secure.phoenix.gov/PDD/Search/PermitDetails?permitNum=F193-2600534,F193-2600534,4758 E AHWATUKEE DR,PHOENIX,2/10/2026 3:01:34 PM,Commercial,0.00,EARTHLING SOLAR LLC,SPAD-2600162,,Trash,negative=solar(?: pv)?
RPV,26002161,RPV-26002161,https://apps-secure.phoenix.gov/PDD/Search/PermitDetails?permitNum=RPV-26002161,RPV-26002161,4422 E SPUR DR,PHOENIX,2/10/2026 2:57:20 PM,Commercial,33854.00,CAPITAL ENERGY LLC,SPAD-0504716,,Trash,no_hvac_signal
RPV,26002160,RPV-26002160,https://apps-secure.phoenix.gov/PDD/Search/PermitDetails?permitNum=RPV-26002160,RPV-26002160,3118 W DONATELLO DR,PHOENIX,2/10/2026 2:45:12 PM,Commercial,26166.50,CAPITAL ENERGY LLC,SPAD-0114087,,Trash,no_hvac_signal
FPPD,260221,FPPD-260221,https://apps-secure.phoenix.gov/PDD/Search/PermitDetails?permitNum=FPPD-260221,FPPD-260221,3410 S 51ST AVE,PHOENIX,2/10/2026 2:34:58 PM,Commercial,0.00,JOHNSON CONTROLS INC.,,,Trash,no_hvac_signal
FPPD,260221,FPPD-260221,https://apps-secure.phoenix.gov/PDD/Search/PermitDetails?permitNum=FPPD-260221,FPPD-260221,3410 S 51ST AVE,PHOENIX,2/10/2026 2:34:58 PM,Commercial,0.00,JOHNSON CONTROLS INC.,,,Trash,no_hvac_signal
OE,26002159,OE-26002159,https://apps-secure.phoenix.gov/PDD/Search/PermitDetails?permitNum=OE-26002159,OE-26002159,1130 E GROVERS AVE,PHOENIX,2/10/2026 2:34:33 PM,Commercial,1000.00,TEPCON CONSTRUCTION INC,SPAD-2600176,,Trash,no_hvac_signal
DEM,26002158,DEM-26002158,https://apps-secure.phoenix.gov/PDD/Search/PermitDetails?permitNum=DEM-26002158,DEM-26002158,7000 E MAYO BLVD,PHOENIX,2/10/2026 2:25:16 PM,Commercial,84000.00,DESERT MOUNTAIN DEMOLITION LLC,SPAD-2503686,,Trash,no_hvac_signal
CSIT,26002157,CSIT-26002157,https://apps-secure.phoenix.gov/PDD/Search/PermitDetails?permitNum=CSIT-26002157,CSIT-26002157,6700 W LATHAM ST,PHOENIX,2/10/2026 1:55:13 PM,Commercial,0.00,TO BE BID,AMND-98-7451A6,,Trash,no_hvac_signal
LPBI,2600763,LPBI-2600763,https://apps-secure.phoenix.gov/PDD/Search/PermitDetails?permitNum=LPBI-2600763,LPBI-2600763,5136 N 31ST PL 638,PHOENIX,2/10/2026 1:48:21 PM,Commercial,12399.00,REBATH LLC,,,Trash,no_hvac_signal
F824,2600532,F824-2600532,https://apps-secure.phoenix.gov/PDD/Search/PermitDetails?permitNum=F824-2600532,F824-2600532,6186 N 29TH PL,PHOENIX,2/10/2026 1:48:09 PM,Commercial,0.00,PROPANE SERVICES LLC,SPAD-2204307,,Trash,no_hvac_signal
LPRM,2600762,LPRM-2600762,https://apps-secure.phoenix.gov/PDD/Search/PermitDetails?permitNum=LPRM-2600762,LPRM-2600762,4525 N 43RD AVE,PHOENIX,2/10/2026 1:47:57 PM,Commercial,475000.00,TO BE BID,,,Trash,no_hvac_signal
F159,26002156,F159-26002156,https://apps-secure.phoenix.gov/PDD/Search/PermitDetails?permitNum=F159-26002156,F159-26002156,3715 N 31ST ST 14,PHOENIX,2/10/2026 1:46:20 PM,Commercial,0.00,HIGH COUNTRY FIRE PROTECTION INC,FPPD-252209,,Trash,negative=fire
LPRM,2600761,LPRM-2600761,https://apps-secure.phoenix.gov/PDD/Search/PermitDetails?permitNum=LPRM-2600761,LPRM-2600761,3144 E THOMAS RD,PHOENIX,2/10/2026 1:39:13 PM,Commercial,66663.70,RENAISSANCE COMPANIES,,,Trash,no_hvac_signal
LPSG,260135,LPSG-260135,https://apps-secure.phoenix.gov/PDD/Search/PermitDetails?permitNum=LPSG-260135,LPSG-260135,3118 W VAN BUREN ST,PHOENIX,2/10/2026 1:34:25 PM,Residential,1900.00,OWNER,,,Trash,no_hvac_signal
LPRM,2600760,LPRM-2600760,https://apps-secure.phoenix.gov/PDD/Search/PermitDetails?permitNum=LPRM-2600760,LPRM-2600760,16875 S 20TH DR,PHOENIX,2/10/2026 1:31:49 PM,Commercial,250000.00,RED ROCK CONTRACTORS,,,Trash,no_hvac_signal
RPDR,2600759,RPDR-2600759,https://apps-secure.phoenix.gov/PDD/Search/PermitDetails?permitNum=RPDR-2600759,RPDR-2600759,4610 E CALLE VENTURA,PHOENIX,2/10/2026 1:24:14 PM,Residential,0.00,TO BE BID,,,Trash,no_hvac_signal
F162,2600531,F162-2600531,https://apps-secure.phoenix.gov/PDD/Search/PermitDetails?permitNum=F162-2600531,F162-2600531,308 N 2ND AVE,PHOENIX,2/10/2026 1:23:05 PM,Commercial,0.00,OWNER,SPAD-0614606,,Trash,no_hvac_signal
LPSG,260134,LPSG-260134,https://apps-secure.phoenix.gov/PDD/Search/PermitDetails?permitNum=LPSG-260134,LPSG-260134,3421 W THUNDERBIRD RD,PHOENIX,2/10/2026 1:20:25 PM,Commercial,0.00,BOOTZ & DUKE SIGN COMPANY,,,Trash,negative=sign
FPPD,260220,FPPD-260220,https://apps-secure.phoenix.gov/PDD/Search/PermitDetails?permitNum=FPPD-260220,FPPD-260220,330 S 75TH AVE,PHOENIX,2/10/2026 1:19:31 PM,Commercial,0.00,API GROUP LIFE SAFETY USA LLC,,,Trash,no_hvac_signal
BLD,26002155,BLD-26002155,https://apps-secure.phoenix.gov/PDD/Search/PermitDetails?permitNum=BLD-26002155,BLD-26002155,20333 N 19TH AVE,PHOENIX,2/10/2026 1:12:28 PM,Commercial,180000.00,DENCO DENTAL CONSTRUCTION INC,LPBI-2600738,,Trash,no_hvac_signal
F802,26002154,F802-26002154,https://apps-secure.phoenix.gov/PDD/Search/PermitDetails?permitNum=F802-26002154,F802-26002154,3121 N 3RD AVE,PHOENIX,2/10/2026 1:08:57 PM,Commercial,0.00,SUMMIT FIRE PROTECTION CO,,,Trash,negative=fire
LPBI,2600758,LPBI-2600758,https://apps-secure.phoenix.gov/PDD/Search/PermitDetails?permitNum=LPBI-2600758,LPBI-2600758,310 W VAN BUREN ST,PHOENIX,2/10/2026 1:06:20 PM,Commercial,19500.00,ITSA CONTRACTING LLC,,,Trash,no_hvac_signal
DSAP,26026,DSAP-26026,https://apps-secure.phoenix.gov/PDD/Search/PermitDetails?permitNum=DSAP-26026,DSAP-26026,4700 S 44TH PL,PHOENIX,2/10/2026 12:54:46 PM,Commercial,0.00,TO BE BID,,,Trash,no_hvac_signal
F194,2600530,F194-2600530,https://apps-secure.phoenix.gov/PDD/Search/PermitDetails?permitNum=F194-2600530,F194-2600530,4710 W CULPEPPER DR,PHOENIX,2/10/2026 12:37:34 PM,Commercial,0.00,SOLAR OPTIMUM INC.,FPPR-260045,,Trash,negative=solar(?: pv)?
LPRM,2600757,LPRM-2600757,https://apps-secure.phoenix.gov/PDD/Search/PermitDetails?permitNum=LPRM-2600757,LPRM-2600757,1939 E COPPER SPRINGS RD,PHOENIX,2/10/2026 12:34:08 PM,Commercial,5000.00,GOTHIC LANDSCAPING INC,,,Trash,no_hvac_signal
DEM,26002150,DEM-26002150,https://apps-secure.phoenix.gov/PDD/Search/PermitDetails?permitNum=DEM-26002150,DEM-26002150,13637 N TATUM BLVD,PHOENIX,2/10/2026 12:25:36 PM,Commercial,26600.00,G4 BUILDERS LLC,SPAD-0320783,,Trash,no_hvac_signal
RPV,26002149,RPV-26002149,https://apps-secure.phoenix.gov/PDD/Search/PermitDetails?permitNum=RPV-26002149,RPV-26002149,4812 E DALEY LN,PHOENIX,2/10/2026 12:23:06 PM,Commercial,52000.00,SOLAR OPTIMUM INC.,SPAD-1403267,,Trash,negative=solar(?: pv)?
LPRM,2600756,LPRM-2600756,https://apps-secure.phoenix.gov/PDD/Search/PermitDetails?permitNum=LPRM-2600756,LPRM-2600756,819 E BUCKEYE RD,PHOENIX,2/10/2026 12:21:56 PM,Commercial,138821.00,SOLAR ELECTRIC FREEDOM LLC,,,Trash,negative=solar(?: pv)?
LPRR,2600755,LPRR-2600755,https://apps-secure.phoenix.gov/PDD/Search/PermitDetails?permitNum=LPRR-2600755,LPRR-2600755,19001 N 27TH AVE,PHOENIX,2/10/2026 12:20:54 PM,Commercial,887397.00,TO BE BID,,,Trash,no_hvac_signal
WSHM,26002148,WSHM-26002148,https://apps-secure.phoenix.gov/PDD/Search/PermitDetails?permitNum=WSHM-26002148,WSHM-26002148,34630 N NORTH VALLEY PKWY,PHOENIX,2/10/2026 12:17:14 PM,Commercial,0.00,"YOUNG, SWENSON & CROSS PAVING INC.",SPAD-2402826,,Trash,no_hvac_signal
F209,2600529,F209-2600529,https://apps-secure.phoenix.gov/PDD/Search/PermitDetails?permitNum=F209-2600529,F209-2600529,4143 N 43RD ST,PHOENIX,2/10/2026 12:05:52 PM,Commercial,0.00,APOLLO SOLAR LLC,FPPR-260012,,Trash,negative=solar(?: pv)?
WSSD,26002147,WSSD-26002147,https://apps-secure.phoenix.gov/PDD/Search/PermitDetails?permitNum=WSSD-26002147,WSSD-26002147,2575 E CAMELBACK RD,PHOENIX,2/10/2026 12:05:26 PM,Commercial,0.00,HILLER COMPANIES INC (THE),SPAD-0013123,,Trash,no_hvac_signal
FPPD,260219,FPPD-260219,https://apps-secure.phoenix.gov/PDD/Search/PermitDetails?permitNum=FPPD-260219,FPPD-260219,3075 W DOVE VALLEY RD,PHOENIX,2/10/2026 12:01:48 PM,Commercial,0.00,ARIZONA FIRE SYSTEMS SPECIALISTS LLC,,,Trash,negative=fire
PME,26002146,PME-26002146,https://apps-secure.phoenix.gov/PDD/Search/PermitDetails?permitNum=PME-26002146,PME-26002146,32200 N 43RD AVE,PHOENIX,2/10/2026 11:55:22 AM,Commercial,80375775.00,UNITED INTEGRATED SERVICES (USA) CORP,PHAS-2109912-44,,Trash,no_hvac_signal
PME,26002146,PME-26002146,https://apps-secure.phoenix.gov/PDD/Search/PermitDetails?permitNum=PME-26002146,PME-26002146,32200 N 43RD AVE,PHOENIX,2/10/2026 11:55:22 AM,Commercial,80375775.00,UNITED INTEGRATED SERVICES (USA) CORP,PHAS-2109912-44,,Trash,no_hvac_signal
WSHM,26002143,WSHM-26002143,https://apps-secure.phoenix.gov/PDD/Search/PermitDetails?permitNum=WSHM-26002143,WSHM-26002143,3615 S 28TH ST,PHOENIX,2/10/2026 11:47:27 AM,Commercial,0.00,TORRENT RESOURCES INCORPORATED,SDEV-0400412,,Trash,no_hvac_signal
F129,26002140,F129-26002140,https://apps-secure.phoenix.gov/PDD/Search/PermitDetails?permitNum=F129-26002140,F129-26002140,8825 S 7TH ST,PHOENIX,2/10/2026 11:43:33 AM,Commercial,0.00,INTELLIGRATED COMMUNICATIONS INC,FPPD-260145,,Trash,no_hvac_signal
RPV,26002139,RPV-26002139,https://apps-secure.phoenix.gov/PDD/Search/PermitDetails?permitNum=RPV-26002139,RPV-26002139,8832 N 30TH AVE,PHOENIX,2/10/2026 11:37:53 AM,Commercial,1.00,POSITIVE SYNERGY LLC,,,Trash,no_hvac_signal
F129,26002138,F129-26002138,https://apps-secure.phoenix.gov/PDD/Search/PermitDetails?permitNum=F129-26002138,F129-26002138,6909 E GREENWAY PKWY,PHOENIX,2/10/2026 11:29:27 AM,Commercial,0.00,GREENWAY GLOBAL CORPORATION,FPPD-252636,,Trash,no_hvac_signal
CSE,26002137,CSE-26002137,https://apps-secure.phoenix.gov/PDD/Search/PermitDetails?permitNum=CSE-26002137,CSE-26002137,1500 N CENTRAL AVE,PHOENIX,2/10/2026 11:17:59 AM,Commercial,0.00,MIDWEST CONTRACTING INC,CPSE-2501476,,Trash,no_hvac_signal
WSFT,26002136,WSFT-26002136,https://apps-secure.phoenix.gov/PDD/Search/PermitDetails?permitNum=WSFT-26002136,WSFT-26002136,2860 W PEORIA AVE,PHOENIX,2/10/2026 10:58:53 AM,Commercial,0.00,EJ FLOW TEST LLC,SDEV-2400161,,Trash,no_hvac_signal
WSIC,26002135,WSIC-26002135,https://apps-secure.phoenix.gov/PDD/Search/PermitDetails?permitNum=WSIC-26002135,WSIC-26002135,10201 S CENTRAL AVE,PHOENIX,2/10/2026 10:58:22 AM,Commercial,0.00,CITY OF PHOENIX PARKS AND RECREATION,SDEV-2600008,,Trash,no_hvac_signal
SE,26002134,SE-26002134,https://apps-secure.phoenix.gov/PDD/Search/PermitDetails?permitNum=SE-26002134,SE-26002134,9850 S 65TH AVE,PHOENIX,2/10/2026 10:57:02 AM,Commercial,2677500.00,REGATTA DEVELOPMENT INC.,LPRM-2504572,,Trash,no_hvac_signal
LPRM,2600753,LPRM-2600753,https://apps-secure.phoenix.gov/PDD/Search/PermitDetails?permitNum=LPRM-2600753,LPRM-2600753,8365 W CAMELBACK RD,PHOENIX,2/10/2026 10:51:32 AM,Commercial,35500.00,PM COMMUNICATIONS LLC,,,Trash,no_hvac_signal
LPRM,2600752,LPRM-2600752,https://apps-secure.phoenix.gov/PDD/Search/PermitDetails?permitNum=LPRM-2600752,LPRM-2600752,528 W BASELINE RD,PHOENIX,2/10/2026 10:45:01 AM,Commercial,35500.00,PM COMMUNICATIONS LLC,,,Trash,no_hvac_signal
F809,26002132,F809-26002132,https://apps-secure.phoenix.gov/PDD/Search/PermitDetails?permitNum=F809-26002132,F809-26002132,3011 E BROADWAY RD,PHOENIX,2/10/2026 10:43:30 AM,Commercial,0.00,SUMMIT FIRE PROTECTION CO,,,Trash,negative=fire
DSAP,26025,DSAP-26025,https://apps-secure.phoenix.gov/PDD/Search/PermitDetails?permitNum=DSAP-26025,DSAP-26025,3550 S 39TH AVE,PHOENIX,2/10/2026 10:42:54 AM,Commercial,0.00,TO BE BID,,,Trash,no_hvac_signal
LPSG,260133,LPSG-260133,https://apps-secure.phoenix.gov/PDD/Search/PermitDetails?permitNum=LPSG-260133,LPSG-260133,3502 W BELL RD,PHOENIX,2/10/2026 10:42:14 AM,Residential,6500.00,GLOBAL SIGN WORKS G S W L L C,,,Trash,negative=sign
LPSG,260132,LPSG-260132,https://apps-secure.phoenix.gov/PDD/Search/PermitDetails?permitNum=LPSG-260132,LPSG-260132,2745 W CAREFREE HWY,PHOENIX,2/10/2026 10:41:14 AM,Commercial,0.00,ASSOCIATED SIGN COMPANY,,,Trash,negative=sign
OSME,26002131,OSME-26002131,https://apps-secure.phoenix.gov/PDD/Search/PermitDetails?permitNum=OSME-26002131,OSME-26002131,4469 E PUEBLO AVE,PHOENIX,2/10/2026 10:22:39 AM,Commercial,13600.00,ALL ABOUT FAMILY HOME SERVICES LLC,,,Trash,no_hvac_signal
PLMB,26002130,PLMB-26002130,https://apps-secure.phoenix.gov/PDD/Search/PermitDetails?permitNum=PLMB-26002130,PLMB-26002130,2401 W INDIAN SCHOOL RD,PHOENIX,2/10/2026 10:18:16 AM,Commercial,10300.00,BAJA UNDERGROUND LLC,LPRM-2506202,,Trash,no_hvac_signal
LPRR,2600750,LPRR-2600750,https://apps-secure.phoenix.gov/PDD/Search/PermitDetails?permitNum=LPRR-2600750,LPRR-2600750,21001 N TATUM BLVD,PHOENIX,2/10/2026 10:15:52 AM,Commercial,403093.20,TO BE BID,,,Trash,no_hvac_signal
F105,26002129,F105-26002129,https://apps-secure.phoenix.gov/PDD/Search/PermitDetails?permitNum=F105-26002129,F105-26002129,300 W CLARENDON AVE,PHOENIX,2/10/2026 10:13:48 AM,Commercial,0.00,RCI SYSTEMS INC,FPPX-260158,,Trash,no_hvac_signal
CUT,26002128,CUT-26002128,https://apps-secure.phoenix.gov/PDD/Search/PermitDetails?permitNum=CUT-26002128,CUT-26002128,3839 S 12TH ST,PHOENIX,2/10/2026 9:52:41 AM,Commercial,0.00,RUBICON COMPANIES LLC,SDEV-2600001,,Trash,no_hvac_signal
RPV,26002127,RPV-26002127,https://apps-secure.phoenix.gov/PDD/Search/PermitDetails?permitNum=RPV-26002127,RPV-26002127,2051 E BURGESS LN,PHOENIX,2/10/2026 9:50:11 AM,Commercial,46841.00,POSITIVE SYNERGY LLC,SPAD-0309823,,Trash,no_hvac_signal
F129,26002126,F129-26002126,https://apps-secure.phoenix.gov/PDD/Search/PermitDetails?permitNum=F129-26002126,F129-26002126,2800 N CENTRAL AVE,PHOENIX,2/10/2026 9:45:38 AM,Residential,0.00,SUMMIT FIRE PROTECTION CO,FPPD-252717,,Trash,negative=fire
RPV,26002124,RPV-26002124,https://apps-secure.phoenix.gov/PDD/Search/PermitDetails?permitNum=RPV-26002124,RPV-26002124,4510 N 29TH AVE,PHOENIX,2/10/2026 9:40:30 AM,Commercial,15795.00,BRIGHT HOME INSTALLATIONS LLC,SPAD-2600144,,Trash,no_hvac_signal
CPST,2600746,CPST-2600746,https://apps-secure.phoenix.gov/PDD/Search/PermitDetails?permitNum=CPST-2600746,CPST-2600746,2825 W DOVE VALLEY RD,PHOENIX,2/10/2026 9:32:45 AM,Commercial,0.00,TO BE BID,,,Trash,no_hvac_signal
FPPD,260218,FPPD-260218,https://apps-secure.phoenix.gov/PDD/Search/PermitDetails?permitNum=FPPD-260218,FPPD-260218,32200 N 43RD AVE,PHOENIX,2/10/2026 9:21:53 AM,Commercial,0.00,FIRETROL PROTECTION SYSTEMS INC,,,Trash,no_hvac_signal
FPPD,260218,FPPD-260218,https://apps-secure.phoenix.gov/PDD/Search/PermitDetails?permitNum=FPPD-260218,FPPD-260218,32200 N 43RD AVE,PHOENIX,2/10/2026 9:21:53 AM,Commercial,0.00,FIRETROL PROTECTION SYSTEMS INC,,,Trash,no_hvac_signal
F824,2600524,F824-2600524,https://apps-secure.phoenix.gov/PDD/Search/PermitDetails?permitNum=F824-2600524,F824-2600524,4601 E SHANGRI LA RD,PHOENIX,2/10/2026 9:20:08 AM,Commercial,0.00,CANYON STATE PROPANE LLC,SPAD-0704704,,Trash,no_hvac_signal
LSIS,2600744,LSIS-2600744,https://apps-secure.phoenix.gov/PDD/Search/PermitDetails?permitNum=LSIS-2600744,LSIS-2600744,4507 N 45TH AVE,PHOENIX,2/10/2026 9:13:53 AM,Commercial,0.00,TO BE BID,,,Trash,no_hvac_signal
CUT,26002121,CUT-26002121,https://apps-secure.phoenix.gov/PDD/Search/PermitDetails?permitNum=CUT-26002121,CUT-26002121,2323 W ROSE GARDEN LN,PHOENIX,2/10/2026 9:10:20 AM,Commercial,0.00,GREENTECH SERVICES LLC,CPST-2406697,,Trash,no_hvac_signal
CUT,26002120,CUT-26002120,https://apps-secure.phoenix.gov/PDD/Search/PermitDetails?permitNum=CUT-26002120,CUT-26002120,4480 E SUNSET DR,PHOENIX,2/10/2026 9:07:00 AM,Commercial,0.00,SHAFFER UNDERGROUND LLC,SDEV-2600001,,Trash,no_hvac_signal
FPPD,260217,FPPD-260217,https://apps-secure.phoenix.gov/PDD/Search/PermitDetails?permitNum=FPPD-260217,FPPD-260217,2121 N 83RD AVE,PHOENIX,2/10/2026 9:02:16 AM,Commercial,0.00,HILLER COMPANIES INC (THE),,,Trash,no_hvac_signal
F875,26002119,F875-26002119,https://apps-secure.phoenix.gov/PDD/Search/PermitDetails?permitNum=F875-26002119,F875-26002119,333 N CENTRAL AVE,PHOENIX,2/10/2026 9:01:02 AM,Commercial,0.00,HILLER COMPANIES INC (THE),,,Trash,no_hvac_signal
DSAP,26024,DSAP-26024,https://apps-secure.phoenix.gov/PDD/Search/PermitDetails?permitNum=DSAP-26024,DSAP-26024,550 E LINCOLN ST,PHOENIX,2/10/2026 8:56:26 AM,Commercial,0.00,TO BE BID,,,Trash,no_hvac_signal
F800,2600522,F800-2600522,https://apps-secure.phoenix.gov/PDD/Search/PermitDetails?permitNum=F800-2600522,F800-2600522,2845 E PIUTE AVE,PHOENIX,2/10/2026 8:54:39 AM,Commercial,0.00,INTY SOLAR LLC,SPAD-2401272,,Trash,negative=solar(?: pv)?
F800,2600521,F800-2600521,https://apps-secure.phoenix.gov/PDD/Search/PermitDetails?permitNum=F800-2600521,F800-2600521,5346 W SWEET PEA TER,PHOENIX,2/10/2026 8:29:43 AM,Commercial,0.00,ONEWORLDENERGY LLC,SPAD-2600157,,Trash,no_hvac_signal
F159,26002113,F159-26002113,https://apps-secure.phoenix.gov/PDD/Search/PermitDetails?permitNum=F159-26002113,F159-26002113,5110 N ASCENT DR,PHOENIX,2/10/2026 8:23:19 AM,Commercial,0.00,SUNSTATE FIRE PROTECTION INC,FPPD-260098,,Trash,negative=fire
RPV,26002112,RPV-26002112,https://apps-secure.phoenix.gov/PDD/Search/PermitDetails?permitNum=RPV-26002112,RPV-26002112,5346 W SWEET PEA TER,PHOENIX,2/10/2026 8:22:28 AM,Commercial,23370.00,ONEWORLDENERGY LLC,SPAD-2600157,,Trash,no_hvac_signal
F159,26002111,F159-26002111,https://apps-secure.phoenix.gov/PDD/Search/PermitDetails?permitNum=F159-26002111,F159-26002111,12215 N 62ND PL,PHOENIX,2/10/2026 8:14:57 AM,Commercial,0.00,DEW S FIRE PROTECTION INC,FPPD-260130,,Trash,negative=fire
WSHM,26002110,WSHM-26002110,https://apps-secure.phoenix.gov/PDD/Search/PermitDetails?permitNum=WSHM-26002110,WSHM-26002110,2828 W THUNDERBIRD RD,PHOENIX,2/10/2026 8:09:57 AM,Commercial,0.00,CRIMSON COMMERCIAL LLC,CCPH-2500269,,Trash,no_hvac_signal
LPRR,2600742,LPRR-2600742,https://apps-secure.phoenix.gov/PDD/Search/PermitDetails?permitNum=LPRR-2600742,LPRR-2600742,2050 S 35TH AVE,PHOENIX,2/10/2026 3:16:18 AM,Commercial,500000.00,TO BE BID,,,Trash,no_hvac_signal
SGNP,215087,SGNP-215087,https://apps-secure.phoenix.gov/PDD/Search/PermitDetails?permitNum=SGNP-215087,SGNP-215087,1919 E CAMELBACK RD,PHOENIX,2/10/2026 12:00:00 AM,Commercial,0.00,SIGN A RAMA,LPSG-260010,,Trash,negative=sign
CPA,26002114,CPA-26002114,https://apps-secure.phoenix.gov/PDD/Search/PermitDetails?permitNum=CPA-26002114,CPA-26002114,1500 N CENTRAL AVE,PHOENIX,2/10/2026 12:00:00 AM,Commercial,0.00,MIDWEST CONTRACTING INC,CPGD-2501384,,Trash,no_hvac_signal
CPR,26002115,CPR-26002115,https://apps-secure.phoenix.gov/PDD/Search/PermitDetails?permitNum=CPR-26002115,CPR-26002115,1500 N CENTRAL AVE,PHOENIX,2/10/2026 12:00:00 AM,Commercial,0.00,MIDWEST CONTRACTING INC,CPGD-2501384,,Trash,no_hvac_signal
CSE,26002116,CSE-26002116,https://apps-secure.phoenix.gov/PDD/Search/PermitDetails?permitNum=CSE-26002116,CSE-26002116,1500 N CENTRAL AVE,PHOENIX,2/10/2026 12:00:00 AM,Commercial,0.00,MIDWEST CONTRACTING INC,CPSE-2501263,,Trash,no_hvac_signal
CPA,26002117,CPA-26002117,https://apps-secure.phoenix.gov/PDD/Search/PermitDetails?permitNum=CPA-26002117,CPA-26002117,1500 N CENTRAL AVE,PHOENIX,2/10/2026 12:00:00 AM,Commercial,0.00,MIDWEST CONTRACTING INC,CPSE-2501263,,Trash,no_hvac_signal
CLT,26002152,CLT-26002152,https://apps-secure.phoenix.gov/PDD/Search/PermitDetails?permitNum=CLT-26002152,CLT-26002152,325 E MORELAND ST,PHOENIX,2/10/2026 12:00:00 AM,Commercial,0.00,X CONTRACTING LLC,CCPH-2100288,,Trash,no_hvac_signal
CLT,26002153,CLT-26002153,https://apps-secure.phoenix.gov/PDD/Search/PermitDetails?permitNum=CLT-26002153,CLT-26002153,325 E MORELAND ST,PHOENIX,2/10/2026 12:00:00 AM,Commercial,0.00,X CONTRACTING LLC,CCPH-2100288,,Trash,no_hvac_signal
F171,2600516,F171-2600516,https://apps-secure.phoenix.gov/PDD/Search/PermitDetails?permitNum=F171-2600516,F171-2600516,,PHOENIX,2/9/2026 5:19:31 PM,Commercial,0.00,CORPORATE TECHNOLOGY SOLUTIONS INC,SPAD-2300297,,Trash,no_hvac_signal
BLD,26002107,BLD-26002107,https://apps-secure.phoenix.gov/PDD/Search/PermitDetails?permitNum=BLD-26002107,BLD-26002107,415 E GRANT ST,PHOENIX,2/9/2026 5:13:37 PM,Commercial,196599.60,REVIVAL CONSTRUCTION LLC,LPRR-2504513,,Trash,no_hvac_signal
FPPD,260216,FPPD-260216,https://apps-secure.phoenix.gov/PDD/Search/PermitDetails?permitNum=FPPD-260216,FPPD-260216,9350 W THOMAS RD,PHOENIX,2/9/2026 4:45:46 PM,Commercial,0.00,ROGERS FIRE SPRINKLERS LLC,,,Trash,negative=fire
PAPP,2600741,PAPP-2600741,https://apps-secure.phoenix.gov/PDD/Search/PermitDetails?permitNum=PAPP-2600741,PAPP-2600741,,PHOENIX,2/9/2026 4:43:29 PM,Residential,0.00,TO BE BID,,,Trash,no_hvac_signal
FPPD,260215,FPPD-260215,https://apps-secure.phoenix.gov/PDD/Search/PermitDetails?permitNum=FPPD-260215,FPPD-260215,1804 E PUEBLO AVE,PHOENIX,2/9/2026 4:42:06 PM,Commercial,0.00,TO BE BID,,,Trash,no_hvac_signal
LSPL,2600740,LSPL-2600740,https://apps-secure.phoenix.gov/PDD/Search/PermitDetails?permitNum=LSPL-2600740,LSPL-2600740,3014 W DEER VALLEY DR,PHOENIX,2/9/2026 4:30:36 PM,Commercial,0.00,TO BE BID,,,Trash,no_hvac_signal
LPRN,2600739,LPRN-2600739,https://apps-secure.phoenix.gov/PDD/Search/PermitDetails?permitNum=LPRN-2600739,LPRN-2600739,10222 N 12TH AVE,PHOENIX,2/9/2026 4:23:07 PM,Commercial,36480000.00,TO BE BID,,,Trash,no_hvac_signal
BLD,26002106,BLD-26002106,https://apps-secure.phoenix.gov/PDD/Search/PermitDetails?permitNum=BLD-26002106,BLD-26002106,2501 W HAPPY VALLEY RD 4,PHOENIX,2/9/2026 4:22:10 PM,Commercial,71820.00,UNIVERSAL LAND CONSTRUCTION COMPANY INC,LPBI-2600632,,Trash,no_hvac_signal
OPBF,26002105,OPBF-26002105,https://apps-secure.phoenix.gov/PDD/Search/PermitDetails?permitNum=OPBF-26002105,OPBF-26002105,2414 E PARADISE LN,PHOENIX,2/9/2026 4:16:00 PM,Commercial,6120.00,GUARDIAN FIRE PROTECTION CO,SPAD-2017000,,Trash,negative=fire
LPBI,2600738,LPBI-2600738,https://apps-secure.phoenix.gov/PDD/Search/PermitDetails?permitNum=LPBI-2600738,LPBI-2600738,20333 N 19TH AVE,PHOENIX,2/9/2026 4:07:00 PM,Commercial,180000.00,DENCO DENTAL CONSTRUCTION INC,,,Trash,no_hvac_signal
F157,26002096,F157-26002096,https://apps-secure.phoenix.gov/PDD/Search/PermitDetails?permitNum=F157-26002096,F157-26002096,6638 N 30TH LN,PHOENIX,2/9/2026 4:00:20 PM,Commercial,0.00,WESTERN FENCE CO INC,SPAD-2503760,,Trash,negative=fence
F157,26002095,F157-26002095,https://apps-secure.phoenix.gov/PDD/Search/PermitDetails?permitNum=F157-26002095,F157-26002095,3000 W KRALL ST,PHOENIX,2/9/2026 4:00:08 PM,Commercial,0.00,WESTERN FENCE CO INC,SPAD-2503759,,Trash,negative=fence
F157,26002094,F157-26002094,https://apps-secure.phoenix.gov/PDD/Search/PermitDetails?permitNum=F157-26002094,F157-26002094,2943 W LAMAR RD,PHOENIX,2/9/2026 3:59:56 PM,Commercial,0.00,WESTERN FENCE CO INC,SPAD-2503758,,Trash,negative=fence
WSDC,26002093,WSDC-26002093,https://apps-secure.phoenix.gov/PDD/Search/PermitDetails?permitNum=WSDC-26002093,WSDC-26002093,1405 W BROADWAY RD,PHOENIX,2/9/2026 3:59:55 PM,Commercial,0.00,OWNER,SDEV-2400255,,Trash,no_hvac_signal
F157,26002092,F157-26002092,https://apps-secure.phoenix.gov/PDD/Search/PermitDetails?permitNum=F157-26002092,F157-26002092,6728 N 28TH DR,PHOENIX,2/9/2026 3:59:38 PM,Commercial,0.00,WESTERN FENCE CO INC,SPAD-2503757,,Trash,negative=fence
F157,26002090,F157-26002090,https://apps-secure.phoenix.gov/PDD/Search/PermitDetails?permitNum=F157-26002090,F157-26002090,2840 W TUCKEY LN,PHOENIX,2/9/2026 3:55:25 PM,Commercial,0.00,WESTERN FENCE CO INC,SPAD-2503756,,Trash,negative=fence
F157,26002089,F157-26002089,https://apps-secure.phoenix.gov/PDD/Search/PermitDetails?permitNum=F157-26002089,F157-26002089,1911 W MONTEBELLO AVE,PHOENIX,2/9/2026 3:55:14 PM,Commercial,0.00,WESTERN FENCE CO INC,SPAD-2503753,,Trash,negative=fence
F157,26002088,F157-26002088,https://apps-secure.phoenix.gov/PDD/Search/PermitDetails?permitNum=F157-26002088,F157-26002088,5653 N 19TH DR,PHOENIX,2/9/2026 3:55:04 PM,Commercial,0.00,WESTERN FENCE CO INC,SPAD-2503752,,Trash,negative=fence
F157,26002087,F157-26002087,https://apps-secure.phoenix.gov/PDD/Search/PermitDetails?permitNum=F157-26002087,F157-26002087,5633 N 20TH AVE,PHOENIX,2/9/2026 3:54:52 PM,Commercial,0.00,WESTERN FENCE CO INC,SPAD-2503751,,Trash,negative=fence
LPRR,2600737,LPRR-2600737,https://apps-secure.phoenix.gov/PDD/Search/PermitDetails?permitNum=LPRR-2600737,LPRR-2600737,21001 N TATUM BLVD,PHOENIX,2/9/2026 3:53:54 PM,Commercial,80000.00,IMPERIO CONSTRUCTION INC,,,Trash,no_hvac_signal
FEN,26002086,FEN-26002086,https://apps-secure.phoenix.gov/PDD/Search/PermitDetails?permitNum=FEN-26002086,FEN-26002086,6638 N 30TH LN,PHOENIX,2/9/2026 3:49:53 PM,Commercial,0.00,WESTERN FENCE CO INC,SPAD-2503760,,Trash,negative=fence
FEN,26002085,FEN-26002085,https://apps-secure.phoenix.gov/PDD/Search/PermitDetails?permitNum=FEN-26002085,FEN-26002085,3000 W KRALL ST,PHOENIX,2/9/2026 3:49:43 PM,Commercial,0.00,WESTERN FENCE CO INC,SPAD-2503759,,Trash,negative=fence
FEN,26002084,FEN-26002084,https://apps-secure.phoenix.gov/PDD/Search/PermitDetails?permitNum=FEN-26002084,FEN-26002084,2943 W LAMAR RD,PHOENIX,2/9/2026 3:49:32 PM,Commercial,0.00,WESTERN FENCE CO INC,SPAD-2503758,,Trash,negative=fence
FEN,26002083,FEN-26002083,https://apps-secure.phoenix.gov/PDD/Search/PermitDetails?permitNum=FEN-26002083,FEN-26002083,6728 N 28TH DR,PHOENIX,2/9/2026 3:49:20 PM,Commercial,0.00,WESTERN FENCE CO INC,SPAD-2503757,,Trash,negative=fence
FEN,26002082,FEN-26002082,https://apps-secure.phoenix.gov/PDD/Search/PermitDetails?permitNum=FEN-26002082,FEN-26002082,2840 W TUCKEY LN,PHOENIX,2/9/2026 3:45:09 PM,Commercial,0.00,WESTERN FENCE CO INC,SPAD-2503756,,Trash,negative=fence
FEN,26002081,FEN-26002081,https://apps-secure.phoenix.gov/PDD/Search/PermitDetails?permitNum=FEN-26002081,FEN-26002081,1911 W MONTEBELLO AVE,PHOENIX,2/9/2026 3:44:58 PM,Commercial,0.00,WESTERN FENCE CO INC,SPAD-2503753,,Trash,negative=fence
FEN,26002080,FEN-26002080,https://apps-secure.phoenix.gov/PDD/Search/PermitDetails?permitNum=FEN-26002080,FEN-26002080,5653 N 19TH DR,PHOENIX,2/9/2026 3:44:48 PM,Commercial,0.00,WESTERN FENCE CO INC,SPAD-2503752,,Trash,negative=fence
FEN,26002079,FEN-26002079,https://apps-secure.phoenix.gov/PDD/Search/PermitDetails?permitNum=FEN-26002079,FEN-26002079,5633 N 20TH AVE,PHOENIX,2/9/2026 3:44:33 PM,Commercial,0.00,WESTERN FENCE CO INC,SPAD-2503751,,Trash,negative=fence
F159,26002078,F159-26002078,https://apps-secure.phoenix.gov/PDD/Search/PermitDetails?permitNum=F159-26002078,F159-26002078,4050 S 94TH LN,PHOENIX,2/9/2026 3:43:11 PM,Commercial,0.00,A AND M FIRE PROTECTION LLC,FPPD-260056,,Trash,negative=fire
F157,26002077,F157-26002077,https://apps-secure.phoenix.gov/PDD/Search/PermitDetails?permitNum=F157-26002077,F157-26002077,1910 W LUKE AVE,PHOENIX,2/9/2026 3:37:37 PM,Commercial,0.00,WESTERN FENCE CO INC,SPAD-2503750,,Trash,negative=fence
F157,26002076,F157-26002076,https://apps-secure.phoenix.gov/PDD/Search/PermitDetails?permitNum=F157-26002076,F157-26002076,8432 S 1ST AVE,PHOENIX,2/9/2026 3:37:25 PM,Commercial,0.00,WESTERN FENCE CO INC,SPAD-2503755,,Trash,negative=fence
F157,26002075,F157-26002075,https://apps-secure.phoenix.gov/PDD/Search/PermitDetails?permitNum=F157-26002075,F157-26002075,8431 S 2ND AVE,PHOENIX,2/9/2026 3:37:13 PM,Commercial,0.00,WESTERN FENCE CO INC,SPAD-2503754,,Trash,negative=fence
F157,26002074,F157-26002074,https://apps-secure.phoenix.gov/PDD/Search/PermitDetails?permitNum=F157-26002074,F157-26002074,1301 N LAUREL AVE,PHOENIX,2/9/2026 3:37:01 PM,Commercial,0.00,WESTERN FENCE CO INC,SPAD-2503749,,Trash,negative=fence
F157,26002073,F157-26002073,https://apps-secure.phoenix.gov/PDD/Search/PermitDetails?permitNum=F157-26002073,F157-26002073,1300 N 15TH AVE,PHOENIX,2/9/2026 3:33:03 PM,Commercial,0.00,WESTERN FENCE CO INC,SPAD-2503748,,Trash,negative=fence
F157,26002072,F157-26002072,https://apps-secure.phoenix.gov/PDD/Search/PermitDetails?permitNum=F157-26002072,F157-26002072,1010 N 9TH ST,PHOENIX,2/9/2026 3:32:52 PM,Commercial,0.00,WESTERN FENCE CO INC,SPAD-2503745,,Trash,negative=fence
F157,26002071,F157-26002071,https://apps-secure.phoenix.gov/PDD/Search/PermitDetails?permitNum=F157-26002071,F157-26002071,757 E PORTLAND ST,PHOENIX,2/9/2026 3:32:40 PM,Commercial,0.00,WESTERN FENCE CO INC,SPAD-2503744,,Trash,negative=fence
F157,26002070,F157-26002070,https://apps-secure.phoenix.gov/PDD/Search/PermitDetails?permitNum=F157-26002070,F157-26002070,950 N 31ST ST,PHOENIX,2/9/2026 3:32:26 PM,Commercial,0.00,WESTERN FENCE CO INC,SPAD-2503742,,Trash,negative=fence
BLD,26002069,BLD-26002069,https://apps-secure.phoenix.gov/PDD/Search/PermitDetails?permitNum=BLD-26002069,BLD-26002069,601 W HATCHER RD,PHOENIX,2/9/2026 3:31:47 PM,Commercial,1327448.60,SUN VALLEY GENERAL CONTRACTORS LLC,LPRN-2500166,,Trash,no_hvac_signal
FEN,26002068,FEN-26002068,https://apps-secure.phoenix.gov/PDD/Search/PermitDetails?permitNum=FEN-26002068,FEN-26002068,1910 W LUKE AVE,PHOENIX,2/9/2026 3:27:42 PM,Commercial,0.00,WESTERN FENCE CO INC,SPAD-2503750,,Trash,negative=fence
FEN,26002067,FEN-26002067,https://apps-secure.phoenix.gov/PDD/Search/PermitDetails?permitNum=FEN-26002067,FEN-26002067,8432 S 1ST AVE,PHOENIX,2/9/2026 3:27:31 PM,Commercial,0.00,WESTERN FENCE CO INC,SPAD-2503755,,Trash,negative=fence
FEN,26002066,FEN-26002066,https://apps-secure.phoenix.gov/PDD/Search/PermitDetails?permitNum=FEN-26002066,FEN-26002066,8431 S 2ND AVE,PHOENIX,2/9/2026 3:27:21 PM,Commercial,0.00,WESTERN FENCE CO INC,SPAD-2503754,,Trash,negative=fence
FEN,26002065,FEN-26002065,https://apps-secure.phoenix.gov/PDD/Search/PermitDetails?permitNum=FEN-26002065,FEN-26002065,1301 N LAUREL AVE,PHOENIX,2/9/2026 3:27:07 PM,Commercial,0.00,WESTERN FENCE CO INC,SPAD-2503749,,Trash,negative=fence
LPSG,260131,LPSG-260131,https://apps-secure.phoenix.gov/PDD/Search/PermitDetails?permitNum=LPSG-260131,LPSG-260131,2039 W GLENDALE AVE,PHOENIX,2/9/2026 3:26:35 PM,Commercial,475.00,NIGHT N DAY SIGNS LLC,,,Trash,no_hvac_signal
CPGD,2600736,CPGD-2600736,https://apps-secure.phoenix.gov/PDD/Search/PermitDetails?permitNum=CPGD-2600736,CPGD-2600736,7044 E ANN WAY,PHOENIX,2/9/2026 3:23:16 PM,Commercial,1.00,EDG BUILDERS LLC,,,Trash,no_hvac_signal
FEN,26002064,FEN-26002064,https://apps-secure.phoenix.gov/PDD/Search/PermitDetails?permitNum=FEN-26002064,FEN-26002064,1300 N 15TH AVE,PHOENIX,2/9/2026 3:22:58 PM,Commercial,0.00,WESTERN FENCE CO INC,SPAD-2503748,,Trash,negative=fence
FEN,26002063,FEN-26002063,https://apps-secure.phoenix.gov/PDD/Search/PermitDetails?permitNum=FEN-26002063,FEN-26002063,1010 N 9TH ST,PHOENIX,2/9/2026 3:22:45 PM,Commercial,0.00,WESTERN FENCE CO INC,SPAD-2503745,,Trash,negative=fence
FEN,26002062,FEN-26002062,https://apps-secure.phoenix.gov/PDD/Search/PermitDetails?permitNum=FEN-26002062,FEN-26002062,757 E PORTLAND ST,PHOENIX,2/9/2026 3:22:34 PM,Commercial,0.00,WESTERN FENCE CO INC,SPAD-2503744,,Trash,negative=fence
FEN,26002061,FEN-26002061,https://apps-secure.phoenix.gov/PDD/Search/PermitDetails?permitNum=FEN-26002061,FEN-26002061,950 N 31ST ST,PHOENIX,2/9/2026 3:22:20 PM,Commercial,0.00,WESTERN FENCE CO INC,SPAD-2503742,,Trash,negative=fence
F157,26002060,F157-26002060,https://apps-secure.phoenix.gov/PDD/Search/PermitDetails?permitNum=F157-26002060,F157-26002060,951 N 30TH ST,PHOENIX,2/9/2026 3:17:38 PM,Commercial,0.00,WESTERN FENCE CO INC,SPAD-2503741,,Trash,negative=fence
F157,26002059,F157-26002059,https://apps-secure.phoenix.gov/PDD/Search/PermitDetails?permitNum=F157-26002059,F157-26002059,2913 E MONTE VISTA RD,PHOENIX,2/9/2026 3:17:26 PM,Commercial,0.00,WESTERN FENCE CO INC,SPAD-2503747,,Trash,negative=fence
F157,26002058,F157-26002058,https://apps-secure.phoenix.gov/PDD/Search/PermitDetails?permitNum=F157-26002058,F157-26002058,2912 E PALM LN,PHOENIX,2/9/2026 3:17:10 PM,Commercial,0.00,WESTERN FENCE CO INC,SPAD-2503746,,Trash,negative=fence
F157,26002057,F157-26002057,https://apps-secure.phoenix.gov/PDD/Search/PermitDetails?permitNum=F157-26002057,F157-26002057,1911 E NANCY LN,PHOENIX,2/9/2026 3:12:57 PM,Commercial,0.00,WESTERN FENCE CO INC,SPAD-2503740,,Trash,negative=fence
F157,26002056,F157-26002056,https://apps-secure.phoenix.gov/PDD/Search/PermitDetails?permitNum=F157-26002056,F157-26002056,8040 N 35TH AVE,PHOENIX,2/9/2026 3:12:45 PM,Commercial,0.00,WESTERN FENCE CO INC,SPAD-2503910,,Trash,negative=fence
F157,26002055,F157-26002055,https://apps-secure.phoenix.gov/PDD/Search/PermitDetails?permitNum=F157-26002055,F157-26002055,3556 W LOMA LN,PHOENIX,2/9/2026 3:12:34 PM,Commercial,0.00,WESTERN FENCE CO INC,SPAD-2503909,,Trash,negative=fence
F157,26002054,F157-26002054,https://apps-secure.phoenix.gov/PDD/Search/PermitDetails?permitNum=F157-26002054,F157-26002054,516 N 31ST AVE,PHOENIX,2/9/2026 3:12:21 PM,Commercial,0.00,WESTERN FENCE CO INC,SPAD-2503735,,Trash,negative=fence
SGNP,215084,SGNP-215084,https://apps-secure.phoenix.gov/PDD/Search/PermitDetails?permitNum=SGNP-215084,SGNP-215084,7730 S 59TH AVE,PHOENIX,2/9/2026 3:11:28 PM,Commercial,9400.00,SUMMIT WEST SIGNS,LPSG-260008,,Trash,no_hvac_signal
FEN,26002053,FEN-26002053,https://apps-secure.phoenix.gov/PDD/Search/PermitDetails?permitNum=FEN-26002053,FEN-26002053,951 N 30TH ST,PHOENIX,2/9/2026 3:07:05 PM,Commercial,0.00,WESTERN FENCE CO INC,SPAD-2503741,,Trash,negative=fence
FEN,26002052,FEN-26002052,https://apps-secure.phoenix.gov/PDD/Search/PermitDetails?permitNum=FEN-26002052,FEN-26002052,2913 E MONTE VISTA RD,PHOENIX,2/9/2026 3:06:53 PM,Commercial,0.00,WESTERN FENCE CO INC,SPAD-2503747,,Trash,negative=fence
FEN,26002051,FEN-26002051,https://apps-secure.phoenix.gov/PDD/Search/PermitDetails?permitNum=FEN-26002051,FEN-26002051,2912 E PALM LN,PHOENIX,2/9/2026 3:06:41 PM,Commercial,0.00,WESTERN FENCE CO INC,SPAD-2503746,,Trash,negative=fence
FEN,26002050,FEN-26002050,https://apps-secure.phoenix.gov/PDD/Search/PermitDetails?permitNum=FEN-26002050,FEN-26002050,1911 E NANCY LN,PHOENIX,2/9/2026 3:02:44 PM,Commercial,0.00,WESTERN FENCE CO INC,SPAD-2503740,,Trash,negative=fence
FEN,26002049,FEN-26002049,https://apps-secure.phoenix.gov/PDD/Search/PermitDetails?permitNum=FEN-26002049,FEN-26002049,8040 N 35TH AVE,PHOENIX,2/9/2026 3:02:31 PM,Commercial,0.00,WESTERN FENCE CO INC,SPAD-2503910,,Trash,negative=fence
FEN,26002048,FEN-26002048,https://apps-secure.phoenix.gov/PDD/Search/PermitDetails?permitNum=FEN-26002048,FEN-26002048,3556 W LOMA LN,PHOENIX,2/9/2026 3:02:20 PM,Commercial,0.00,WESTERN FENCE CO INC,SPAD-2503909,,Trash,negative=fence
FEN,26002047,FEN-26002047,https://apps-secure.phoenix.gov/PDD/Search/PermitDetails?permitNum=FEN-26002047,FEN-26002047,516 N 31ST AVE,PHOENIX,2/9/2026 3:02:07 PM,Commercial,0.00,WESTERN FENCE CO INC,SPAD-2503735,,Trash,negative=fence
LPRD,2502983-01,LPRD-2502983-01,https://apps-secure.phoenix.gov/PDD/Search/PermitDetails?permitNum=LPRD-2502983-01,LPRD-2502983-01,5248 W INDIAN SCHOOL RD,PHOENIX,2/9/2026 2:58:59 PM,Commercial,2500.00,TO BE BID,,,Trash,no_hvac_signal
WSFT,26002045,WSFT-26002045,https://apps-secure.phoenix.gov/PDD/Search/PermitDetails?permitNum=WSFT-26002045,WSFT-26002045,1801 S 12TH ST,PHOENIX,2/9/2026 2:57:14 PM,Residential,0.00,OWNER,SPAD-0014747,,Trash,no_hvac_signal
OP,26002044,OP-26002044,https://apps-secure.phoenix.gov/PDD/Search/PermitDetails?permitNum=OP-26002044,OP-26002044,1808 E SHERIDAN ST,PHOENIX,2/9/2026 2:52:13 PM,Commercial,1500.00,ADAMEX CONSTRUCTION LLC,SPAD-2600170,,Trash,no_hvac_signal
ELEC,26002043,ELEC-26002043,https://apps-secure.phoenix.gov/PDD/Search/PermitDetails?permitNum=ELEC-26002043,ELEC-26002043,7227 S CENTRAL AVE,PHOENIX,2/9/2026 2:43:48 PM,Commercial,55000.00,MASTEC NETWORK SOLUTIONS LLC,LPRM-2506395,,Trash,no_hvac_signal
F809,26002042,F809-26002042,https://apps-secure.phoenix.gov/PDD/Search/PermitDetails?permitNum=F809-26002042,F809-26002042,9820 W INDIAN SCHOOL RD,PHOENIX,2/9/2026 2:43:27 PM,Commercial,0.00,KO FIRE PROTECTION LLC,,,Trash,negative=fire
F227,2600513,F227-2600513,https://apps-secure.phoenix.gov/PDD/Search/PermitDetails?permitNum=F227-2600513,F227-2600513,6442 W CAVEDALE DR,PHOENIX,2/9/2026 2:40:27 PM,Commercial,0.00,SUNSOLAR SOLUTIONS INC,SPAD-0216746,,Trash,no_hvac_signal
WSFT,26002041,WSFT-26002041,https://apps-secure.phoenix.gov/PDD/Search/PermitDetails?permitNum=WSFT-26002041,WSFT-26002041,2328 N 52ND ST,PHOENIX,2/9/2026 2:33:03 PM,Commercial,0.00,SAGUARO FIRE PROTECTION LLC,CCPH-2400385,,Trash,negative=fire
CPFL,2600734,CPFL-2600734,https://apps-secure.phoenix.gov/PDD/Search/PermitDetails?permitNum=CPFL-2600734,CPFL-2600734,13229 S 48TH ST,PHOENIX,2/9/2026 2:18:11 PM,Commercial,0.00,TO BE BID,,,Trash,no_hvac_signal
WSFT,26002040,WSFT-26002040,https://apps-secure.phoenix.gov/PDD/Search/PermitDetails?permitNum=WSFT-26002040,WSFT-26002040,4121 E COTTON CENTER BLVD,PHOENIX,2/9/2026 2:15:39 PM,Commercial,0.00,OWNER,SPAD-0213431,,Trash,no_hvac_signal
LPRM,2600733,LPRM-2600733,https://apps-secure.phoenix.gov/PDD/Search/PermitDetails?permitNum=LPRM-2600733,LPRM-2600733,4034 E MCDOWELL RD,PHOENIX,2/9/2026 2:11:17 PM,Commercial,207900.00,WATT MASTERS LLC,,,Trash,no_hvac_signal
LSIS,2600731,LSIS-2600731,https://apps-secure.phoenix.gov/PDD/Search/PermitDetails?permitNum=LSIS-2600731,LSIS-2600731,3024 E WINCHCOMB DR,PHOENIX,2/9/2026 2:03:35 PM,Commercial,0.00,TO BE BID,,,Trash,no_hvac_signal
LSPL,2600732,LSPL-2600732,https://apps-secure.phoenix.gov/PDD/Search/PermitDetails?permitNum=LSPL-2600732,LSPL-2600732,3024 E WINCHCOMB DR,PHOENIX,2/9/2026 2:03:35 PM,Commercial,0.00,TO BE BID,,,Trash,no_hvac_signal
LSPX,2600730,LSPX-2600730,https://apps-secure.phoenix.gov/PDD/Search/PermitDetails?permitNum=LSPX-2600730,LSPX-2600730,3939 W CAREFREE HWY,PHOENIX,2/9/2026 1:55:06 PM,Commercial,0.00,TO BE BID,,,Trash,no_hvac_signal
F132,26002039,F132-26002039,https://apps-secure.phoenix.gov/PDD/Search/PermitDetails?permitNum=F132-26002039,F132-26002039,4124 N 22ND DR,PHOENIX,2/9/2026 1:42:49 PM,Commercial,0.00,ALLIED FIRE PROTECTION,FPPD-252635,,Trash,negative=fire
CPSE,2600725,CPSE-2600725,https://apps-secure.phoenix.gov/PDD/Search/PermitDetails?permitNum=CPSE-2600725,CPSE-2600725,721 N 6TH ST,PHOENIX,2/9/2026 1:18:42 PM,Residential,0.00,TO BE BID,,,Trash,no_hvac_signal
CPST,2600726,CPST-2600726,https://apps-secure.phoenix.gov/PDD/Search/PermitDetails?permitNum=CPST-2600726,CPST-2600726,721 N 6TH ST,PHOENIX,2/9/2026 1:18:42 PM,Residential,0.00,TO BE BID,,,Trash,no_hvac_signal
CPWT,2600727,CPWT-2600727,https://apps-secure.phoenix.gov/PDD/Search/PermitDetails?permitNum=CPWT-2600727,CPWT-2600727,721 N 6TH ST,PHOENIX,2/9/2026 1:18:42 PM,Residential,0.00,TO BE BID,,,Trash,no_hvac_signal
CPWT,2600728,CPWT-2600728,https://apps-secure.phoenix.gov/PDD/Search/PermitDetails?permitNum=CPWT-2600728,CPWT-2600728,721 N 6TH ST,PHOENIX,2/9/2026 1:18:42 PM,Residential,0.00,TO BE BID,,,Trash,no_hvac_signal
CPGD,2600729,CPGD-2600729,https://apps-secure.phoenix.gov/PDD/Search/PermitDetails?permitNum=CPGD-2600729,CPGD-2600729,721 N 6TH ST,PHOENIX,2/9/2026 1:18:42 PM,Residential,0.00,TO BE BID,,,Trash,no_hvac_signal
LPRS,2600724,LPRS-2600724,https://apps-secure.phoenix.gov/PDD/Search/PermitDetails?permitNum=LPRS-2600724,LPRS-2600724,2315 E QUAIL AVE,PHOENIX,2/9/2026 1:18:11 PM,Commercial,2726158.80,PROSTEEL STR LLC,,,Trash,no_hvac_signal
CSIT,26002038,CSIT-26002038,https://apps-secure.phoenix.gov/PDD/Search/PermitDetails?permitNum=CSIT-26002038,CSIT-26002038,909 E INDIAN SCHOOL RD,PHOENIX,2/9/2026 1:02:50 PM,Residential,0.00,OWNER,SCSR-2506665,,Trash,no_hvac_signal
LPSG,260130,LPSG-260130,https://apps-secure.phoenix.gov/PDD/Search/PermitDetails?permitNum=LPSG-260130,LPSG-260130,20555 N 55TH ST,PHOENIX,2/9/2026 12:53:15 PM,Commercial,158000.00,1ST CHOICE SIGNS AND GRAPHICS INC,,,Trash,no_hvac_signal
F157,26002037,F157-26002037,https://apps-secure.phoenix.gov/PDD/Search/PermitDetails?permitNum=F157-26002037,F157-26002037,515 N 32ND AVE,PHOENIX,2/9/2026 12:51:26 PM,Commercial,0.00,WESTERN FENCE CO INC,SPAD-2503733,,Trash,negative=fence
F157,26002036,F157-26002036,https://apps-secure.phoenix.gov/PDD/Search/PermitDetails?permitNum=F157-26002036,F157-26002036,751 N 31ST AVE,PHOENIX,2/9/2026 12:51:14 PM,Commercial,0.00,WESTERN FENCE CO INC,SPAD-2503732,,Trash,negative=fence
F157,26002035,F157-26002035,https://apps-secure.phoenix.gov/PDD/Search/PermitDetails?permitNum=F157-26002035,F157-26002035,750 N 29TH AVE,PHOENIX,2/9/2026 12:51:02 PM,Commercial,0.00,WESTERN FENCE CO INC,SPAD-2503731,,Trash,negative=fence
LPRR,2600723,LPRR-2600723,https://apps-secure.phoenix.gov/PDD/Search/PermitDetails?permitNum=LPRR-2600723,LPRR-2600723,13637 N TATUM BLVD,PHOENIX,2/9/2026 12:49:50 PM,Commercial,373658.80,TO BE BID,,,Trash,no_hvac_signal
F157,26002034,F157-26002034,https://apps-secure.phoenix.gov/PDD/Search/PermitDetails?permitNum=F157-26002034,F157-26002034,8550 N 35TH AVE,PHOENIX,2/9/2026 12:47:28 PM,Commercial,0.00,WESTERN FENCE CO INC,SPAD-2503730,,Trash,negative=fence
F157,26002033,F157-26002033,https://apps-secure.phoenix.gov/PDD/Search/PermitDetails?permitNum=F157-26002033,F157-26002033,3636 W BUTLER DR,PHOENIX,2/9/2026 12:47:15 PM,Commercial,0.00,WESTERN FENCE CO INC,SPAD-2503729,,Trash,negative=fence
F157,26002032,F157-26002032,https://apps-secure.phoenix.gov/PDD/Search/PermitDetails?permitNum=F157-26002032,F157-26002032,2836 W LAS PALMARITAS DR,PHOENIX,2/9/2026 12:47:04 PM,Commercial,0.00,WESTERN FENCE CO INC,SPAD-2503728,,Trash,negative=fence
F157,26002031,F157-26002031,https://apps-secure.phoenix.gov/PDD/Search/PermitDetails?permitNum=F157-26002031,F157-26002031,3710 W MONTEBELLO AVE,PHOENIX,2/9/2026 12:46:51 PM,Commercial,0.00,WESTERN FENCE CO INC,SPAD-2503724,,Trash,negative=fence
F143,2600509,F143-2600509,https://apps-secure.phoenix.gov/PDD/Search/PermitDetails?permitNum=F143-2600509,F143-2600509,7840 W LOWER BUCKEYE RD,PHOENIX,2/9/2026 12:46:45 PM,Commercial,0.00,ADB COMPANIES LLC,FPPR-251148,,Trash,no_hvac_signal
F171,2600508,F171-2600508,https://apps-secure.phoenix.gov/PDD/Search/PermitDetails?permitNum=F171-2600508,F171-2600508,,PHOENIX,2/9/2026 12:40:38 PM,Commercial,0.00,WHITE AND WHITE CONTRACTING LLC,SPAD-2300297,,Trash,no_hvac_signal
F129,26002029,F129-26002029,https://apps-secure.phoenix.gov/PDD/Search/PermitDetails?permitNum=F129-26002029,F129-26002029,9520 W PALM LN,PHOENIX,2/9/2026 12:33:49 PM,Commercial,0.00,METRO FIRE EQUIPMENT,FPPD-260149,,Trash,negative=fire
FEN,26002028,FEN-26002028,https://apps-secure.phoenix.gov/PDD/Search/PermitDetails?permitNum=FEN-26002028,FEN-26002028,515 N 32ND AVE,PHOENIX,2/9/2026 12:32:36 PM,Commercial,0.00,WESTERN FENCE CO INC,SPAD-2503733,,Trash,negative=fence
FEN,26002027,FEN-26002027,https://apps-secure.phoenix.gov/PDD/Search/PermitDetails?permitNum=FEN-26002027,FEN-26002027,751 N 31ST AVE,PHOENIX,2/9/2026 12:32:25 PM,Commercial,0.00,WESTERN FENCE CO INC,SPAD-2503732,,Trash,negative=fence
FEN,26002026,FEN-26002026,https://apps-secure.phoenix.gov/PDD/Search/PermitDetails?permitNum=FEN-26002026,FEN-26002026,750 N 29TH AVE,PHOENIX,2/9/2026 12:32:13 PM,Commercial,0.00,WESTERN FENCE CO INC,SPAD-2503731,,Trash,negative=fence
WSDC,26002025,WSDC-26002025,https://apps-secure.phoenix.gov/PDD/Search/PermitDetails?permitNum=WSDC-26002025,WSDC-26002025,7611 N 16TH ST,PHOENIX,2/9/2026 12:31:26 PM,Commercial,0.00,GANEM CONSTRUCTION LLC,SDEV-2600004,,Trash,no_hvac_signal
FEN,26002024,FEN-26002024,https://apps-secure.phoenix.gov/PDD/Search/PermitDetails?permitNum=FEN-26002024,FEN-26002024,8550 N 35TH AVE,PHOENIX,2/9/2026 12:28:06 PM,Commercial,0.00,WESTERN FENCE CO INC,SPAD-2503730,,Trash,negative=fence
FEN,26002023,FEN-26002023,https://apps-secure.phoenix.gov/PDD/Search/PermitDetails?permitNum=FEN-26002023,FEN-26002023,3636 W BUTLER DR,PHOENIX,2/9/2026 12:27:55 PM,Commercial,0.00,WESTERN FENCE CO INC,SPAD-2503729,,Trash,negative=fence
FEN,26002022,FEN-26002022,https://apps-secure.phoenix.gov/PDD/Search/PermitDetails?permitNum=FEN-26002022,FEN-26002022,2836 W LAS PALMARITAS DR,PHOENIX,2/9/2026 12:27:43 PM,Commercial,0.00,WESTERN FENCE CO INC,SPAD-2503728,,Trash,negative=fence
FEN,26002021,FEN-26002021,https://apps-secure.phoenix.gov/PDD/Search/PermitDetails?permitNum=FEN-26002021,FEN-26002021,3710 W MONTEBELLO AVE,PHOENIX,2/9/2026 12:27:32 PM,Commercial,0.00,WESTERN FENCE CO INC,SPAD-2503724,,Trash,negative=fence
F800,2600507,F800-2600507,https://apps-secure.phoenix.gov/PDD/Search/PermitDetails?permitNum=F800-2600507,F800-2600507,4516 W MELODY DR,PHOENIX,2/9/2026 12:24:52 PM,Commercial,0.00,ARIZONA SOLAR SOLUTIONS INC.,SPAD-0307180,,Trash,negative=solar(?: pv)?
F157,26002020,F157-26002020,https://apps-secure.phoenix.gov/PDD/Search/PermitDetails?permitNum=F157-26002020,F157-26002020,5750 N 37TH AVE,PHOENIX,2/9/2026 12:18:56 PM,Commercial,0.00,WESTERN FENCE CO INC,SPAD-2503723,,Trash,negative=fence
F157,26002019,F157-26002019,https://apps-secure.phoenix.gov/PDD/Search/PermitDetails?permitNum=F157-26002019,F157-26002019,2030 W LUKE AVE,PHOENIX,2/9/2026 12:18:44 PM,Commercial,0.00,WESTERN FENCE CO INC,SPAD-2503722,,Trash,negative=fence
F157,26002018,F157-26002018,https://apps-secure.phoenix.gov/PDD/Search/PermitDetails?permitNum=F157-26002018,F157-26002018,5630 N 20TH AVE,PHOENIX,2/9/2026 12:18:32 PM,Commercial,0.00,WESTERN FENCE CO INC,SPAD-2503721,,Trash,negative=fence
SGNP,215081,SGNP-215081,https://apps-secure.phoenix.gov/PDD/Search/PermitDetails?permitNum=SGNP-215081,SGNP-215081,3838 E VAN BUREN ST,PHOENIX,2/9/2026 12:15:48 PM,Commercial,10000.00,ABOVE ALL SIGNS LLC,LPSG-260124,,Trash,no_hvac_signal
F157,26002017,F157-26002017,https://apps-secure.phoenix.gov/PDD/Search/PermitDetails?permitNum=F157-26002017,F157-26002017,5629 N 42ND LN,PHOENIX,2/9/2026 12:15:10 PM,Commercial,0.00,WESTERN FENCE CO INC,SPAD-2503720,,Trash,negative=fence
F157,26002016,F157-26002016,https://apps-secure.phoenix.gov/PDD/Search/PermitDetails?permitNum=F157-26002016,F157-26002016,4112 W MISSOURI AVE,PHOENIX,2/9/2026 12:14:58 PM,Commercial,0.00,WESTERN FENCE CO INC,SPAD-2503719,,Trash,negative=fence
F157,26002015,F157-26002015,https://apps-secure.phoenix.gov/PDD/Search/PermitDetails?permitNum=F157-26002015,F157-26002015,8015 N 42ND AVE,PHOENIX,2/9/2026 12:14:46 PM,Commercial,0.00,WESTERN FENCE CO INC,SPAD-2503718,,Trash,negative=fence
SGNP,215080,SGNP-215080,https://apps-secure.phoenix.gov/PDD/Search/PermitDetails?permitNum=SGNP-215080,SGNP-215080,3838 E VAN BUREN ST,PHOENIX,2/9/2026 12:13:17 PM,Commercial,10000.00,ABOVE ALL SIGNS LLC,LPSG-260124,,Trash,no_hvac_signal
SGNP,215079,SGNP-215079,https://apps-secure.phoenix.gov/PDD/Search/PermitDetails?permitNum=SGNP-215079,SGNP-215079,3838 E VAN BUREN ST,PHOENIX,2/9/2026 12:12:37 PM,Commercial,10000.00,ABOVE ALL SIGNS LLC,LPSG-260124,,Trash,no_hvac_signal
F157,26002013,F157-26002013,https://apps-secure.phoenix.gov/PDD/Search/PermitDetails?permitNum=F157-26002013,F157-26002013,4101 W LOMA LN,PHOENIX,2/9/2026 12:10:38 PM,Commercial,0.00,WESTERN FENCE CO INC,SPAD-2503717,,Trash,negative=fence
F157,26002012,F157-26002012,https://apps-secure.phoenix.gov/PDD/Search/PermitDetails?permitNum=F157-26002012,F157-26002012,5839 N 41ST AVE,PHOENIX,2/9/2026 12:10:27 PM,Commercial,0.00,WESTERN FENCE CO INC,SPAD-2503716,,Trash,negative=fence
F157,26002011,F157-26002011,https://apps-secure.phoenix.gov/PDD/Search/PermitDetails?permitNum=F157-26002011,F157-26002011,5838 N 39TH AVE,PHOENIX,2/9/2026 12:10:16 PM,Commercial,0.00,WESTERN FENCE CO INC,SPAD-2503715,,Trash,negative=fence
F157,26002010,F157-26002010,https://apps-secure.phoenix.gov/PDD/Search/PermitDetails?permitNum=F157-26002010,F157-26002010,4328 N 33RD AVE,PHOENIX,2/9/2026 12:10:03 PM,Commercial,0.00,WESTERN FENCE CO INC,SPAD-2503713,,Trash,negative=fence
LPRR,2600721,LPRR-2600721,https://apps-secure.phoenix.gov/PDD/Search/PermitDetails?permitNum=LPRR-2600721,LPRR-2600721,3131 E THUNDERBIRD RD,PHOENIX,2/9/2026 12:07:26 PM,Commercial,200000.00,TO BE BID,,,Trash,no_hvac_signal
F157,26002009,F157-26002009,https://apps-secure.phoenix.gov/PDD/Search/PermitDetails?permitNum=F157-26002009,F157-26002009,4327 N 34TH DR,PHOENIX,2/9/2026 12:03:12 PM,Commercial,0.00,WESTERN FENCE CO INC,SPAD-2503712,,Trash,negative=fence
F157,26002008,F157-26002008,https://apps-secure.phoenix.gov/PDD/Search/PermitDetails?permitNum=F157-26002008,F157-26002008,220 S 25TH AVE,PHOENIX,2/9/2026 12:02:58 PM,Commercial,0.00,WESTERN FENCE CO INC,SPAD-2503714,,Trash,negative=fence
F157,26002007,F157-26002007,https://apps-secure.phoenix.gov/PDD/Search/PermitDetails?permitNum=F157-26002007,F157-26002007,5529 N 22ND AVE,PHOENIX,2/9/2026 12:02:46 PM,Commercial,0.00,WESTERN FENCE CO INC,SPAD-2503711,,Trash,negative=fence
F157,26002006,F157-26002006,https://apps-secure.phoenix.gov/PDD/Search/PermitDetails?permitNum=F157-26002006,F157-26002006,5532 N 21ST AVE,PHOENIX,2/9/2026 12:02:34 PM,Commercial,0.00,WESTERN FENCE CO INC,SPAD-2503710,,Trash,negative=fence
SGNP,215078,SGNP-215078,https://apps-secure.phoenix.gov/PDD/Search/PermitDetails?permitNum=SGNP-215078,SGNP-215078,7000 E MAYO BLVD,PHOENIX,2/9/2026 12:00:01 PM,Commercial,5000.00,ABOVE ALL SIGNS LLC,LPSG-260079,,Trash,no_hvac_signal
SGNP,215077,SGNP-215077,https://apps-secure.phoenix.gov/PDD/Search/PermitDetails?permitNum=SGNP-215077,SGNP-215077,7000 E MAYO BLVD,PHOENIX,2/9/2026 11:59:12 AM,Commercial,5000.00,ABOVE ALL SIGNS LLC,LPSG-260079,,Trash,no_hvac_signal
SGNP,215076,SGNP-215076,https://apps-secure.phoenix.gov/PDD/Search/PermitDetails?permitNum=SGNP-215076,SGNP-215076,7000 E MAYO BLVD,PHOENIX,2/9/2026 11:58:35 AM,Commercial,5000.00,ABOVE ALL SIGNS LLC,LPSG-260079,,Trash,no_hvac_signal
SGNP,215075,SGNP-215075,https://apps-secure.phoenix.gov/PDD/Search/PermitDetails?permitNum=SGNP-215075,SGNP-215075,7000 E MAYO BLVD,PHOENIX,2/9/2026 11:57:57 AM,Commercial,1000.00,ABOVE ALL SIGNS LLC,LPSG-260079,,Trash,no_hvac_signal
SGNP,215074,SGNP-215074,https://apps-secure.phoenix.gov/PDD/Search/PermitDetails?permitNum=SGNP-215074,SGNP-215074,7000 E MAYO BLVD,PHOENIX,2/9/2026 11:56:51 AM,Commercial,5000.00,ABOVE ALL SIGNS LLC,LPSG-260079,,Trash,no_hvac_signal
SGNP,215073,SGNP-215073,https://apps-secure.phoenix.gov/PDD/Search/PermitDetails?permitNum=SGNP-215073,SGNP-215073,7000 E MAYO BLVD,PHOENIX,2/9/2026 11:56:00 AM,Commercial,5000.00,ABOVE ALL SIGNS LLC,LPSG-260079,,Trash,no_hvac_signal
F157,26002005,F157-26002005,https://apps-secure.phoenix.gov/PDD/Search/PermitDetails?permitNum=F157-26002005,F157-26002005,2030 W MONTEBELLO AVE,PHOENIX,2/9/2026 11:55:42 AM,Commercial,0.00,WESTERN FENCE CO INC,SPAD-2503779,,Trash,negative=fence
F157,26002004,F157-26002004,https://apps-secure.phoenix.gov/PDD/Search/PermitDetails?permitNum=F157-26002004,F157-26002004,5708 N 21ST AVE,PHOENIX,2/9/2026 11:55:25 AM,Commercial,0.00,WESTERN FENCE CO INC,SPAD-2503709,,Trash,negative=fence
F157,26002003,F157-26002003,https://apps-secure.phoenix.gov/PDD/Search/PermitDetails?permitNum=F157-26002003,F157-26002003,6752 N 15TH AVE,PHOENIX,2/9/2026 11:55:13 AM,Commercial,0.00,WESTERN FENCE CO INC,SPAD-2503708,,Trash,negative=fence
F157,26002002,F157-26002002,https://apps-secure.phoenix.gov/PDD/Search/PermitDetails?permitNum=F157-26002002,F157-26002002,3151 N 26TH DR,PHOENIX,2/9/2026 11:55:00 AM,Commercial,0.00,WESTERN FENCE CO INC,SPAD-2503707,,Trash,negative=fence
F824,2600505,F824-2600505,https://apps-secure.phoenix.gov/PDD/Search/PermitDetails?permitNum=F824-2600505,F824-2600505,4801 E KATHLEEN RD,PHOENIX,2/9/2026 11:50:48 AM,Commercial,0.00,QUAIL PLUMBING INC,SPAD-1301273,,Trash,negative=plumb(?:ing)?
F157,26002000,F157-26002000,https://apps-secure.phoenix.gov/PDD/Search/PermitDetails?permitNum=F157-26002000,F157-26002000,3150 N 25TH DR,PHOENIX,2/9/2026 11:50:23 AM,Commercial,0.00,WESTERN FENCE CO INC,SPAD-2503706,,Trash,negative=fence
F157,26001999,F157-26001999,https://apps-secure.phoenix.gov/PDD/Search/PermitDetails?permitNum=F157-26001999,F157-26001999,421 N 32ND AVE,PHOENIX,2/9/2026 11:50:10 AM,Commercial,0.00,WESTERN FENCE CO INC,SPAD-2503704,,Trash,negative=fence
F157,26001998,F157-26001998,https://apps-secure.phoenix.gov/PDD/Search/PermitDetails?permitNum=F157-26001998,F157-26001998,420 N 31ST AVE,PHOENIX,2/9/2026 11:49:58 AM,Commercial,0.00,WESTERN FENCE CO INC,SPAD-2503703,,Trash,negative=fence
F157,26001997,F157-26001997,https://apps-secure.phoenix.gov/PDD/Search/PermitDetails?permitNum=F157-26001997,F157-26001997,3150 N 24TH AVE,PHOENIX,2/9/2026 11:49:45 AM,Commercial,0.00,WESTERN FENCE CO INC,SPAD-2503702,,Trash,negative=fence
F157,26001996,F157-26001996,https://apps-secure.phoenix.gov/PDD/Search/PermitDetails?permitNum=F157-26001996,F157-26001996,3149 N 24TH DR,PHOENIX,2/9/2026 11:44:00 AM,Commercial,0.00,WESTERN FENCE CO INC,SPAD-2503701,,Trash,negative=fence
F157,26001995,F157-26001995,https://apps-secure.phoenix.gov/PDD/Search/PermitDetails?permitNum=F157-26001995,F157-26001995,1237 S 18TH AVE,PHOENIX,2/9/2026 11:43:49 AM,Commercial,0.00,WESTERN FENCE CO INC,SPAD-2503699,,Trash,negative=fence
F157,26001994,F157-26001994,https://apps-secure.phoenix.gov/PDD/Search/PermitDetails?permitNum=F157-26001994,F157-26001994,1236 S 17TH AVE,PHOENIX,2/9/2026 11:43:37 AM,Commercial,0.00,WESTERN FENCE CO INC,SPAD-2503698,,Trash,negative=fence
F157,26001993,F157-26001993,https://apps-secure.phoenix.gov/PDD/Search/PermitDetails?permitNum=F157-26001993,F157-26001993,7216 N 30TH AVE,PHOENIX,2/9/2026 11:43:20 AM,Commercial,0.00,WESTERN FENCE CO INC,SPAD-2503697,,Trash,negative=fence
F129,26001992,F129-26001992,https://apps-secure.phoenix.gov/PDD/Search/PermitDetails?permitNum=F129-26001992,F129-26001992,5100 E ROOSEVELT ST,PHOENIX,2/9/2026 11:42:51 AM,Commercial,0.00,NEXUS ALARM AND SUPPRESSION L L C,FPPD-260037,,Trash,negative=alarm
FPPD,260214,FPPD-260214,https://apps-secure.phoenix.gov/PDD/Search/PermitDetails?permitNum=FPPD-260214,FPPD-260214,5100 E ROOSEVELT ST,PHOENIX,2/9/2026 11:42:51 AM,Commercial,0.00,NEXUS ALARM AND SUPPRESSION L L C,,,Trash,negative=alarm
FPPD,260213,FPPD-260213,https://apps-secure.phoenix.gov/PDD/Search/PermitDetails?permitNum=FPPD-260213,FPPD-260213,4375 N 45TH AVE,PHOENIX,2/9/2026 11:42:19 AM,Commercial,0.00,AERO AUTOMATIC SPRINKLER COMPANY,,,Trash,negative=sprinkler
F157,26001991,F157-26001991,https://apps-secure.phoenix.gov/PDD/Search/PermitDetails?permitNum=F157-26001991,F157-26001991,7215 N 31ST AVE,PHOENIX,2/9/2026 11:37:02 AM,Commercial,0.00,WESTERN FENCE CO INC,SPAD-2503696,,Trash,negative=fence
F157,26001990,F157-26001990,https://apps-secure.phoenix.gov/PDD/Search/PermitDetails?permitNum=F157-26001990,F157-26001990,5603 W MARIPOSA ST,PHOENIX,2/9/2026 11:36:48 AM,Commercial,0.00,WESTERN FENCE CO INC,SPAD-2503695,,Trash,negative=fence
F157,26001989,F157-26001989,https://apps-secure.phoenix.gov/PDD/Search/PermitDetails?permitNum=F157-26001989,F157-26001989,4725 N 57TH AVE,PHOENIX,2/9/2026 11:36:37 AM,Commercial,0.00,WESTERN FENCE CO INC,SPAD-2503694,,Trash,negative=fence
F157,26001988,F157-26001988,https://apps-secure.phoenix.gov/PDD/Search/PermitDetails?permitNum=F157-26001988,F157-26001988,9643 N 43RD AVE,PHOENIX,2/9/2026 11:36:23 AM,Commercial,0.00,WESTERN FENCE CO INC,SPAD-2503692,,Trash,negative=fence
F157,26001987,F157-26001987,https://apps-secure.phoenix.gov/PDD/Search/PermitDetails?permitNum=F157-26001987,F157-26001987,9642 N 42ND AVE,PHOENIX,2/9/2026 11:30:17 AM,Commercial,0.00,WESTERN FENCE CO INC,SPAD-2503691,,Trash,negative=fence
F157,26001986,F157-26001986,https://apps-secure.phoenix.gov/PDD/Search/PermitDetails?permitNum=F157-26001986,F157-26001986,4537 N 37TH AVE,PHOENIX,2/9/2026 11:30:05 AM,Commercial,0.00,WESTERN FENCE CO INC,SPAD-2503690,,Trash,negative=fence
F157,26001985,F157-26001985,https://apps-secure.phoenix.gov/PDD/Search/PermitDetails?permitNum=F157-26001985,F157-26001985,4536 N 35TH DR,PHOENIX,2/9/2026 11:29:53 AM,Commercial,0.00,WESTERN FENCE CO INC,SPAD-2503689,,Trash,negative=fence
F157,26001984,F157-26001984,https://apps-secure.phoenix.gov/PDD/Search/PermitDetails?permitNum=F157-26001984,F157-26001984,17652 N 28TH ST,PHOENIX,2/9/2026 11:29:40 AM,Commercial,0.00,WESTERN FENCE CO INC,SPAD-2503688,,Trash,negative=fence
WSSD,26001983,WSSD-26001983,https://apps-secure.phoenix.gov/PDD/Search/PermitDetails?permitNum=WSSD-26001983,WSSD-26001983,3424 E VAN BUREN ST,PHOENIX,2/9/2026 11:28:58 AM,Commercial,0.00,CINTAS CORPORATION NO 2,SDEV-99000057,,Trash,no_hvac_signal
RPV,26001982,RPV-26001982,https://apps-secure.phoenix.gov/PDD/Search/PermitDetails?permitNum=RPV-26001982,RPV-26001982,20257 N 10TH AVE,PHOENIX,2/9/2026 11:27:18 AM,Commercial,24612.80,CAPITAL ENERGY LLC,SPAD-2600119,,Trash,no_hvac_signal
F157,26001981,F157-26001981,https://apps-secure.phoenix.gov/PDD/Search/PermitDetails?permitNum=F157-26001981,F157-26001981,17621 N 27TH ST,PHOENIX,2/9/2026 11:24:51 AM,Commercial,0.00,WESTERN FENCE CO INC,SPAD-2503687,,Trash,negative=fence
F157,26001980,F157-26001980,https://apps-secure.phoenix.gov/PDD/Search/PermitDetails?permitNum=F157-26001980,F157-26001980,519 W LYNNE AVE,PHOENIX,2/9/2026 11:24:34 AM,Commercial,0.00,WESTERN FENCE CO INC,SPAD-2503356,,Trash,negative=fence
F157,26001979,F157-26001979,https://apps-secure.phoenix.gov/PDD/Search/PermitDetails?permitNum=F157-26001979,F157-26001979,520 W ALTA VISTA RD,PHOENIX,2/9/2026 11:24:22 AM,Commercial,0.00,WESTERN FENCE CO INC,SPAD-2503355,,Trash,negative=fence
F157,26001978,F157-26001978,https://apps-secure.phoenix.gov/PDD/Search/PermitDetails?permitNum=F157-26001978,F157-26001978,7820 W INDIAN SCHOOL RD,PHOENIX,2/9/2026 11:24:07 AM,Commercial,0.00,WESTERN FENCE CO INC,SPAD-2503354,,Trash,negative=fence
FEN,26001977,FEN-26001977,https://apps-secure.phoenix.gov/PDD/Search/PermitDetails?permitNum=FEN-26001977,FEN-26001977,5750 N 37TH AVE,PHOENIX,2/9/2026 11:15:02 AM,Commercial,0.00,WESTERN FENCE CO INC,SPAD-2503723,,Trash,negative=fence
FEN,26001976,FEN-26001976,https://apps-secure.phoenix.gov/PDD/Search/PermitDetails?permitNum=FEN-26001976,FEN-26001976,2030 W LUKE AVE,PHOENIX,2/9/2026 11:14:47 AM,Commercial,0.00,WESTERN FENCE CO INC,SPAD-2503722,,Trash,negative=fence
FEN,26001975,FEN-26001975,https://apps-secure.phoenix.gov/PDD/Search/PermitDetails?permitNum=FEN-26001975,FEN-26001975,5630 N 20TH AVE,PHOENIX,2/9/2026 11:14:35 AM,Commercial,0.00,WESTERN FENCE CO INC,SPAD-2503721,,Trash,negative=fence
FEN,26001974,FEN-26001974,https://apps-secure.phoenix.gov/PDD/Search/PermitDetails?permitNum=FEN-26001974,FEN-26001974,5629 N 42ND LN,PHOENIX,2/9/2026 11:14:20 AM,Commercial,0.00,WESTERN FENCE CO INC,SPAD-2503720,,Trash,negative=fence
RPV,26001973,RPV-26001973,https://apps-secure.phoenix.gov/PDD/Search/PermitDetails?permitNum=RPV-26001973,RPV-26001973,3761 E MARMORA ST,PHOENIX,2/9/2026 11:13:11 AM,Commercial,36000.00,SOLAR TOPPS,SPAD-2600161,,Trash,negative=solar(?: pv)?
FEN,26001972,FEN-26001972,https://apps-secure.phoenix.gov/PDD/Search/PermitDetails?permitNum=FEN-26001972,FEN-26001972,4112 W MISSOURI AVE,PHOENIX,2/9/2026 11:07:46 AM,Commercial,0.00,WESTERN FENCE CO INC,SPAD-2503719,,Trash,negative=fence
FEN,26001971,FEN-26001971,https://apps-secure.phoenix.gov/PDD/Search/PermitDetails?permitNum=FEN-26001971,FEN-26001971,8015 N 42ND AVE,PHOENIX,2/9/2026 11:07:34 AM,Commercial,0.00,WESTERN FENCE CO INC,SPAD-2503718,,Trash,negative=fence
FEN,26001970,FEN-26001970,https://apps-secure.phoenix.gov/PDD/Search/PermitDetails?permitNum=FEN-26001970,FEN-26001970,4101 W LOMA LN,PHOENIX,2/9/2026 11:07:22 AM,Commercial,0.00,WESTERN FENCE CO INC,SPAD-2503717,,Trash,negative=fence
FEN,26001969,FEN-26001969,https://apps-secure.phoenix.gov/PDD/Search/PermitDetails?permitNum=FEN-26001969,FEN-26001969,5839 N 41ST AVE,PHOENIX,2/9/2026 11:07:05 AM,Commercial,0.00,WESTERN FENCE CO INC,SPAD-2503716,,Trash,negative=fence
FEN,26001968,FEN-26001968,https://apps-secure.phoenix.gov/PDD/Search/PermitDetails?permitNum=FEN-26001968,FEN-26001968,5838 N 39TH AVE,PHOENIX,2/9/2026 11:01:10 AM,Commercial,0.00,WESTERN FENCE CO INC,SPAD-2503715,,Trash,negative=fence
FEN,26001967,FEN-26001967,https://apps-secure.phoenix.gov/PDD/Search/PermitDetails?permitNum=FEN-26001967,FEN-26001967,4328 N 33RD AVE,PHOENIX,2/9/2026 11:00:59 AM,Commercial,0.00,WESTERN FENCE CO INC,SPAD-2503713,,Trash,negative=fence
FEN,26001966,FEN-26001966,https://apps-secure.phoenix.gov/PDD/Search/PermitDetails?permitNum=FEN-26001966,FEN-26001966,4327 N 34TH DR,PHOENIX,2/9/2026 11:00:48 AM,Commercial,0.00,WESTERN FENCE CO INC,SPAD-2503712,,Trash,negative=fence
FEN,26001965,FEN-26001965,https://apps-secure.phoenix.gov/PDD/Search/PermitDetails?permitNum=FEN-26001965,FEN-26001965,220 S 25TH AVE,PHOENIX,2/9/2026 11:00:36 AM,Commercial,0.00,WESTERN FENCE CO INC,SPAD-2503714,,Trash,negative=fence
BLD,26001964,BLD-26001964,https://apps-secure.phoenix.gov/PDD/Search/PermitDetails?permitNum=BLD-26001964,BLD-26001964,4375 N 45TH AVE,PHOENIX,2/9/2026 11:00:02 AM,Commercial,8559446.40,FCL BUILDERS ARIZONA LLC,LPRT-2506907,,Trash,no_hvac_signal
F800,2600498,F800-2600498,https://apps-secure.phoenix.gov/PDD/Search/PermitDetails?permitNum=F800-2600498,F800-2600498,2051 E BURGESS LN,PHOENIX,2/9/2026 10:56:28 AM,Commercial,0.00,POSITIVE SYNERGY LLC,SPAD-0309823,,Trash,no_hvac_signal
F800,2600499,F800-2600499,https://apps-secure.phoenix.gov/PDD/Search/PermitDetails?permitNum=F800-2600499,F800-2600499,2820 W BUTLER DR,PHOENIX,2/9/2026 10:56:28 AM,Commercial,0.00,POSITIVE SYNERGY LLC,SPAD-1008850,,Trash,no_hvac_signal
FEN,26001963,FEN-26001963,https://apps-secure.phoenix.gov/PDD/Search/PermitDetails?permitNum=FEN-26001963,FEN-26001963,221 S 26TH AVE,PHOENIX,2/9/2026 10:54:18 AM,Commercial,0.00,WESTERN FENCE CO INC,SPAD-2503780,,Trash,negative=fence
FEN,26001962,FEN-26001962,https://apps-secure.phoenix.gov/PDD/Search/PermitDetails?permitNum=FEN-26001962,FEN-26001962,5529 N 22ND AVE,PHOENIX,2/9/2026 10:54:04 AM,Commercial,0.00,WESTERN FENCE CO INC,SPAD-2503711,,Trash,negative=fence
FEN,26001961,FEN-26001961,https://apps-secure.phoenix.gov/PDD/Search/PermitDetails?permitNum=FEN-26001961,FEN-26001961,5532 N 21ST AVE,PHOENIX,2/9/2026 10:53:51 AM,Commercial,0.00,WESTERN FENCE CO INC,SPAD-2503710,,Trash,negative=fence
FEN,26001960,FEN-26001960,https://apps-secure.phoenix.gov/PDD/Search/PermitDetails?permitNum=FEN-26001960,FEN-26001960,2030 W MONTEBELLO AVE,PHOENIX,2/9/2026 10:53:31 AM,Commercial,0.00,WESTERN FENCE CO INC,SPAD-2503779,,Trash,negative=fence
RPV,26001957,RPV-26001957,https://apps-secure.phoenix.gov/PDD/Search/PermitDetails?permitNum=RPV-26001957,RPV-26001957,2820 W BUTLER DR,PHOENIX,2/9/2026 10:46:34 AM,Commercial,33857.00,POSITIVE SYNERGY LLC,SPAD-1008850,,Trash,no_hvac_signal
CPO,26001956,CPO-26001956,https://apps-secure.phoenix.gov/PDD/Search/PermitDetails?permitNum=CPO-26001956,CPO-26001956,5959 S 91ST AVE,PHOENIX,2/9/2026 10:45:58 AM,Commercial,0.00,T2 UES INC,SDEV-2600001,,Trash,no_hvac_signal
LPRT,2600718,LPRT-2600718,https://apps-secure.phoenix.gov/PDD/Search/PermitDetails?permitNum=LPRT-2600718,LPRT-2600718,8826 N 23RD AVE,PHOENIX,2/9/2026 10:44:53 AM,Commercial,4913258.40,TO BE BID,,,Trash,no_hvac_signal
F809,26001955,F809-26001955,https://apps-secure.phoenix.gov/PDD/Search/PermitDetails?permitNum=F809-26001955,F809-26001955,5115 N CENTRAL AVE,PHOENIX,2/9/2026 10:44:37 AM,Commercial,0.00,KO FIRE PROTECTION LLC,,,Trash,negative=fire
F875,26001954,F875-26001954,https://apps-secure.phoenix.gov/PDD/Search/PermitDetails?permitNum=F875-26001954,F875-26001954,20350 N CAVE CREEK RD,PHOENIX,2/9/2026 10:41:01 AM,Commercial,0.00,BS INC-PHOENIX,,,Trash,no_hvac_signal
SCSR,2600717,SCSR-2600717,https://apps-secure.phoenix.gov/PDD/Search/PermitDetails?permitNum=SCSR-2600717,SCSR-2600717,2728 W CAMELBACK RD,PHOENIX,2/9/2026 10:37:39 AM,Commercial,0.00,TO BE BID,,,Trash,no_hvac_signal
F875,26001953,F875-26001953,https://apps-secure.phoenix.gov/PDD/Search/PermitDetails?permitNum=F875-26001953,F875-26001953,20330 N CAVE CREEK RD,PHOENIX,2/9/2026 10:37:09 AM,Commercial,0.00,BS INC-PHOENIX,,,Trash,no_hvac_signal
SGNP,215072,SGNP-215072,https://apps-secure.phoenix.gov/PDD/Search/PermitDetails?permitNum=SGNP-215072,SGNP-215072,4645 S 35TH ST,PHOENIX,2/9/2026 10:34:57 AM,Commercial,5000.00,ROCKART INDUSTRIES LLC,LPSG-251572,,Trash,no_hvac_signal
RPV,26001952,RPV-26001952,https://apps-secure.phoenix.gov/PDD/Search/PermitDetails?permitNum=RPV-26001952,RPV-26001952,1106 W ESTES WAY,PHOENIX,2/9/2026 10:28:02 AM,Commercial,31800.00,ICON POWER LLC,SPAD-2600158,,Trash,no_hvac_signal
SGNP,215071,SGNP-215071,https://apps-secure.phoenix.gov/PDD/Search/PermitDetails?permitNum=SGNP-215071,SGNP-215071,7409 W VIRGINIA AVE,PHOENIX,2/9/2026 10:26:35 AM,Commercial,0.00,PEARSON'S ENTERPRISES INC,LPSG-260088,,Trash,no_hvac_signal
SGNP,215070,SGNP-215070,https://apps-secure.phoenix.gov/PDD/Search/PermitDetails?permitNum=SGNP-215070,SGNP-215070,7409 W VIRGINIA AVE,PHOENIX,2/9/2026 10:25:55 AM,Commercial,0.00,PEARSON'S ENTERPRISES INC,LPSG-260088,,Trash,no_hvac_signal
SGNP,215069,SGNP-215069,https://apps-secure.phoenix.gov/PDD/Search/PermitDetails?permitNum=SGNP-215069,SGNP-215069,7409 W VIRGINIA AVE,PHOENIX,2/9/2026 10:24:22 AM,Commercial,0.00,PEARSON'S ENTERPRISES INC,LPSG-260088,,Trash,no_hvac_signal
PAPP,2600716,PAPP-2600716,https://apps-secure.phoenix.gov/PDD/Search/PermitDetails?permitNum=PAPP-2600716,PAPP-2600716,313 E BUCKEYE RD,PHOENIX,2/9/2026 10:17:50 AM,Commercial,0.00,TO BE BID,,,Trash,no_hvac_signal
PLMB,26001951,PLMB-26001951,https://apps-secure.phoenix.gov/PDD/Search/PermitDetails?permitNum=PLMB-26001951,PLMB-26001951,4636 E SHEA BLVD,PHOENIX,2/9/2026 10:03:58 AM,Commercial,42000.00,ATWATER CONSTRUCTION COMPANY INC,LPRM-2501097,,Trash,no_hvac_signal
CDW,26001950,CDW-26001950,https://apps-secure.phoenix.gov/PDD/Search/PermitDetails?permitNum=CDW-26001950,CDW-26001950,801 S 71ST AVE,PHOENIX,2/9/2026 9:59:14 AM,Commercial,0.00,ASPHALT BUSTERS INC,SPAD-1106785,,Trash,no_hvac_signal
F193,2600495,F193-2600495,https://apps-secure.phoenix.gov/PDD/Search/PermitDetails?permitNum=F193-2600495,F193-2600495,4631 E VERMONT AVE S,PHOENIX,2/9/2026 9:28:15 AM,Commercial,0.00,EMPOWER ELECTRIC INC,SPAD-0802948,,Trash,no_hvac_signal
WSFT,26001948,WSFT-26001948,https://apps-secure.phoenix.gov/PDD/Search/PermitDetails?permitNum=WSFT-26001948,WSFT-26001948,229 S 49TH AVE,PHOENIX,2/9/2026 9:20:32 AM,Commercial,0.00,EJ FLOW TEST LLC,SPAD-0207006,,Trash,no_hvac_signal
F105,26001947,F105-26001947,https://apps-secure.phoenix.gov/PDD/Search/PermitDetails?permitNum=F105-26001947,F105-26001947,3050 S 35TH ST,PHOENIX,2/9/2026 9:19:15 AM,Commercial,0.00,AERO AUTOMATIC SPRINKLER COMPANY,FPPD-260046,,Trash,negative=sprinkler
F159,26001945,F159-26001945,https://apps-secure.phoenix.gov/PDD/Search/PermitDetails?permitNum=F159-26001945,F159-26001945,3715 N 31ST ST 13,PHOENIX,2/9/2026 9:10:45 AM,Commercial,0.00,HIGH COUNTRY FIRE PROTECTION INC,FPPD-252208,,Trash,negative=fire
F159,26001946,F159-26001946,https://apps-secure.phoenix.gov/PDD/Search/PermitDetails?permitNum=F159-26001946,F159-26001946,3715 N 31ST ST 15,PHOENIX,2/9/2026 9:10:45 AM,Commercial,0.00,HIGH COUNTRY FIRE PROTECTION INC,FPPD-252205,,Trash,negative=fire
FPPD,260211,FPPD-260211,https://apps-secure.phoenix.gov/PDD/Search/PermitDetails?permitNum=FPPD-260211,FPPD-260211,6323 E GOLD DUST AVE,PHOENIX,2/9/2026 9:10:45 AM,Commercial,0.00,HIGH COUNTRY FIRE PROTECTION INC,,,Trash,negative=fire
PRDV,260011,PRDV-260011,https://apps-secure.phoenix.gov/PDD/Search/PermitDetails?permitNum=PRDV-260011,PRDV-260011,,PHOENIX,2/9/2026 9:05:38 AM,Residential,0.00,TO BE BID,,,Trash,no_hvac_signal
CPSE,2600714,CPSE-2600714,https://apps-secure.phoenix.gov/PDD/Search/PermitDetails?permitNum=CPSE-2600714,CPSE-2600714,4580 E CACTUS RD,PHOENIX,2/9/2026 9:02:23 AM,Commercial,0.00,TO BE BID,,,Trash,no_hvac_signal
F159,26001943,F159-26001943,https://apps-secure.phoenix.gov/PDD/Search/PermitDetails?permitNum=F159-26001943,F159-26001943,20802 N 38TH DR,PHOENIX,2/9/2026 8:36:05 AM,Commercial,0.00,AUTUMN FIRE PROTECTION LLC,FPPD-260108,,Trash,negative=fire
FPPD,260210,FPPD-260210,https://apps-secure.phoenix.gov/PDD/Search/PermitDetails?permitNum=FPPD-260210,FPPD-260210,8130 N BLACK CANYON HWY,PHOENIX,2/9/2026 8:28:52 AM,Commercial,0.00,TO BE BID,,,Trash,no_hvac_signal
FPPD,260210,FPPD-260210,https://apps-secure.phoenix.gov/PDD/Search/PermitDetails?permitNum=FPPD-260210,FPPD-260210,8130 N BLACK CANYON HWY,PHOENIX,2/9/2026 8:28:52 AM,Commercial,0.00,TO BE BID,,,Trash,no_hvac_signal
FPPD,260209,FPPD-260209,https://apps-secure.phoenix.gov/PDD/Search/PermitDetails?permitNum=FPPD-260209,FPPD-260209,4620 E COTTON GIN LOOP,PHOENIX,2/9/2026 8:16:18 AM,Commercial,0.00,FREEDOM FIRE PROTECTION,,,Trash,negative=fire
SGNP,215059,SGNP-215059,https://apps-secure.phoenix.gov/PDD/Search/PermitDetails?permitNum=SGNP-215059,SGNP-215059,17030 N 49TH ST,PHOENIX,2/9/2026 12:00:00 AM,Commercial,13333.00,SIGNS OF THE TIMES,LPSG-260113,,Trash,no_hvac_signal
SGNP,215060,SGNP-215060,https://apps-secure.phoenix.gov/PDD/Search/PermitDetails?permitNum=SGNP-215060,SGNP-215060,17030 N 49TH ST,PHOENIX,2/9/2026 12:00:00 AM,Commercial,13333.00,SIGNS OF THE TIMES,LPSG-260113,,Trash,no_hvac_signal
SGNP,215061,SGNP-215061,https://apps-secure.phoenix.gov/PDD/Search/PermitDetails?permitNum=SGNP-215061,SGNP-215061,17030 N 49TH ST,PHOENIX,2/9/2026 12:00:00 AM,Commercial,13333.00,SIGNS OF THE TIMES,LPSG-260113,,Trash,no_hvac_signal
SGNP,215062,SGNP-215062,https://apps-secure.phoenix.gov/PDD/Search/PermitDetails?permitNum=SGNP-215062,SGNP-215062,18000 N SCOTTSDALE RD,PHOENIX,2/9/2026 12:00:00 AM,Commercial,9000.00,"PEARSON'S (PHOENIX) ENT, INC.",LPSG-251388,,Trash,no_hvac_signal
SGNP,215063,SGNP-215063,https://apps-secure.phoenix.gov/PDD/Search/PermitDetails?permitNum=SGNP-215063,SGNP-215063,18000 N SCOTTSDALE RD,PHOENIX,2/9/2026 12:00:00 AM,Commercial,9000.00,"PEARSON'S (PHOENIX) ENT, INC.",LPSG-251388,,Trash,no_hvac_signal
SGNP,215085,SGNP-215085,https://apps-secure.phoenix.gov/PDD/Search/PermitDetails?permitNum=SGNP-215085,SGNP-215085,3033 N CENTRAL AVE,PHOENIX,2/9/2026 12:00:00 AM,Commercial,2000.00,BOOTZ & DUKE SIGN COMPANY,LPSG-260064,,Trash,negative=sign
SGNP,215086,SGNP-215086,https://apps-secure.phoenix.gov/PDD/Search/PermitDetails?permitNum=SGNP-215086,SGNP-215086,3033 N CENTRAL AVE,PHOENIX,2/9/2026 12:00:00 AM,Commercial,2000.00,BOOTZ & DUKE SIGN COMPANY,LPSG-260064,,Trash,negative=sign
SGNP,215064,SGNP-215064,https://apps-secure.phoenix.gov/PDD/Search/PermitDetails?permitNum=SGNP-215064,SGNP-215064,3512 W THUNDERBIRD RD,PHOENIX,2/9/2026 12:00:00 AM,Commercial,1500.00,"PEARSON'S (PHOENIX) ENT, INC.",LPSG-251482,,Trash,no_hvac_signal
SGNP,215065,SGNP-215065,https://apps-secure.phoenix.gov/PDD/Search/PermitDetails?permitNum=SGNP-215065,SGNP-215065,3512 W THUNDERBIRD RD,PHOENIX,2/9/2026 12:00:00 AM,Commercial,1500.00,"PEARSON'S (PHOENIX) ENT, INC.",LPSG-251482,,Trash,no_hvac_signal
SGNP,215066,SGNP-215066,https://apps-secure.phoenix.gov/PDD/Search/PermitDetails?permitNum=SGNP-215066,SGNP-215066,3512 W THUNDERBIRD RD,PHOENIX,2/9/2026 12:00:00 AM,Commercial,1500.00,"PEARSON'S (PHOENIX) ENT, INC.",LPSG-251482,,Trash,no_hvac_signal
SGNP,215067,SGNP-215067,https://apps-secure.phoenix.gov/PDD/Search/PermitDetails?permitNum=SGNP-215067,SGNP-215067,3512 W THUNDERBIRD RD,PHOENIX,2/9/2026 12:00:00 AM,Commercial,1500.00,"PEARSON'S (PHOENIX) ENT, INC.",LPSG-251482,,Trash,no_hvac_signal
SGNP,215068,SGNP-215068,https://apps-secure.phoenix.gov/PDD/Search/PermitDetails?permitNum=SGNP-215068,SGNP-215068,3512 W THUNDERBIRD RD,PHOENIX,2/9/2026 12:00:00 AM,Commercial,1500.00,"PEARSON'S (PHOENIX) ENT, INC.",LPSG-251482,,Trash,no_hvac_signal
SGNP,215082,SGNP-215082,https://apps-secure.phoenix.gov/PDD/Search/PermitDetails?permitNum=SGNP-215082,SGNP-215082,18500 N ALLIED WAY,PHOENIX,2/9/2026 12:00:00 AM,Commercial,0.00,OWNER,LPSG-260119,,Trash,no_hvac_signal
SGNP,215083,SGNP-215083,https://apps-secure.phoenix.gov/PDD/Search/PermitDetails?permitNum=SGNP-215083,SGNP-215083,18500 N ALLIED WAY,PHOENIX,2/9/2026 12:00:00 AM,Commercial,0.00,OWNER,LPSG-260119,,Trash,no_hvac_signal
CPR,26001958,CPR-26001958,https://apps-secure.phoenix.gov/PDD/Search/PermitDetails?permitNum=CPR-26001958,CPR-26001958,1311 W HATCHER RD,PHOENIX,2/9/2026 12:00:00 AM,Commercial,0.00,ALK ASPHALT LLC,SPAD-0218483,,Trash,no_hvac_signal
CLT,26001959,CLT-26001959,https://apps-secure.phoenix.gov/PDD/Search/PermitDetails?permitNum=CLT-26001959,CLT-26001959,1311 W HATCHER RD,PHOENIX,2/9/2026 12:00:00 AM,Commercial,0.00,MCCAIN CONSTRUCTION LLC,SPAD-0218483,,Trash,no_hvac_signal
CPA,26002098,CPA-26002098,https://apps-secure.phoenix.gov/PDD/Search/PermitDetails?permitNum=CPA-26002098,CPA-26002098,5115 W DOBBINS RD,PHOENIX,2/9/2026 12:00:00 AM,Commercial,0.00,KINGSMAN DEVELOPMENT LLC,CPPA-2506032,,Trash,no_hvac_signal
CCO,26002099,CCO-26002099,https://apps-secure.phoenix.gov/PDD/Search/PermitDetails?permitNum=CCO-26002099,CCO-26002099,5115 W DOBBINS RD,PHOENIX,2/9/2026 12:00:00 AM,Commercial,0.00,KINGSMAN DEVELOPMENT LLC,CPPA-2506032,,Trash,no_hvac_signal
CDF,26002100,CDF-26002100,https://apps-secure.phoenix.gov/PDD/Search/PermitDetails?permitNum=CDF-26002100,CDF-26002100,5115 W DOBBINS RD,PHOENIX,2/9/2026 12:00:00 AM,Commercial,0.00,KINGSMAN DEVELOPMENT LLC,CPPA-2506032,,Trash,no_hvac_signal
CPR,26002101,CPR-26002101,https://apps-secure.phoenix.gov/PDD/Search/PermitDetails?permitNum=CPR-26002101,CPR-26002101,5115 W DOBBINS RD,PHOENIX,2/9/2026 12:00:00 AM,Commercial,0.00,KINGSMAN DEVELOPMENT LLC,CPPA-2506032,,Trash,no_hvac_signal
CFB,26002102,CFB-26002102,https://apps-secure.phoenix.gov/PDD/Search/PermitDetails?permitNum=CFB-26002102,CFB-26002102,5115 W DOBBINS RD,PHOENIX,2/9/2026 12:00:00 AM,Commercial,0.00,KINGSMAN DEVELOPMENT LLC,WSPR-2500051,,Trash,no_hvac_signal
CPR,26002103,CPR-26002103,https://apps-secure.phoenix.gov/PDD/Search/PermitDetails?permitNum=CPR-26002103,CPR-26002103,5115 W DOBBINS RD,PHOENIX,2/9/2026 12:00:00 AM,Commercial,0.00,KINGSMAN DEVELOPMENT LLC,WSPR-2500051,,Trash,no_hvac_signal
CWT,26002104,CWT-26002104,https://apps-secure.phoenix.gov/PDD/Search/PermitDetails?permitNum=CWT-26002104,CWT-26002104,5115 W DOBBINS RD,PHOENIX,2/9/2026 12:00:00 AM,Commercial,0.00,KINGSMAN DEVELOPMENT LLC,WSPR-2500065,,Trash,no_hvac_signal
RPV,26001930,RPV-26001930,https://apps-secure.phoenix.gov/PDD/Search/PermitDetails?permitNum=RPV-26001930,RPV-26001930,9505 S 39TH DR,PHOENIX,2/8/2026 10:00:47 PM,Commercial,48000.00,OWNER,SPAD-2113119,,Trash,no_hvac_signal
F800,2600492,F800-2600492,https://apps-secure.phoenix.gov/PDD/Search/PermitDetails?permitNum=F800-2600492,F800-2600492,9319 N 3RD DR,PHOENIX,2/6/2026 6:40:33 PM,Commercial,0.00,ONEWORLDENERGY LLC,SPAD-0314604,,Trash,no_hvac_signal
RPV,26001929,RPV-26001929,https://apps-secure.phoenix.gov/PDD/Search/PermitDetails?permitNum=RPV-26001929,RPV-26001929,9319 N 3RD DR,PHOENIX,2/6/2026 6:34:09 PM,Commercial,15500.00,ONEWORLDENERGY LLC,SPAD-0314604,,Trash,no_hvac_signal
F800,2600491,F800-2600491,https://apps-secure.phoenix.gov/PDD/Search/PermitDetails?permitNum=F800-2600491,F800-2600491,2951 W ACOMA DR,PHOENIX,2/6/2026 6:21:07 PM,Commercial,0.00,ONEWORLDENERGY LLC,SPAD-1006586,,Trash,no_hvac_signal
F875,26001928,F875-26001928,https://apps-secure.phoenix.gov/PDD/Search/PermitDetails?permitNum=F875-26001928,F875-26001928,4730 E RAY RD,PHOENIX,2/6/2026 5:38:05 PM,Commercial,0.00,"ARIZONA SAFETY TEAM, INC.",,,Trash,no_hvac_signal
FPPD,260208,FPPD-260208,https://apps-secure.phoenix.gov/PDD/Search/PermitDetails?permitNum=FPPD-260208,FPPD-260208,1925 E ILLINI ST,PHOENIX,2/6/2026 4:34:04 PM,Commercial,0.00,H.D.C. FIRE PROTECTION LLC,,,Trash,negative=fire
LPRM,2600711,LPRM-2600711,https://apps-secure.phoenix.gov/PDD/Search/PermitDetails?permitNum=LPRM-2600711,LPRM-2600711,310 E THOMAS RD,PHOENIX,2/6/2026 4:14:52 PM,Commercial,50000.00,TO BE BID,SPAD-2600166,,Trash,no_hvac_signal
FPPD,260207,FPPD-260207,https://apps-secure.phoenix.gov/PDD/Search/PermitDetails?permitNum=FPPD-260207,FPPD-260207,2853 E VAN BUREN ST,PHOENIX,2/6/2026 4:10:23 PM,Commercial,0.00,TO BE BID,,,Trash,no_hvac_signal
LPRM,2600709,LPRM-2600709,https://apps-secure.phoenix.gov/PDD/Search/PermitDetails?permitNum=LPRM-2600709,LPRM-2600709,15970 N DANTE DR,PHOENIX,2/6/2026 4:05:27 PM,Residential,15000.00,TO BE BID,SPAD-0519172,,Trash,no_hvac_signal
FEN,26001927,FEN-26001927,https://apps-secure.phoenix.gov/PDD/Search/PermitDetails?permitNum=FEN-26001927,FEN-26001927,5708 N 21ST AVE,PHOENIX,2/6/2026 4:04:03 PM,Commercial,0.00,WESTERN FENCE CO INC,SPAD-2503709,,Trash,negative=fence
FEN,26001926,FEN-26001926,https://apps-secure.phoenix.gov/PDD/Search/PermitDetails?permitNum=FEN-26001926,FEN-26001926,6805 N 16TH DR,PHOENIX,2/6/2026 4:03:51 PM,Commercial,0.00,WESTERN FENCE CO INC,SPAD-2503778,,Trash,negative=fence
FEN,26001925,FEN-26001925,https://apps-secure.phoenix.gov/PDD/Search/PermitDetails?permitNum=FEN-26001925,FEN-26001925,6752 N 15TH AVE,PHOENIX,2/6/2026 4:03:36 PM,Commercial,0.00,WESTERN FENCE CO INC,SPAD-2503708,,Trash,negative=fence
FEN,26001924,FEN-26001924,https://apps-secure.phoenix.gov/PDD/Search/PermitDetails?permitNum=FEN-26001924,FEN-26001924,3151 N 26TH DR,PHOENIX,2/6/2026 4:03:22 PM,Commercial,0.00,WESTERN FENCE CO INC,SPAD-2503707,,Trash,negative=fence
WSDC,26001923,WSDC-26001923,https://apps-secure.phoenix.gov/PDD/Search/PermitDetails?permitNum=WSDC-26001923,WSDC-26001923,22425 N 16TH ST,PHOENIX,2/6/2026 3:59:52 PM,Commercial,0.00,R DIRECTIONAL DRILLING AND UNDERGROUND TECHNOLOGY INC,SPAD-1609673,,Trash,no_hvac_signal
CLS,26001922,CLS-26001922,https://apps-secure.phoenix.gov/PDD/Search/PermitDetails?permitNum=CLS-26001922,CLS-26001922,4722 N 3RD AVE,PHOENIX,2/6/2026 3:56:15 PM,Commercial,0.00,FIX.DESIGN.BUILD LLC,LSPL-2503838,,Trash,no_hvac_signal
FEN,26001921,FEN-26001921,https://apps-secure.phoenix.gov/PDD/Search/PermitDetails?permitNum=FEN-26001921,FEN-26001921,3150 N 25TH DR,PHOENIX,2/6/2026 3:55:26 PM,Commercial,0.00,WESTERN FENCE CO INC,SPAD-2503706,,Trash,negative=fence
CES,26001920,CES-26001920,https://apps-secure.phoenix.gov/PDD/Search/PermitDetails?permitNum=CES-26001920,CES-26001920,4722 N 3RD AVE,PHOENIX,2/6/2026 3:55:10 PM,Commercial,0.00,FIX.DESIGN.BUILD LLC,LSPL-2503838,,Trash,no_hvac_signal
FEN,26001919,FEN-26001919,https://apps-secure.phoenix.gov/PDD/Search/PermitDetails?permitNum=FEN-26001919,FEN-26001919,421 N 32ND AVE,PHOENIX,2/6/2026 3:55:09 PM,Commercial,0.00,WESTERN FENCE CO INC,SPAD-2503704,,Trash,negative=fence
FEN,26001918,FEN-26001918,https://apps-secure.phoenix.gov/PDD/Search/PermitDetails?permitNum=FEN-26001918,FEN-26001918,420 N 31ST AVE,PHOENIX,2/6/2026 3:54:58 PM,Commercial,0.00,WESTERN FENCE CO INC,SPAD-2503703,,Trash,negative=fence
FEN,26001917,FEN-26001917,https://apps-secure.phoenix.gov/PDD/Search/PermitDetails?permitNum=FEN-26001917,FEN-26001917,3150 N 24TH AVE,PHOENIX,2/6/2026 3:54:45 PM,Commercial,0.00,WESTERN FENCE CO INC,SPAD-2503702,,Trash,negative=fence
FEN,26001916,FEN-26001916,https://apps-secure.phoenix.gov/PDD/Search/PermitDetails?permitNum=FEN-26001916,FEN-26001916,3149 N 24TH DR,PHOENIX,2/6/2026 3:48:51 PM,Commercial,0.00,WESTERN FENCE CO INC,SPAD-2503701,,Trash,negative=fence
FEN,26001915,FEN-26001915,https://apps-secure.phoenix.gov/PDD/Search/PermitDetails?permitNum=FEN-26001915,FEN-26001915,1237 S 18TH AVE,PHOENIX,2/6/2026 3:48:38 PM,Commercial,0.00,WESTERN FENCE CO INC,SPAD-2503699,,Trash,negative=fence
FEN,26001914,FEN-26001914,https://apps-secure.phoenix.gov/PDD/Search/PermitDetails?permitNum=FEN-26001914,FEN-26001914,1236 S 17TH AVE,PHOENIX,2/6/2026 3:48:27 PM,Commercial,0.00,WESTERN FENCE CO INC,SPAD-2503698,,Trash,negative=fence
FEN,26001913,FEN-26001913,https://apps-secure.phoenix.gov/PDD/Search/PermitDetails?permitNum=FEN-26001913,FEN-26001913,7216 N 30TH AVE,PHOENIX,2/6/2026 3:48:11 PM,Commercial,0.00,WESTERN FENCE CO INC,SPAD-2503697,,Trash,negative=fence
OE,26001912,OE-26001912,https://apps-secure.phoenix.gov/PDD/Search/PermitDetails?permitNum=OE-26001912,OE-26001912,340 W HIGHLAND AVE,PHOENIX,2/6/2026 3:47:29 PM,Commercial,1000.00,GAMBOA DEVELOPMENT LLC,SPAD-0413200,,Trash,no_hvac_signal
FEN,26001911,FEN-26001911,https://apps-secure.phoenix.gov/PDD/Search/PermitDetails?permitNum=FEN-26001911,FEN-26001911,7215 N 31ST AVE,PHOENIX,2/6/2026 3:42:51 PM,Commercial,0.00,WESTERN FENCE CO INC,SPAD-2503696,,Trash,negative=fence
FEN,26001910,FEN-26001910,https://apps-secure.phoenix.gov/PDD/Search/PermitDetails?permitNum=FEN-26001910,FEN-26001910,5603 W MARIPOSA ST,PHOENIX,2/6/2026 3:42:37 PM,Commercial,0.00,WESTERN FENCE CO INC,SPAD-2503695,,Trash,negative=fence
FEN,26001909,FEN-26001909,https://apps-secure.phoenix.gov/PDD/Search/PermitDetails?permitNum=FEN-26001909,FEN-26001909,4725 N 57TH AVE,PHOENIX,2/6/2026 3:42:23 PM,Commercial,0.00,WESTERN FENCE CO INC,SPAD-2503694,,Trash,negative=fence
FEN,26001908,FEN-26001908,https://apps-secure.phoenix.gov/PDD/Search/PermitDetails?permitNum=FEN-26001908,FEN-26001908,9643 N 43RD AVE,PHOENIX,2/6/2026 3:42:10 PM,Commercial,0.00,WESTERN FENCE CO INC,SPAD-2503692,,Trash,negative=fence
FEN,26001907,FEN-26001907,https://apps-secure.phoenix.gov/PDD/Search/PermitDetails?permitNum=FEN-26001907,FEN-26001907,9642 N 42ND AVE,PHOENIX,2/6/2026 3:37:18 PM,Commercial,0.00,WESTERN FENCE CO INC,SPAD-2503691,,Trash,negative=fence
FEN,26001906,FEN-26001906,https://apps-secure.phoenix.gov/PDD/Search/PermitDetails?permitNum=FEN-26001906,FEN-26001906,4537 N 37TH AVE,PHOENIX,2/6/2026 3:37:05 PM,Commercial,0.00,WESTERN FENCE CO INC,SPAD-2503690,,Trash,negative=fence
FEN,26001905,FEN-26001905,https://apps-secure.phoenix.gov/PDD/Search/PermitDetails?permitNum=FEN-26001905,FEN-26001905,4536 N 35TH DR,PHOENIX,2/6/2026 3:36:54 PM,Commercial,0.00,WESTERN FENCE CO INC,SPAD-2503689,,Trash,negative=fence
FEN,26001904,FEN-26001904,https://apps-secure.phoenix.gov/PDD/Search/PermitDetails?permitNum=FEN-26001904,FEN-26001904,17652 N 28TH ST,PHOENIX,2/6/2026 3:36:41 PM,Commercial,0.00,WESTERN FENCE CO INC,SPAD-2503688,,Trash,negative=fence
FEN,26001903,FEN-26001903,https://apps-secure.phoenix.gov/PDD/Search/PermitDetails?permitNum=FEN-26001903,FEN-26001903,17621 N 27TH ST,PHOENIX,2/6/2026 3:30:31 PM,Commercial,0.00,WESTERN FENCE CO INC,SPAD-2503687,,Trash,negative=fence
FEN,26001902,FEN-26001902,https://apps-secure.phoenix.gov/PDD/Search/PermitDetails?permitNum=FEN-26001902,FEN-26001902,519 W LYNNE AVE,PHOENIX,2/6/2026 3:30:18 PM,Commercial,0.00,WESTERN FENCE CO INC,SPAD-2503356,,Trash,negative=fence
FEN,26001901,FEN-26001901,https://apps-secure.phoenix.gov/PDD/Search/PermitDetails?permitNum=FEN-26001901,FEN-26001901,520 W ALTA VISTA RD,PHOENIX,2/6/2026 3:30:05 PM,Commercial,0.00,WESTERN FENCE CO INC,SPAD-2503355,,Trash,negative=fence
FEN,26001900,FEN-26001900,https://apps-secure.phoenix.gov/PDD/Search/PermitDetails?permitNum=FEN-26001900,FEN-26001900,7820 W INDIAN SCHOOL RD,PHOENIX,2/6/2026 3:28:14 PM,Commercial,0.00,WESTERN FENCE CO INC,SPAD-2503354,,Trash,negative=fence
WSSD,26001899,WSSD-26001899,https://apps-secure.phoenix.gov/PDD/Search/PermitDetails?permitNum=WSSD-26001899,WSSD-26001899,200 E VAN BUREN ST,PHOENIX,2/6/2026 3:24:32 PM,Commercial,0.00,JOHNSON CONTROLS INC,SPAD-0308440,,Trash,no_hvac_signal
FPPD,260206,FPPD-260206,https://apps-secure.phoenix.gov/PDD/Search/PermitDetails?permitNum=FPPD-260206,FPPD-260206,27720 N 35TH AVE,PHOENIX,2/6/2026 3:19:32 PM,Commercial,0.00,ALPHA FIRE PROTECTION INC,,,Trash,negative=fire
CPR,26001898,CPR-26001898,https://apps-secure.phoenix.gov/PDD/Search/PermitDetails?permitNum=CPR-26001898,CPR-26001898,22036 N 27TH AVE,PHOENIX,2/6/2026 3:12:39 PM,Commercial,0.00,SUN VALLEY GENERAL CONTRACTORS LLC,CPSE-2503359,,Trash,no_hvac_signal
LPRM,2600707,LPRM-2600707,https://apps-secure.phoenix.gov/PDD/Search/PermitDetails?permitNum=LPRM-2600707,LPRM-2600707,25095 N 22ND LN,PHOENIX,2/6/2026 3:11:59 PM,Commercial,150000.00,TO BE BID,,,Trash,no_hvac_signal
PLAT,260006,PLAT-260006,https://apps-secure.phoenix.gov/PDD/Search/PermitDetails?permitNum=PLAT-260006,PLAT-260006,2215 W UNION ST,PHOENIX,2/6/2026 3:11:59 PM,Commercial,0.00,TO BE BID,,,Trash,no_hvac_signal
CPFL,2600700,CPFL-2600700,https://apps-secure.phoenix.gov/PDD/Search/PermitDetails?permitNum=CPFL-2600700,CPFL-2600700,2215 W UNION ST,PHOENIX,2/6/2026 3:11:59 PM,Commercial,0.00,TO BE BID,,,Trash,no_hvac_signal
CPGD,2600701,CPGD-2600701,https://apps-secure.phoenix.gov/PDD/Search/PermitDetails?permitNum=CPGD-2600701,CPGD-2600701,25095 N 22ND LN,PHOENIX,2/6/2026 3:11:59 PM,Commercial,0.00,TO BE BID,CCPH-2600033,,Trash,no_hvac_signal
CPPA,2600702,CPPA-2600702,https://apps-secure.phoenix.gov/PDD/Search/PermitDetails?permitNum=CPPA-2600702,CPPA-2600702,2215 W UNION ST,PHOENIX,2/6/2026 3:11:59 PM,Commercial,0.00,TO BE BID,,,Trash,no_hvac_signal
CPSE,2600703,CPSE-2600703,https://apps-secure.phoenix.gov/PDD/Search/PermitDetails?permitNum=CPSE-2600703,CPSE-2600703,2215 W UNION ST,PHOENIX,2/6/2026 3:11:59 PM,Commercial,0.00,TO BE BID,,,Trash,no_hvac_signal
CPSE,2600704,CPSE-2600704,https://apps-secure.phoenix.gov/PDD/Search/PermitDetails?permitNum=CPSE-2600704,CPSE-2600704,2215 W UNION ST,PHOENIX,2/6/2026 3:11:59 PM,Commercial,0.00,TO BE BID,,,Trash,no_hvac_signal
CPST,2600705,CPST-2600705,https://apps-secure.phoenix.gov/PDD/Search/PermitDetails?permitNum=CPST-2600705,CPST-2600705,2215 W UNION ST,PHOENIX,2/6/2026 3:11:59 PM,Commercial,0.00,TO BE BID,,,Trash,no_hvac_signal
CPSW,2600706,CPSW-2600706,https://apps-secure.phoenix.gov/PDD/Search/PermitDetails?permitNum=CPSW-2600706,CPSW-2600706,2215 W UNION ST,PHOENIX,2/6/2026 3:11:59 PM,Commercial,0.00,TO BE BID,,,Trash,no_hvac_signal
LSIS,2600708,LSIS-2600708,https://apps-secure.phoenix.gov/PDD/Search/PermitDetails?permitNum=LSIS-2600708,LSIS-2600708,2215 W UNION ST,PHOENIX,2/6/2026 3:11:59 PM,Commercial,0.00,TO BE BID,,,Trash,no_hvac_signal
WSSD,26001897,WSSD-26001897,https://apps-secure.phoenix.gov/PDD/Search/PermitDetails?permitNum=WSSD-26001897,WSSD-26001897,4626 S 33RD PL,PHOENIX,2/6/2026 3:10:42 PM,Commercial,0.00,JOHNSON CONTROLS INC,SDEV-2600005,,Trash,no_hvac_signal
CCO,26001896,CCO-26001896,https://apps-secure.phoenix.gov/PDD/Search/PermitDetails?permitNum=CCO-26001896,CCO-26001896,22036 N 27TH AVE,PHOENIX,2/6/2026 3:10:40 PM,Commercial,0.00,SUN VALLEY GENERAL CONTRACTORS LLC,CPSE-2503359,,Trash,no_hvac_signal
RPV,26001895,RPV-26001895,https://apps-secure.phoenix.gov/PDD/Search/PermitDetails?permitNum=RPV-26001895,RPV-26001895,4545 N 67TH AVE 1165,PHOENIX,2/6/2026 3:10:31 PM,Commercial,9720.00,BRIGHT HOME INSTALLATIONS LLC,SPAD-2600156,,Trash,no_hvac_signal
CSE,26001894,CSE-26001894,https://apps-secure.phoenix.gov/PDD/Search/PermitDetails?permitNum=CSE-26001894,CSE-26001894,22036 N 27TH AVE,PHOENIX,2/6/2026 3:09:21 PM,Commercial,0.00,SUN VALLEY GENERAL CONTRACTORS LLC,CPSE-2503359,,Trash,no_hvac_signal
CCO,26001893,CCO-26001893,https://apps-secure.phoenix.gov/PDD/Search/PermitDetails?permitNum=CCO-26001893,CCO-26001893,22036 N 27TH AVE,PHOENIX,2/6/2026 3:07:42 PM,Commercial,0.00,SUN VALLEY GENERAL CONTRACTORS LLC,CPSE-2503358,,Trash,no_hvac_signal
CSE,26001892,CSE-26001892,https://apps-secure.phoenix.gov/PDD/Search/PermitDetails?permitNum=CSE-26001892,CSE-26001892,22036 N 27TH AVE,PHOENIX,2/6/2026 3:05:56 PM,Commercial,0.00,SUN VALLEY GENERAL CONTRACTORS LLC,CPSE-2503358,,Trash,no_hvac_signal
CPR,26001891,CPR-26001891,https://apps-secure.phoenix.gov/PDD/Search/PermitDetails?permitNum=CPR-26001891,CPR-26001891,22036 N 27TH AVE,PHOENIX,2/6/2026 3:04:05 PM,Commercial,0.00,SUN VALLEY GENERAL CONTRACTORS LLC,CPSE-2503358,,Trash,no_hvac_signal
LPRS,2600698,LPRS-2600698,https://apps-secure.phoenix.gov/PDD/Search/PermitDetails?permitNum=LPRS-2600698,LPRS-2600698,25055 N 22ND LN,PHOENIX,2/6/2026 2:57:29 PM,Commercial,990238.20,TO BE BID,,,Trash,no_hvac_signal
TCO,26001890,TCO-26001890,https://apps-secure.phoenix.gov/PDD/Search/PermitDetails?permitNum=TCO-26001890,TCO-26001890,2853 E VAN BUREN ST,PHOENIX,2/6/2026 2:57:03 PM,Commercial,87680.00,STEEL & SPARK LLC,FBB-25021380,,Trash,no_hvac_signal
F129,26001889,F129-26001889,https://apps-secure.phoenix.gov/PDD/Search/PermitDetails?permitNum=F129-26001889,F129-26001889,25800 N NORTERRA PKWY,PHOENIX,2/6/2026 2:56:49 PM,Commercial,0.00,AERO AUTOMATIC SPRINKLER COMPANY,FPPX-260163,,Trash,negative=sprinkler
LPRS,2600697,LPRS-2600697,https://apps-secure.phoenix.gov/PDD/Search/PermitDetails?permitNum=LPRS-2600697,LPRS-2600697,25150 N 21ST AVE,PHOENIX,2/6/2026 2:56:16 PM,Commercial,585874.80,TO BE BID,,,Trash,no_hvac_signal
LPRS,2600696,LPRS-2600696,https://apps-secure.phoenix.gov/PDD/Search/PermitDetails?permitNum=LPRS-2600696,LPRS-2600696,25095 N 22ND LN,PHOENIX,2/6/2026 2:55:08 PM,Commercial,1607959.80,TO BE BID,,,Trash,no_hvac_signal
OSM,26001888,OSM-26001888,https://apps-secure.phoenix.gov/PDD/Search/PermitDetails?permitNum=OSM-26001888,OSM-26001888,10235 N METRO PKWY E,PHOENIX,2/6/2026 2:54:59 PM,Commercial,9995.00,COOLING SOLUTIONS HOLDINGS LLC,SPAD-2009525,,Trash,no_hvac_signal
TCO,26001887,TCO-26001887,https://apps-secure.phoenix.gov/PDD/Search/PermitDetails?permitNum=TCO-26001887,TCO-26001887,2853 E VAN BUREN ST,PHOENIX,2/6/2026 2:53:08 PM,Commercial,500000.00,STEEL & SPARK LLC,FBB-25015839,,Trash,no_hvac_signal
RPV,26001886,RPV-26001886,https://apps-secure.phoenix.gov/PDD/Search/PermitDetails?permitNum=RPV-26001886,RPV-26001886,4631 E VERMONT AVE S,PHOENIX,2/6/2026 2:48:42 PM,Commercial,38250.00,EMPOWER ELECTRIC INC,SPAD-0802948,,Trash,no_hvac_signal
RPV,26001885,RPV-26001885,https://apps-secure.phoenix.gov/PDD/Search/PermitDetails?permitNum=RPV-26001885,RPV-26001885,2951 W ACOMA DR,PHOENIX,2/6/2026 2:47:48 PM,Commercial,35670.00,ONEWORLDENERGY LLC,SPAD-1006586,,Trash,no_hvac_signal
FPPR,260095,FPPR-260095,https://apps-secure.phoenix.gov/PDD/Search/PermitDetails?permitNum=FPPR-260095,FPPR-260095,32200 N 43RD AVE,PHOENIX,2/6/2026 2:43:10 PM,Commercial,0.00,OKLAND CONSTRUCTION COMPANY,SPAD-2102373,,Trash,no_hvac_signal
F800,2600487,F800-2600487,https://apps-secure.phoenix.gov/PDD/Search/PermitDetails?permitNum=F800-2600487,F800-2600487,3611 W HAZELWOOD ST,PHOENIX,2/6/2026 2:40:01 PM,Commercial,0.00,HARMON ELECTRIC,SPAD-2504200,,Trash,no_hvac_signal
F800,2600486,F800-2600486,https://apps-secure.phoenix.gov/PDD/Search/PermitDetails?permitNum=F800-2600486,F800-2600486,8262 W CAMPBELL AVE,PHOENIX,2/6/2026 2:34:17 PM,Residential,0.00,HARMON ELECTRIC,SPAD-0517089,,Trash,no_hvac_signal
F157,26001884,F157-26001884,https://apps-secure.phoenix.gov/PDD/Search/PermitDetails?permitNum=F157-26001884,F157-26001884,231 N 3RD ST,PHOENIX,2/6/2026 2:32:48 PM,Commercial,0.00,SAFARI KELAYEH LLC,FPPD-260151,,Trash,no_hvac_signal
WSSD,26001883,WSSD-26001883,https://apps-secure.phoenix.gov/PDD/Search/PermitDetails?permitNum=WSSD-26001883,WSSD-26001883,122 E CULVER ST,PHOENIX,2/6/2026 2:32:34 PM,Commercial,0.00,A F P FIRE PROTECTION LLC,CCPH-2500095,,Trash,negative=fire
F221,26001882,F221-26001882,https://apps-secure.phoenix.gov/PDD/Search/PermitDetails?permitNum=F221-26001882,F221-26001882,1911 W CHERYL DR,PHOENIX,2/6/2026 2:29:10 PM,Commercial,0.00,DESERT BOOTH SERVICE LLC,FPPR-250750,,Trash,no_hvac_signal
F196,2600485,F196-2600485,https://apps-secure.phoenix.gov/PDD/Search/PermitDetails?permitNum=F196-2600485,F196-2600485,1911 W CHERYL DR,PHOENIX,2/6/2026 2:29:10 PM,Commercial,0.00,DESERT BOOTH SERVICE LLC,FPPR-250750,,Trash,no_hvac_signal
BLDS,26001881,BLDS-26001881,https://apps-secure.phoenix.gov/PDD/Search/PermitDetails?permitNum=BLDS-26001881,BLDS-26001881,4588 E CACTUS RD,PHOENIX,2/6/2026 2:28:24 PM,Commercial,1290000.00,BPR COMPANIES LLC,LPRS-2505899,,Trash,no_hvac_signal
F193,2600483,F193-2600483,https://apps-secure.phoenix.gov/PDD/Search/PermitDetails?permitNum=F193-2600483,F193-2600483,4115 W MESCAL ST,PHOENIX,2/6/2026 2:17:26 PM,Commercial,0.00,SUNVIEW SOLAR INC.,SPAD-1103128,,Trash,negative=solar(?: pv)?
F900,2600482,F900-2600482,https://apps-secure.phoenix.gov/PDD/Search/PermitDetails?permitNum=F900-2600482,F900-2600482,4750 E INDIAN SCHOOL RD,PHOENIX,2/6/2026 2:12:52 PM,Commercial,0.00,NUFLOW FIRE PROTECTION LLC,SPAD-1607995,,Trash,negative=fire
CGD,26001879,CGD-26001879,https://apps-secure.phoenix.gov/PDD/Search/PermitDetails?permitNum=CGD-26001879,CGD-26001879,4588 E CACTUS RD,PHOENIX,2/6/2026 2:10:05 PM,Commercial,0.00,SHANE'S GRADING AND PAVING SERVICES INC,CPGD-2505778,,Trash,no_hvac_signal
RPV,26001878,RPV-26001878,https://apps-secure.phoenix.gov/PDD/Search/PermitDetails?permitNum=RPV-26001878,RPV-26001878,8262 W CAMPBELL AVE,PHOENIX,2/6/2026 2:07:48 PM,Commercial,52850.00,HARMON ELECTRIC,SPAD-0517089,,Trash,no_hvac_signal
CSW,26001877,CSW-26001877,https://apps-secure.phoenix.gov/PDD/Search/PermitDetails?permitNum=CSW-26001877,CSW-26001877,4588 E CACTUS RD,PHOENIX,2/6/2026 2:05:40 PM,Commercial,0.00,MIDWEST CONTRACTING INC,CPSW-2505777,,Trash,no_hvac_signal
LPRM,2600693,LPRM-2600693,https://apps-secure.phoenix.gov/PDD/Search/PermitDetails?permitNum=LPRM-2600693,LPRM-2600693,4545 N MARYVALE PKWY,PHOENIX,2/6/2026 2:03:52 PM,Commercial,19000.00,ARIZONA RECREATION DESIGN INC,,,Trash,no_hvac_signal
BLD,26001876,BLD-26001876,https://apps-secure.phoenix.gov/PDD/Search/PermitDetails?permitNum=BLD-26001876,BLD-26001876,101 N 7TH ST 153,PHOENIX,2/6/2026 2:01:27 PM,Commercial,18600.00,OX CONSTRUCTION LLC,LPBI-2600637,,Trash,no_hvac_signal
WSSD,26001875,WSSD-26001875,https://apps-secure.phoenix.gov/PDD/Search/PermitDetails?permitNum=WSSD-26001875,WSSD-26001875,2060 E BASELINE RD,PHOENIX,2/6/2026 1:55:22 PM,Commercial,0.00,"NEXT LEVEL FIRE & SAFETY, INC.",CCPH-2200367,,Trash,negative=fire
RPDR,2600692,RPDR-2600692,https://apps-secure.phoenix.gov/PDD/Search/PermitDetails?permitNum=RPDR-2600692,RPDR-2600692,3502 E PASADENA AVE,PHOENIX,2/6/2026 1:36:31 PM,Residential,0.00,TO BE BID,,,Trash,no_hvac_signal
F809,26001873,F809-26001873,https://apps-secure.phoenix.gov/PDD/Search/PermitDetails?permitNum=F809-26001873,F809-26001873,4640 E MCDOWELL RD,PHOENIX,2/6/2026 1:25:55 PM,Commercial,0.00,AMS FIRE PROTECTION LLC,SPAD-99003668,,Trash,negative=fire
CSLC,26001872,CSLC-26001872,https://apps-secure.phoenix.gov/PDD/Search/PermitDetails?permitNum=CSLC-26001872,CSLC-26001872,10055 N 40TH ST,PHOENIX,2/6/2026 1:23:08 PM,Residential,0.00,OWNER,CRSC-2600528,,Trash,no_hvac_signal
FPPD,260205,FPPD-260205,https://apps-secure.phoenix.gov/PDD/Search/PermitDetails?permitNum=FPPD-260205,FPPD-260205,25914 N 49TH LN,PHOENIX,2/6/2026 12:38:55 PM,Commercial,0.00,A AND M FIRE PROTECTION LLC,SPAD-0602976,,Trash,negative=fire
RPV,26001871,RPV-26001871,https://apps-secure.phoenix.gov/PDD/Search/PermitDetails?permitNum=RPV-26001871,RPV-26001871,4114 W MAGDALENA LN,PHOENIX,2/6/2026 12:19:48 PM,Commercial,23000.00,ONEWORLDENERGY LLC,SPAD-1401367,,Trash,no_hvac_signal
RVSN,2403775-01,RVSN-2403775-01,https://apps-secure.phoenix.gov/PDD/Search/PermitDetails?permitNum=RVSN-2403775-01,RVSN-2403775-01,28245 N 24TH ST,PHOENIX,2/6/2026 12:12:43 PM,Commercial,56.00,ACHEN GARDNER CONSTRUCTION LLC,,,Trash,no_hvac_signal
RVSN,2403775-01,RVSN-2403775-01,https://apps-secure.phoenix.gov/PDD/Search/PermitDetails?permitNum=RVSN-2403775-01,RVSN-2403775-01,28245 N 24TH ST,PHOENIX,2/6/2026 12:12:43 PM,Commercial,56.00,ACHEN GARDNER CONSTRUCTION LLC,,,Trash,no_hvac_signal
CPGD,2600689,CPGD-2600689,https://apps-secure.phoenix.gov/PDD/Search/PermitDetails?permitNum=CPGD-2600689,CPGD-2600689,13209 N 20TH ST,PHOENIX,2/6/2026 12:05:38 PM,Commercial,0.00,TO BE BID,,,Trash,no_hvac_signal
LSIN,2600688,LSIN-2600688,https://apps-secure.phoenix.gov/PDD/Search/PermitDetails?permitNum=LSIN-2600688,LSIN-2600688,10400 N 25TH AVE,PHOENIX,2/6/2026 11:44:24 AM,Commercial,0.00,TO BE BID,,,Trash,no_hvac_signal
CUT,26001868,CUT-26001868,https://apps-secure.phoenix.gov/PDD/Search/PermitDetails?permitNum=CUT-26001868,CUT-26001868,13434 N SCOTTSDALE RD,PHOENIX,2/6/2026 11:40:59 AM,Commercial,0.00,PREMIER CIVIL CONTRACTING LLC,CCPH-2300297,,Trash,no_hvac_signal
WSHM,26001867,WSHM-26001867,https://apps-secure.phoenix.gov/PDD/Search/PermitDetails?permitNum=WSHM-26001867,WSHM-26001867,21001 N TATUM BLVD,PHOENIX,2/6/2026 11:40:07 AM,Commercial,0.00,OWNER,CCPH-2500285,,Trash,no_hvac_signal
LPRN,2600686,LPRN-2600686,https://apps-secure.phoenix.gov/PDD/Search/PermitDetails?permitNum=LPRN-2600686,LPRN-2600686,20711 N 54TH ST,PHOENIX,2/6/2026 11:27:09 AM,Commercial,92364849.00,TO BE BID,,,Trash,no_hvac_signal
FPPD,260204,FPPD-260204,https://apps-secure.phoenix.gov/PDD/Search/PermitDetails?permitNum=FPPD-260204,FPPD-260204,1605 S 39TH AVE,PHOENIX,2/6/2026 11:22:22 AM,Commercial,0.00,A3 SMART HOME LP,,,Trash,no_hvac_signal
SE,26001865,SE-26001865,https://apps-secure.phoenix.gov/PDD/Search/PermitDetails?permitNum=SE-26001865,SE-26001865,4126 N 73RD AVE,PHOENIX,2/6/2026 11:17:49 AM,Commercial,35500.00,PM COMMUNICATIONS LLC,LPRM-2505650,,Trash,no_hvac_signal
LPRM,2600685,LPRM-2600685,https://apps-secure.phoenix.gov/PDD/Search/PermitDetails?permitNum=LPRM-2600685,LPRM-2600685,2310 W BASELINE RD,PHOENIX,2/6/2026 11:14:30 AM,Residential,0.00,TO BE BID,,,Trash,no_hvac_signal
LPSG,260128,LPSG-260128,https://apps-secure.phoenix.gov/PDD/Search/PermitDetails?permitNum=LPSG-260128,LPSG-260128,20235 N CAVE CREEK RD,PHOENIX,2/6/2026 11:14:29 AM,Commercial,3000.00,BOOTZ & DUKE SIGN COMPANY,,,Trash,negative=sign
WSHM,26001864,WSHM-26001864,https://apps-secure.phoenix.gov/PDD/Search/PermitDetails?permitNum=WSHM-26001864,WSHM-26001864,1138 W WATKINS ST,PHOENIX,2/6/2026 11:12:56 AM,Commercial,0.00,DELTA CONSTRUCTION SERVICES LLC,SPAD-0603322,,Trash,no_hvac_signal
F875,26001863,F875-26001863,https://apps-secure.phoenix.gov/PDD/Search/PermitDetails?permitNum=F875-26001863,F875-26001863,4121 W INNOVATIVE DR,PHOENIX,2/6/2026 11:08:11 AM,Commercial,0.00,METRO FIRE EQ,,,Trash,negative=fire
LPRM,2600684,LPRM-2600684,https://apps-secure.phoenix.gov/PDD/Search/PermitDetails?permitNum=LPRM-2600684,LPRM-2600684,1026 E CLARENDON AVE,PHOENIX,2/6/2026 10:58:01 AM,Commercial,7600.00,SIMPLE ELECTRIC LLC,,,Trash,no_hvac_signal
LPRN,2600683,LPRN-2600683,https://apps-secure.phoenix.gov/PDD/Search/PermitDetails?permitNum=LPRN-2600683,LPRN-2600683,13431 S 44TH ST,PHOENIX,2/6/2026 10:43:50 AM,Commercial,50000.00,TO BE BID,,,Trash,no_hvac_signal
RPV,26001862,RPV-26001862,https://apps-secure.phoenix.gov/PDD/Search/PermitDetails?permitNum=RPV-26001862,RPV-26001862,5025 W DAHLIA DR,PHOENIX,2/6/2026 10:41:36 AM,Commercial,1.00,FREEDOM FOREVER ARIZONA LLC,,,Trash,no_hvac_signal
FPPD,260203,FPPD-260203,https://apps-secure.phoenix.gov/PDD/Search/PermitDetails?permitNum=FPPD-260203,FPPD-260203,25800 N NORTERRA PKWY,PHOENIX,2/6/2026 10:36:05 AM,Commercial,0.00,RCI SYSTEMS INC,,,Trash,no_hvac_signal
CGD,26001860,CGD-26001860,https://apps-secure.phoenix.gov/PDD/Search/PermitDetails?permitNum=CGD-26001860,CGD-26001860,1500 N CENTRAL AVE,PHOENIX,2/6/2026 10:35:57 AM,Commercial,0.00,MIDWEST CONTRACTING INC,CPGD-2501384,,Trash,no_hvac_signal
CCO,26001861,CCO-26001861,https://apps-secure.phoenix.gov/PDD/Search/PermitDetails?permitNum=CCO-26001861,CCO-26001861,1500 N CENTRAL AVE,PHOENIX,2/6/2026 10:35:57 AM,Commercial,0.00,MIDWEST CONTRACTING INC,CPGD-2501384,,Trash,no_hvac_signal
F193,2600479,F193-2600479,https://apps-secure.phoenix.gov/PDD/Search/PermitDetails?permitNum=F193-2600479,F193-2600479,5025 W DAHLIA DR,PHOENIX,2/6/2026 10:34:32 AM,Commercial,0.00,FREEDOM FOREVER ARIZONA LLC,SPAD-1406147,,Trash,no_hvac_signal
F129,26001859,F129-26001859,https://apps-secure.phoenix.gov/PDD/Search/PermitDetails?permitNum=F129-26001859,F129-26001859,755 E WILLETTA ST,PHOENIX,2/6/2026 10:28:13 AM,Commercial,0.00,JOHNSON CONTROLS INC.,FPPD-260107,,Trash,no_hvac_signal
LPSG,260127,LPSG-260127,https://apps-secure.phoenix.gov/PDD/Search/PermitDetails?permitNum=LPSG-260127,LPSG-260127,2200 W NORTHERN AVE,PHOENIX,2/6/2026 10:25:01 AM,Commercial,0.00,WESTERN SIGNS AND LIGHTING L L C,,,Trash,negative=lighting
OP,26001858,OP-26001858,https://apps-secure.phoenix.gov/PDD/Search/PermitDetails?permitNum=OP-26001858,OP-26001858,6240 N 13TH PL,PHOENIX,2/6/2026 10:24:17 AM,Commercial,7800.00,"MUSTANG PLUMBING & ROOTER, INC",,,Trash,negative=plumb(?:ing)?
LPSG,260126,LPSG-260126,https://apps-secure.phoenix.gov/PDD/Search/PermitDetails?permitNum=LPSG-260126,LPSG-260126,701 E BELL RD,PHOENIX,2/6/2026 10:14:32 AM,Residential,8500.00,GLOBAL SIGN WORKS G S W L L C,,,Trash,negative=sign
OE,26001856,OE-26001856,https://apps-secure.phoenix.gov/PDD/Search/PermitDetails?permitNum=OE-26001856,OE-26001856,1830 W GLENROSA AVE,PHOENIX,2/6/2026 10:14:16 AM,Commercial,15000.00,PORTER CONSTRUCTION CO INC,SPAD-0711208,,Trash,no_hvac_signal
F809,26001855,F809-26001855,https://apps-secure.phoenix.gov/PDD/Search/PermitDetails?permitNum=F809-26001855,F809-26001855,2965 W DOVE VALLEY RD,PHOENIX,2/6/2026 10:10:05 AM,Commercial,350000.00,TROJAN FIRE PROTECTION LLC,BLD-25014666,,Trash,negative=fire
F809,26001855,F809-26001855,https://apps-secure.phoenix.gov/PDD/Search/PermitDetails?permitNum=F809-26001855,F809-26001855,2965 W DOVE VALLEY RD,PHOENIX,2/6/2026 10:10:05 AM,Commercial,350000.00,TROJAN FIRE PROTECTION LLC,BLD-25014666,,Trash,negative=fire
AMND,99-35195,AMND-99-35195,https://apps-secure.phoenix.gov/PDD/Search/PermitDetails?permitNum=AMND-99-35195,AMND-99-35195,,PHOENIX,2/6/2026 10:07:19 AM,Residential,0.00,TO BE BID,,,Trash,no_hvac_signal
F226,2600477,F226-2600477,https://apps-secure.phoenix.gov/PDD/Search/PermitDetails?permitNum=F226-2600477,F226-2600477,2650 W THUNDERBIRD RD,PHOENIX,2/6/2026 9:59:37 AM,Commercial,0.00,AMERIGAS PROPANE,FPPR-251287,,Trash,no_hvac_signal
WSSD,26001853,WSSD-26001853,https://apps-secure.phoenix.gov/PDD/Search/PermitDetails?permitNum=WSSD-26001853,WSSD-26001853,801 N 44TH AVE,PHOENIX,2/6/2026 9:43:00 AM,Commercial,0.00,ALLIED FIRE PROTECTION,SPAD-0209473,,Trash,negative=fire
FPPR,260093,FPPR-260093,https://apps-secure.phoenix.gov/PDD/Search/PermitDetails?permitNum=FPPR-260093,FPPR-260093,8185 S 63RD AVE,PHOENIX,2/6/2026 9:32:23 AM,Commercial,0.00,COMMERCIAL SOLAR ARIZONA LLC,SPAD-2500393,,Trash,negative=solar(?: pv)?
FPPR,260094,FPPR-260094,https://apps-secure.phoenix.gov/PDD/Search/PermitDetails?permitNum=FPPR-260094,FPPR-260094,8145 S 63RD AVE,PHOENIX,2/6/2026 9:32:23 AM,Commercial,0.00,COMMERCIAL SOLAR ARIZONA LLC,SPAD-2500393,,Trash,negative=solar(?: pv)?
LPRM,2600680,LPRM-2600680,https://apps-secure.phoenix.gov/PDD/Search/PermitDetails?permitNum=LPRM-2600680,LPRM-2600680,4636 N 32ND ST,PHOENIX,2/6/2026 9:19:32 AM,Commercial,28900.61,SKYLINE STEEL INC,,,Trash,no_hvac_signal
BLD,26001851,BLD-26001851,https://apps-secure.phoenix.gov/PDD/Search/PermitDetails?permitNum=BLD-26001851,BLD-26001851,32300 N 51ST AVE,PHOENIX,2/6/2026 9:16:36 AM,Commercial,28500000.00,SUNDT CONSTRUCTION,PHAS-2502424-03,,Trash,no_hvac_signal
BLD,26001851,BLD-26001851,https://apps-secure.phoenix.gov/PDD/Search/PermitDetails?permitNum=BLD-26001851,BLD-26001851,32300 N 51ST AVE,PHOENIX,2/6/2026 9:16:36 AM,Commercial,28500000.00,SUNDT CONSTRUCTION,PHAS-2502424-03,,Trash,no_hvac_signal
DEM,26001849,DEM-26001849,https://apps-secure.phoenix.gov/PDD/Search/PermitDetails?permitNum=DEM-26001849,DEM-26001849,3133 E CAMELBACK RD,PHOENIX,2/6/2026 9:05:42 AM,Commercial,24808.00,KENNEDY DESIGN BUILD,SPAD-1802997,,Trash,no_hvac_signal
CES,26001848,CES-26001848,https://apps-secure.phoenix.gov/PDD/Search/PermitDetails?permitNum=CES-26001848,CES-26001848,2828 W THUNDERBIRD RD,PHOENIX,2/6/2026 8:57:16 AM,Commercial,0.00,"WESTERN UNDERGROUND, INC.",LSPL-2504390,,Trash,no_hvac_signal
LPRR,2600678,LPRR-2600678,https://apps-secure.phoenix.gov/PDD/Search/PermitDetails?permitNum=LPRR-2600678,LPRR-2600678,1122 S 67TH AVE,PHOENIX,2/6/2026 8:37:39 AM,Commercial,16320.00,DECCA COMMERCIAL BUILDERS INC,,,Trash,no_hvac_signal
FPPD,260202,FPPD-260202,https://apps-secure.phoenix.gov/PDD/Search/PermitDetails?permitNum=FPPD-260202,FPPD-260202,5514 N MARION WAY,PHOENIX,2/6/2026 8:27:10 AM,Residential,0.00,COURTNEY FIRE PROTECTION,,,Trash,negative=fire
ELEC,26001846,ELEC-26001846,https://apps-secure.phoenix.gov/PDD/Search/PermitDetails?permitNum=ELEC-26001846,ELEC-26001846,32200 N 43RD AVE,PHOENIX,2/6/2026 8:14:04 AM,Commercial,224000.00,2000 GOLD LLC,PHAS-2204068-18,,Trash,no_hvac_signal
ELEC,26001846,ELEC-26001846,https://apps-secure.phoenix.gov/PDD/Search/PermitDetails?permitNum=ELEC-26001846,ELEC-26001846,32200 N 43RD AVE,PHOENIX,2/6/2026 8:14:04 AM,Commercial,224000.00,2000 GOLD LLC,PHAS-2204068-18,,Trash,no_hvac_signal
F875,26001845,F875-26001845,https://apps-secure.phoenix.gov/PDD/Search/PermitDetails?permitNum=F875-26001845,F875-26001845,21001 N TATUM BLVD,PHOENIX,2/6/2026 8:11:56 AM,Commercial,0.00,EVERON LLC,,,Trash,no_hvac_signal
RPV,26001843,RPV-26001843,https://apps-secure.phoenix.gov/PDD/Search/PermitDetails?permitNum=RPV-26001843,RPV-26001843,4734 W WALTANN LN,PHOENIX,2/6/2026 8:03:02 AM,Commercial,38610.00,EMPOWER ELECTRIC INC,SPAD-2300881,,Trash,no_hvac_signal
F800,2600474,F800-2600474,https://apps-secure.phoenix.gov/PDD/Search/PermitDetails?permitNum=F800-2600474,F800-2600474,1724 W CITRUS WAY,PHOENIX,2/6/2026 7:55:45 AM,Commercial,0.00,CAPITAL ENERGY LLC,SPAD-1907823,,Trash,no_hvac_signal
F800,2600473,F800-2600473,https://apps-secure.phoenix.gov/PDD/Search/PermitDetails?permitNum=F800-2600473,F800-2600473,1106 W ESTES WAY,PHOENIX,2/6/2026 7:40:59 AM,Commercial,0.00,ICON POWER LLC,SPAD-2600158,,Trash,no_hvac_signal
FPPD,260201,FPPD-260201,https://apps-secure.phoenix.gov/PDD/Search/PermitDetails?permitNum=FPPD-260201,FPPD-260201,4221 E RAYMOND ST,PHOENIX,2/6/2026 7:29:37 AM,Commercial,0.00,U S A FIRE PROTECTION,,,Trash,negative=fire
SGNP,215057,SGNP-215057,https://apps-secure.phoenix.gov/PDD/Search/PermitDetails?permitNum=SGNP-215057,SGNP-215057,21037 N CAVE CREEK RD,PHOENIX,2/6/2026 12:00:00 AM,Commercial,0.00,ROYAL SIGN COMPANY,LPSG-260096,,Trash,negative=sign
SGNP,215058,SGNP-215058,https://apps-secure.phoenix.gov/PDD/Search/PermitDetails?permitNum=SGNP-215058,SGNP-215058,21037 N CAVE CREEK RD,PHOENIX,2/6/2026 12:00:00 AM,Commercial,0.00,ROYAL SIGN COMPANY,LPSG-260096,,Trash,negative=sign
CLS,26001847,CLS-26001847,https://apps-secure.phoenix.gov/PDD/Search/PermitDetails?permitNum=CLS-26001847,CLS-26001847,2425 E CAMELBACK RD,PHOENIX,2/6/2026 12:00:00 AM,Commercial,0.00,CALIENTE LANDSCAPE AND IRRIGATION INC,LSPL-2503018,,Trash,no_hvac_signal
RPDR,2600690,RPDR-2600690,https://apps-secure.phoenix.gov/PDD/Search/PermitDetails?permitNum=RPDR-2600690,RPDR-2600690,3230 W ROOSEVELT ST,PHOENIX,2/6/2026 12:00:00 AM,Commercial,0.00,TO BE BID,,,Trash,no_hvac_signal
RPDR,2600691,RPDR-2600691,https://apps-secure.phoenix.gov/PDD/Search/PermitDetails?permitNum=RPDR-2600691,RPDR-2600691,3250 W ROOSEVELT ST,PHOENIX,2/6/2026 12:00:00 AM,Commercial,0.00,TO BE BID,,,Trash,no_hvac_signal
LPRN,2600673,LPRN-2600673,https://apps-secure.phoenix.gov/PDD/Search/PermitDetails?permitNum=LPRN-2600673,LPRN-2600673,1644 W SUNLAND AVE,PHOENIX,2/5/2026 6:53:11 PM,Commercial,2098980.00,RANAISANCE G.C. LLC,,,Trash,no_hvac_signal
ELEC,26001841,ELEC-26001841,https://apps-secure.phoenix.gov/PDD/Search/PermitDetails?permitNum=ELEC-26001841,ELEC-26001841,731 E HEARN RD,PHOENIX,2/5/2026 5:30:02 PM,Commercial,30000.00,VR ELECTRICAL SERVICES LLC,LPRM-2600146,,Trash,no_hvac_signal
CUT,26001840,CUT-26001840,https://apps-secure.phoenix.gov/PDD/Search/PermitDetails?permitNum=CUT-26001840,CUT-26001840,215 N CENTRAL AVE,PHOENIX,2/5/2026 5:15:58 PM,Commercial,0.00,ADB COMPANIES LLC,SDEV-2500001,,Trash,no_hvac_signal
CUT,26001839,CUT-26001839,https://apps-secure.phoenix.gov/PDD/Search/PermitDetails?permitNum=CUT-26001839,CUT-26001839,281 E MCKINLEY ST,PHOENIX,2/5/2026 5:11:38 PM,Commercial,0.00,ADB COMPANIES LLC,SDEV-2500001,,Trash,no_hvac_signal
RPDR,2600671,RPDR-2600671,https://apps-secure.phoenix.gov/PDD/Search/PermitDetails?permitNum=RPDR-2600671,RPDR-2600671,3937 E MONTEROSA ST,PHOENIX,2/5/2026 4:40:50 PM,Commercial,0.00,TO BE BID,,,Trash,no_hvac_signal
RPDR,2600672,RPDR-2600672,https://apps-secure.phoenix.gov/PDD/Search/PermitDetails?permitNum=RPDR-2600672,RPDR-2600672,3933 E MONTEROSA ST,PHOENIX,2/5/2026 4:40:50 PM,Commercial,0.00,TO BE BID,,,Trash,no_hvac_signal
FPPD,260198,FPPD-260198,https://apps-secure.phoenix.gov/PDD/Search/PermitDetails?permitNum=FPPD-260198,FPPD-260198,7409 W VIRGINIA AVE,PHOENIX,2/5/2026 4:27:28 PM,Residential,0.00,TO BE BID,,,Trash,no_hvac_signal
FPPD,260197,FPPD-260197,https://apps-secure.phoenix.gov/PDD/Search/PermitDetails?permitNum=FPPD-260197,FPPD-260197,2635 E MAGNOLIA ST,PHOENIX,2/5/2026 4:25:16 PM,Commercial,0.00,WESTERN FENCE CO INC,SPAD-0321168,,Trash,negative=fence
DSAP,26023,DSAP-26023,https://apps-secure.phoenix.gov/PDD/Search/PermitDetails?permitNum=DSAP-26023,DSAP-26023,7024 N 3RD ST,PHOENIX,2/5/2026 4:24:29 PM,Residential,0.00,TO BE BID,,,Trash,no_hvac_signal
F800,2600471,F800-2600471,https://apps-secure.phoenix.gov/PDD/Search/PermitDetails?permitNum=F800-2600471,F800-2600471,5362 E HERRERA DR,PHOENIX,2/5/2026 4:07:33 PM,Residential,0.00,SOLAR TOPPS,SPAD-0114504,,Trash,negative=solar(?: pv)?
F227,2600470,F227-2600470,https://apps-secure.phoenix.gov/PDD/Search/PermitDetails?permitNum=F227-2600470,F227-2600470,1902 E LOMA LN,PHOENIX,2/5/2026 4:03:18 PM,Commercial,0.00,BRIGHT HOME INSTALLATIONS LLC,SPAD-0207324,,Trash,no_hvac_signal
CUT,26001837,CUT-26001837,https://apps-secure.phoenix.gov/PDD/Search/PermitDetails?permitNum=CUT-26001837,CUT-26001837,1211 E WINDSOR AVE,PHOENIX,2/5/2026 4:00:53 PM,Residential,0.00,THOMPSON L L C,SPAD-0203834,,Trash,no_hvac_signal
LPSG,260125,LPSG-260125,https://apps-secure.phoenix.gov/PDD/Search/PermitDetails?permitNum=LPSG-260125,LPSG-260125,1580 W GARFIELD ST,PHOENIX,2/5/2026 4:00:47 PM,Commercial,4000.00,ASSOCIATED SIGN COMPANY,,,Trash,negative=sign
LPRR,2600670,LPRR-2600670,https://apps-secure.phoenix.gov/PDD/Search/PermitDetails?permitNum=LPRR-2600670,LPRR-2600670,8325 S CENTRAL AVE,PHOENIX,2/5/2026 3:55:50 PM,Commercial,20400.00,DECCA COMMERCIAL BUILDERS INC,,,Trash,no_hvac_signal
OE,26001836,OE-26001836,https://apps-secure.phoenix.gov/PDD/Search/PermitDetails?permitNum=OE-26001836,OE-26001836,1125 N 3RD ST,PHOENIX,2/5/2026 3:54:11 PM,Commercial,900.00,EOS BUILDERS LLC,SPAD-2201086,,Trash,no_hvac_signal
FPPD,260196,FPPD-260196,https://apps-secure.phoenix.gov/PDD/Search/PermitDetails?permitNum=FPPD-260196,FPPD-260196,9020 W THOMAS RD,PHOENIX,2/5/2026 3:47:59 PM,Commercial,0.00,KO FIRE PROTECTION LLC,,,Trash,negative=fire
RPV,26001835,RPV-26001835,https://apps-secure.phoenix.gov/PDD/Search/PermitDetails?permitNum=RPV-26001835,RPV-26001835,15238 S 37TH PL,PHOENIX,2/5/2026 3:44:19 PM,Commercial,34500.00,INTY SOLAR LLC,SPAD-2600137,,Trash,negative=solar(?: pv)?
F122,26001834,F122-26001834,https://apps-secure.phoenix.gov/PDD/Search/PermitDetails?permitNum=F122-26001834,F122-26001834,2775 W BRONCO BUTTE TRL,PHOENIX,2/5/2026 3:41:57 PM,Commercial,0.00,OLYMPIC WEST FIRE & SECURITY LLC,FPPD-260128,,Trash,negative=fire
F122,26001834,F122-26001834,https://apps-secure.phoenix.gov/PDD/Search/PermitDetails?permitNum=F122-26001834,F122-26001834,2775 W BRONCO BUTTE TRL,PHOENIX,2/5/2026 3:41:57 PM,Commercial,0.00,OLYMPIC WEST FIRE & SECURITY LLC,FPPD-260128,,Trash,negative=fire
DSAP,26021,DSAP-26021,https://apps-secure.phoenix.gov/PDD/Search/PermitDetails?permitNum=DSAP-26021,DSAP-26021,102 S 9TH AVE,PHOENIX,2/5/2026 3:33:39 PM,Residential,0.00,CORE CONSTRUCTION SERVICES OF AZ,,,Trash,no_hvac_signal
DSAP,26022,DSAP-26022,https://apps-secure.phoenix.gov/PDD/Search/PermitDetails?permitNum=DSAP-26022,DSAP-26022,102 S 9TH AVE,PHOENIX,2/5/2026 3:33:39 PM,Residential,0.00,CORE CONSTRUCTION SERVICES OF AZ,,,Trash,no_hvac_signal
RPV,26001833,RPV-26001833,https://apps-secure.phoenix.gov/PDD/Search/PermitDetails?permitNum=RPV-26001833,RPV-26001833,5133 E JUSTICA ST,PHOENIX,2/5/2026 3:32:23 PM,Commercial,34500.00,INTY SOLAR LLC,SPAD-2600153,,Trash,negative=solar(?: pv)?
F193,2600469,F193-2600469,https://apps-secure.phoenix.gov/PDD/Search/PermitDetails?permitNum=F193-2600469,F193-2600469,3761 E MARMORA ST,PHOENIX,2/5/2026 3:19:15 PM,Residential,0.00,SOLAR TOPPS,SPAD-2600161,,Trash,negative=solar(?: pv)?
F157,26001832,F157-26001832,https://apps-secure.phoenix.gov/PDD/Search/PermitDetails?permitNum=F157-26001832,F157-26001832,4839 W SOUTHERN AVE,PHOENIX,2/5/2026 3:16:26 PM,Commercial,0.00,"JSQUARED CONSTRUCTION AND DESIGN, LLC",FPPD-260117,,Trash,no_hvac_signal
CLS,26001831,CLS-26001831,https://apps-secure.phoenix.gov/PDD/Search/PermitDetails?permitNum=CLS-26001831,CLS-26001831,9725 W INDIAN SCHOOL RD,PHOENIX,2/5/2026 3:14:14 PM,Commercial,0.00,HASHKNIFE HOTSHOTS LLC,LSPL-2403515,,Trash,no_hvac_signal
OP,26001830,OP-26001830,https://apps-secure.phoenix.gov/PDD/Search/PermitDetails?permitNum=OP-26001830,OP-26001830,3730 N 97TH AVE,PHOENIX,2/5/2026 3:07:14 PM,Commercial,0.00,CRIMSON COMMERCIAL LLC,CCPH-2400243,,Trash,no_hvac_signal
DEM,26001829,DEM-26001829,https://apps-secure.phoenix.gov/PDD/Search/PermitDetails?permitNum=DEM-26001829,DEM-26001829,2727 E WASHINGTON ST,PHOENIX,2/5/2026 2:58:41 PM,Commercial,315000.00,OCM LLC,SPAD-0504231,,Trash,no_hvac_signal
F481,26001828,F481-26001828,https://apps-secure.phoenix.gov/PDD/Search/PermitDetails?permitNum=F481-26001828,F481-26001828,12770 N TATUM BLVD,PHOENIX,2/5/2026 2:54:14 PM,Commercial,0.00,ALEXANDER BUILDING COMPANY INC,FPPD-260142,,Trash,no_hvac_signal
FPPD,260195,FPPD-260195,https://apps-secure.phoenix.gov/PDD/Search/PermitDetails?permitNum=FPPD-260195,FPPD-260195,822 E UNION HILLS DR,PHOENIX,2/5/2026 2:53:10 PM,Commercial,0.00,METRO VALLEY SYSTEMS LLC,,,Trash,no_hvac_signal
F227,2600467,F227-2600467,https://apps-secure.phoenix.gov/PDD/Search/PermitDetails?permitNum=F227-2600467,F227-2600467,413 W KRISTAL WAY,PHOENIX,2/5/2026 2:52:35 PM,Commercial,0.00,SOUTHFACE ENERGY LLC,SPAD-2016177,,Trash,no_hvac_signal
AMND,98-5944A3,AMND-98-5944A3,https://apps-secure.phoenix.gov/PDD/Search/PermitDetails?permitNum=AMND-98-5944A3,AMND-98-5944A3,3149 E CHANDLER BLVD,PHOENIX,2/5/2026 2:46:26 PM,Commercial,0.00,TO BE BID,,,Trash,no_hvac_signal
OE,26001827,OE-26001827,https://apps-secure.phoenix.gov/PDD/Search/PermitDetails?permitNum=OE-26001827,OE-26001827,8787 W BUCKEYE RD,PHOENIX,2/5/2026 2:39:35 PM,Commercial,725000.00,GEMCO CONSTRUCTORS LLC,,,Trash,no_hvac_signal
RPDR,2600669,RPDR-2600669,https://apps-secure.phoenix.gov/PDD/Search/PermitDetails?permitNum=RPDR-2600669,RPDR-2600669,3941 E MONTEROSA ST,PHOENIX,2/5/2026 2:28:47 PM,Commercial,0.00,TO BE BID,,,Trash,no_hvac_signal
F800,2600466,F800-2600466,https://apps-secure.phoenix.gov/PDD/Search/PermitDetails?permitNum=F800-2600466,F800-2600466,20905 N 38TH ST,PHOENIX,2/5/2026 2:27:28 PM,Commercial,0.00,CAPITAL ENERGY LLC,SPAD-2002907,,Trash,no_hvac_signal
CES,26001822,CES-26001822,https://apps-secure.phoenix.gov/PDD/Search/PermitDetails?permitNum=CES-26001822,CES-26001822,28245 N 24TH ST,PHOENIX,2/5/2026 2:21:23 PM,Commercial,0.00,NATIVE RESOURCES INTERNATIONAL INC,LSAL-2501549,,Trash,no_hvac_signal
CES,26001822,CES-26001822,https://apps-secure.phoenix.gov/PDD/Search/PermitDetails?permitNum=CES-26001822,CES-26001822,28245 N 24TH ST,PHOENIX,2/5/2026 2:21:23 PM,Commercial,0.00,NATIVE RESOURCES INTERNATIONAL INC,LSAL-2501549,,Trash,no_hvac_signal
FPPD,260194,FPPD-260194,https://apps-secure.phoenix.gov/PDD/Search/PermitDetails?permitNum=FPPD-260194,FPPD-260194,42212 N 41ST DR,PHOENIX,2/5/2026 2:17:09 PM,Commercial,0.00,TITAN LANDSCAPE SERVICES LLC,,,Trash,no_hvac_signal
OP,26001821,OP-26001821,https://apps-secure.phoenix.gov/PDD/Search/PermitDetails?permitNum=OP-26001821,OP-26001821,5720 W JEFFERSON ST,PHOENIX,2/5/2026 1:54:00 PM,Commercial,3925.00,FERRELL GAS,SPAD-0117844,,Trash,no_hvac_signal
WSSD,26001820,WSSD-26001820,https://apps-secure.phoenix.gov/PDD/Search/PermitDetails?permitNum=WSSD-26001820,WSSD-26001820,2040 W DEER VALLEY DR,PHOENIX,2/5/2026 1:42:17 PM,Residential,0.00,ABRIGO FIRE PROTECTION,SDEV-2600005,,Trash,negative=fire
F802,26001819,F802-26001819,https://apps-secure.phoenix.gov/PDD/Search/PermitDetails?permitNum=F802-26001819,F802-26001819,7243 N 16TH ST,PHOENIX,2/5/2026 1:38:26 PM,Commercial,0.00,VALLEY FIRE SPRINKLER INC,,,Trash,negative=fire|sprinkler
LPSG,260124,LPSG-260124,https://apps-secure.phoenix.gov/PDD/Search/PermitDetails?permitNum=LPSG-260124,LPSG-260124,3838 E VAN BUREN ST,PHOENIX,2/5/2026 1:28:43 PM,Commercial,10000.00,ABOVE ALL SIGNS LLC,,,Trash,no_hvac_signal
LPRM,2600667,LPRM-2600667,https://apps-secure.phoenix.gov/PDD/Search/PermitDetails?permitNum=LPRM-2600667,LPRM-2600667,1786 N 79TH DR,PHOENIX,2/5/2026 1:21:18 PM,Commercial,39176.00,AGAVE ENVIRONMENTAL CONTRACTIN,,,Trash,no_hvac_signal
CPHG,2600666,CPHG-2600666,https://apps-secure.phoenix.gov/PDD/Search/PermitDetails?permitNum=CPHG-2600666,CPHG-2600666,3625 W MULHOLLAND DR,PHOENIX,2/5/2026 1:15:45 PM,Commercial,0.00,TO BE BID,,,Trash,no_hvac_signal
S,26001818,S-26001818,https://apps-secure.phoenix.gov/PDD/Search/PermitDetails?permitNum=S-26001818,S-26001818,10000 N 31ST AVE,PHOENIX,2/5/2026 12:55:10 PM,Commercial,5000.00,PACIFIC NETWORK SOLUTIONS CONSTRUCTION LLC,LPRM-2600037,,Trash,no_hvac_signal
LPRM,2600665,LPRM-2600665,https://apps-secure.phoenix.gov/PDD/Search/PermitDetails?permitNum=LPRM-2600665,LPRM-2600665,303 E BASELINE RD,PHOENIX,2/5/2026 12:55:10 PM,Commercial,5000.00,NORTHSTAR COMMUNICATIONS INC,,,Trash,no_hvac_signal
CFB,26001817,CFB-26001817,https://apps-secure.phoenix.gov/PDD/Search/PermitDetails?permitNum=CFB-26001817,CFB-26001817,2402 W BEARDSLEY RD,PHOENIX,2/5/2026 12:41:30 PM,Commercial,0.00,B & F CONTRACTING,CPFL-2504208,,Trash,no_hvac_signal
FPPD,260191,FPPD-260191,https://apps-secure.phoenix.gov/PDD/Search/PermitDetails?permitNum=FPPD-260191,FPPD-260191,3990 N 93RD AVE,PHOENIX,2/5/2026 12:40:51 PM,Residential,0.00,OLYMPIC WEST FIRE PROTECTION,,,Trash,negative=fire
FPPD,260192,FPPD-260192,https://apps-secure.phoenix.gov/PDD/Search/PermitDetails?permitNum=FPPD-260192,FPPD-260192,3510 N 93RD AVE,PHOENIX,2/5/2026 12:40:51 PM,Residential,0.00,OLYMPIC WEST FIRE PROTECTION,,,Trash,negative=fire
FPPD,260193,FPPD-260193,https://apps-secure.phoenix.gov/PDD/Search/PermitDetails?permitNum=FPPD-260193,FPPD-260193,3510 N 93RD AVE,PHOENIX,2/5/2026 12:40:51 PM,Residential,0.00,OLYMPIC WEST FIRE PROTECTION,,,Trash,negative=fire
FPPD,260190,FPPD-260190,https://apps-secure.phoenix.gov/PDD/Search/PermitDetails?permitNum=FPPD-260190,FPPD-260190,4066 N 93RD AVE,PHOENIX,2/5/2026 12:37:42 PM,Residential,0.00,OLYMPIC WEST FIRE PROTECTION,,,Trash,negative=fire
BLD,26001816,BLD-26001816,https://apps-secure.phoenix.gov/PDD/Search/PermitDetails?permitNum=BLD-26001816,BLD-26001816,1314 W CAMELBACK RD,PHOENIX,2/5/2026 12:33:44 PM,Commercial,48000.00,ARIZONA TOTAL HOME RESTORATION LLC,LPBI-2600433,,Trash,no_hvac_signal
FPPD,260189,FPPD-260189,https://apps-secure.phoenix.gov/PDD/Search/PermitDetails?permitNum=FPPD-260189,FPPD-260189,13440 N SCOTTSDALE RD,PHOENIX,2/5/2026 12:07:29 PM,Commercial,0.00,H.D.C. FIRE PROTECTION LLC,,,Trash,negative=fire
CSLC,26001814,CSLC-26001814,https://apps-secure.phoenix.gov/PDD/Search/PermitDetails?permitNum=CSLC-26001814,CSLC-26001814,5111 E PRESIDIO RD,PHOENIX,2/5/2026 11:55:19 AM,Commercial,0.00,MN CUSTOM HOMES AZ LLC,CRSC-2600472,,Trash,no_hvac_signal
F802,26001813,F802-26001813,https://apps-secure.phoenix.gov/PDD/Search/PermitDetails?permitNum=F802-26001813,F802-26001813,625 N 6TH ST,PHOENIX,2/5/2026 11:54:26 AM,Commercial,0.00,HILLER COMPANIES INC (THE),,,Trash,no_hvac_signal
F810,2600462,F810-2600462,https://apps-secure.phoenix.gov/PDD/Search/PermitDetails?permitNum=F810-2600462,F810-2600462,1975 S 99TH AVE,PHOENIX,2/5/2026 11:51:09 AM,Commercial,0.00,API GROUP LIFE SAFETY USA LLC,SPAD-2206463,,Trash,no_hvac_signal
CLS,26001812,CLS-26001812,https://apps-secure.phoenix.gov/PDD/Search/PermitDetails?permitNum=CLS-26001812,CLS-26001812,,PHOENIX,2/5/2026 11:38:33 AM,Commercial,0.00,DEVCO DIRTWORKS LLC,LSPL-2203245,,Trash,no_hvac_signal
CWT,26001811,CWT-26001811,https://apps-secure.phoenix.gov/PDD/Search/PermitDetails?permitNum=CWT-26001811,CWT-26001811,2625 W HAZEL DR,PHOENIX,2/5/2026 11:37:13 AM,Commercial,1.00,DEVCO DIRTWORKS LLC,CPWT-2505021,,Trash,no_hvac_signal
F875,26001809,F875-26001809,https://apps-secure.phoenix.gov/PDD/Search/PermitDetails?permitNum=F875-26001809,F875-26001809,645 E MISSOURI AVE,PHOENIX,2/5/2026 11:27:07 AM,Commercial,0.00,IMPACT FIRE SERVICES LLC,,,Trash,negative=fire
F805,26001808,F805-26001808,https://apps-secure.phoenix.gov/PDD/Search/PermitDetails?permitNum=F805-26001808,F805-26001808,11024 N 28TH DR,PHOENIX,2/5/2026 11:26:01 AM,Residential,0.00,A D T SECURITY SYSTEMS,SPAD-0205739,,Trash,no_hvac_signal
F802,26001805,F802-26001805,https://apps-secure.phoenix.gov/PDD/Search/PermitDetails?permitNum=F802-26001805,F802-26001805,3875 W ADAMS ST,PHOENIX,2/5/2026 11:19:24 AM,Commercial,0.00,TITAN ALARM INC,,,Trash,negative=alarm
LPRM,2600662,LPRM-2600662,https://apps-secure.phoenix.gov/PDD/Search/PermitDetails?permitNum=LPRM-2600662,LPRM-2600662,2800 W SONORAN DESERT DR,PHOENIX,2/5/2026 11:14:49 AM,Commercial,31000.00,LAND TECH LANDSCAPE CONSTRUCTION L L C,,,Trash,no_hvac_signal
LPRM,2600661,LPRM-2600661,https://apps-secure.phoenix.gov/PDD/Search/PermitDetails?permitNum=LPRM-2600661,LPRM-2600661,1930 E ADAMS ST,PHOENIX,2/5/2026 11:10:04 AM,Commercial,46000.00,MASON ELECTRIC,,,Trash,no_hvac_signal
WSHM,26001804,WSHM-26001804,https://apps-secure.phoenix.gov/PDD/Search/PermitDetails?permitNum=WSHM-26001804,WSHM-26001804,3737 W DOBBINS RD,PHOENIX,2/5/2026 11:09:51 AM,Commercial,0.00,URBAN METRO BUILDERS INC,CCPH-2400194,,Trash,no_hvac_signal
FPPD,260188,FPPD-260188,https://apps-secure.phoenix.gov/PDD/Search/PermitDetails?permitNum=FPPD-260188,FPPD-260188,33 S 28TH ST,PHOENIX,2/5/2026 11:07:53 AM,Residential,0.00,A P FIRE PROTECTION L L C,,,Trash,negative=fire
FPPD,260188,FPPD-260188,https://apps-secure.phoenix.gov/PDD/Search/PermitDetails?permitNum=FPPD-260188,FPPD-260188,33 S 28TH ST,PHOENIX,2/5/2026 11:07:53 AM,Residential,0.00,A P FIRE PROTECTION L L C,,,Trash,negative=fire
SGNP,215045,SGNP-215045,https://apps-secure.phoenix.gov/PDD/Search/PermitDetails?permitNum=SGNP-215045,SGNP-215045,9796 W MCDOWELL RD,PHOENIX,2/5/2026 11:06:24 AM,Commercial,4000.00,BOOTZ & DUKE SIGN COMPANY,LPSG-260107,,Trash,negative=sign
OP,26001803,OP-26001803,https://apps-secure.phoenix.gov/PDD/Search/PermitDetails?permitNum=OP-26001803,OP-26001803,2800 W SONORAN DESERT DR,PHOENIX,2/5/2026 11:05:26 AM,Residential,10000.00,ARIZONA PROPANE,OP-25008702,,Trash,no_hvac_signal
SE,26001802,SE-26001802,https://apps-secure.phoenix.gov/PDD/Search/PermitDetails?permitNum=SE-26001802,SE-26001802,4010 W INDIAN SCHOOL RD,PHOENIX,2/5/2026 11:00:51 AM,Commercial,45000.00,HORIZONS COMMERCIAL CONTRACTING L L C,LPRR-2504725,,Trash,no_hvac_signal
F129,26001801,F129-26001801,https://apps-secure.phoenix.gov/PDD/Search/PermitDetails?permitNum=F129-26001801,F129-26001801,7333 W THOMAS RD,PHOENIX,2/5/2026 10:53:12 AM,Commercial,0.00,EVERON LLC,FPPD-252353,,Trash,no_hvac_signal
CLS,26001800,CLS-26001800,https://apps-secure.phoenix.gov/PDD/Search/PermitDetails?permitNum=CLS-26001800,CLS-26001800,10000 N 25TH AVE,PHOENIX,2/5/2026 10:51:26 AM,Commercial,0.00,RONNING LANDSCAPING INC,LSPL-2501002,,Trash,no_hvac_signal
CPWT,2600660,CPWT-2600660,https://apps-secure.phoenix.gov/PDD/Search/PermitDetails?permitNum=CPWT-2600660,CPWT-2600660,821 N 11TH AVE,PHOENIX,2/5/2026 10:45:49 AM,Commercial,0.00,TO BE BID,,,Trash,no_hvac_signal
WSSD,26001799,WSSD-26001799,https://apps-secure.phoenix.gov/PDD/Search/PermitDetails?permitNum=WSSD-26001799,WSSD-26001799,,PHOENIX,2/5/2026 10:42:14 AM,Residential,0.00,THE UNIVERSAL GROUP,SPAD-2501624,,Trash,no_hvac_signal
WSDC,26001798,WSDC-26001798,https://apps-secure.phoenix.gov/PDD/Search/PermitDetails?permitNum=WSDC-26001798,WSDC-26001798,2233 W DUNLAP AVE,PHOENIX,2/5/2026 10:41:31 AM,Commercial,0.00,KITCHELL CONTRACTORS INC OF ARIZONA,CCPH-2007724,,Trash,no_hvac_signal
CSIT,26001796,CSIT-26001796,https://apps-secure.phoenix.gov/PDD/Search/PermitDetails?permitNum=CSIT-26001796,CSIT-26001796,12780 N TATUM BLVD,PHOENIX,2/5/2026 10:31:11 AM,Commercial,0.00,OWNER,SCMJ-2502003,,Trash,no_hvac_signal
F479,2600458,F479-2600458,https://apps-secure.phoenix.gov/PDD/Search/PermitDetails?permitNum=F479-2600458,F479-2600458,16725 S 25TH DR,PHOENIX,2/5/2026 10:24:27 AM,Commercial,0.00,M R TANNER CONSTRUCTION,FPPX-260153,,Trash,no_hvac_signal
LPSG,260123,LPSG-260123,https://apps-secure.phoenix.gov/PDD/Search/PermitDetails?permitNum=LPSG-260123,LPSG-260123,3427 E OSBORN RD,PHOENIX,2/5/2026 9:58:45 AM,Commercial,10285.00,SIERRA SIGNS & SERVICE,,,Trash,no_hvac_signal
LPRM,2600657,LPRM-2600657,https://apps-secure.phoenix.gov/PDD/Search/PermitDetails?permitNum=LPRM-2600657,LPRM-2600657,3737 W PINNACLE PEAK RD,PHOENIX,2/5/2026 9:49:11 AM,Commercial,266980.00,TO BE BID,,,Trash,no_hvac_signal
DEM,26001795,DEM-26001795,https://apps-secure.phoenix.gov/PDD/Search/PermitDetails?permitNum=DEM-26001795,DEM-26001795,1946 W MORNINGSIDE DR,PHOENIX,2/5/2026 9:46:18 AM,Commercial,50104.36,BREINHOLT CONTRACTING CO INC,SPAD-0805501,,Trash,no_hvac_signal
WSHM,26001794,WSHM-26001794,https://apps-secure.phoenix.gov/PDD/Search/PermitDetails?permitNum=WSHM-26001794,WSHM-26001794,2425 W SONORAN DESERT DR,PHOENIX,2/5/2026 9:30:52 AM,Commercial,0.00,LEON AZ CONSTRUCTION LLC,CCPH-2300118,,Trash,no_hvac_signal
F802,26001793,F802-26001793,https://apps-secure.phoenix.gov/PDD/Search/PermitDetails?permitNum=F802-26001793,F802-26001793,3550 E CAMPBELL AVE,PHOENIX,2/5/2026 9:28:29 AM,Commercial,0.00,MOUNTAIN STATE FIRE PROTECTION LLC,,,Trash,negative=fire
CPWS,2600656,CPWS-2600656,https://apps-secure.phoenix.gov/PDD/Search/PermitDetails?permitNum=CPWS-2600656,CPWS-2600656,8275 W LOWER BUCKEYE RD,PHOENIX,2/5/2026 9:26:07 AM,Residential,0.00,TO BE BID,,,Trash,no_hvac_signal
CPPA,2600655,CPPA-2600655,https://apps-secure.phoenix.gov/PDD/Search/PermitDetails?permitNum=CPPA-2600655,CPPA-2600655,8275 W LOWER BUCKEYE RD,PHOENIX,2/5/2026 9:19:48 AM,Residential,8.00,TO BE BID,,,Trash,no_hvac_signal
WSHM,26001792,WSHM-26001792,https://apps-secure.phoenix.gov/PDD/Search/PermitDetails?permitNum=WSHM-26001792,WSHM-26001792,2922 E MCDOWELL RD,PHOENIX,2/5/2026 9:17:34 AM,Commercial,0.00,SHANE'S GRADING AND PAVING SERVICES INC,SPAD-0101106,,Trash,no_hvac_signal
LPRM,2600654,LPRM-2600654,https://apps-secure.phoenix.gov/PDD/Search/PermitDetails?permitNum=LPRM-2600654,LPRM-2600654,14615 N 34TH AVE,PHOENIX,2/5/2026 9:17:13 AM,Commercial,35500.00,PM COMMUNICATIONS LLC,,,Trash,no_hvac_signal
FPPR,260090,FPPR-260090,https://apps-secure.phoenix.gov/PDD/Search/PermitDetails?permitNum=FPPR-260090,FPPR-260090,22011 N 16TH ST,PHOENIX,2/5/2026 9:13:33 AM,Residential,0.00,ARIZONA PROPANE,SPAD-0901441,,Trash,no_hvac_signal
F824,2600456,F824-2600456,https://apps-secure.phoenix.gov/PDD/Search/PermitDetails?permitNum=F824-2600456,F824-2600456,2520 E SAN MIGUEL AVE,PHOENIX,2/5/2026 9:07:04 AM,Residential,0.00,ARIZONA PROPANE,SPAD-2300222,,Trash,no_hvac_signal
SGNP,215044,SGNP-215044,https://apps-secure.phoenix.gov/PDD/Search/PermitDetails?permitNum=SGNP-215044,SGNP-215044,3434 W UNION HILLS DR,PHOENIX,2/5/2026 9:06:13 AM,Residential,4000.00,SIGN A RAMA,LPSG-251573,,Trash,negative=sign
BLD,26001791,BLD-26001791,https://apps-secure.phoenix.gov/PDD/Search/PermitDetails?permitNum=BLD-26001791,BLD-26001791,240 N 48TH AVE,PHOENIX,2/5/2026 9:04:22 AM,Commercial,2005801.60,MIRAI CONSTRUCTIONS LLC,LCIT-2504165,,Trash,no_hvac_signal
CPFL,2600653,CPFL-2600653,https://apps-secure.phoenix.gov/PDD/Search/PermitDetails?permitNum=CPFL-2600653,CPFL-2600653,2045 W HILTON AVE,PHOENIX,2/5/2026 9:04:12 AM,Commercial,0.00,COMMERCE CONSTRUCTION CO LIMITED PARTNERSHIP,,,Trash,no_hvac_signal
SGNP,215043,SGNP-215043,https://apps-secure.phoenix.gov/PDD/Search/PermitDetails?permitNum=SGNP-215043,SGNP-215043,3434 W UNION HILLS DR,PHOENIX,2/5/2026 9:00:24 AM,Residential,5000.00,SIGN A RAMA,LPSG-251573,,Trash,negative=sign
SGNP,215042,SGNP-215042,https://apps-secure.phoenix.gov/PDD/Search/PermitDetails?permitNum=SGNP-215042,SGNP-215042,3434 W UNION HILLS DR,PHOENIX,2/5/2026 8:59:14 AM,Residential,500.00,SIGN A RAMA,LPSG-251573,,Trash,negative=sign
SGNP,215041,SGNP-215041,https://apps-secure.phoenix.gov/PDD/Search/PermitDetails?permitNum=SGNP-215041,SGNP-215041,3434 W UNION HILLS DR,PHOENIX,2/5/2026 8:51:32 AM,Residential,4000.00,SIGN A RAMA,LPSG-251573,,Trash,negative=sign
SGNP,215040,SGNP-215040,https://apps-secure.phoenix.gov/PDD/Search/PermitDetails?permitNum=SGNP-215040,SGNP-215040,3434 W UNION HILLS DR,PHOENIX,2/5/2026 8:50:36 AM,Residential,3000.00,SIGN A RAMA,LPSG-251573,,Trash,negative=sign
F159,26001790,F159-26001790,https://apps-secure.phoenix.gov/PDD/Search/PermitDetails?permitNum=F159-26001790,F159-26001790,5350 E EMILE ZOLA AVE,PHOENIX,2/5/2026 8:50:19 AM,Residential,0.00,SUPREME FIRE PROTECTION L L C,FPPD-260143,,Trash,negative=fire
SGNP,215039,SGNP-215039,https://apps-secure.phoenix.gov/PDD/Search/PermitDetails?permitNum=SGNP-215039,SGNP-215039,3434 W UNION HILLS DR,PHOENIX,2/5/2026 8:43:11 AM,Residential,3000.00,SIGN A RAMA,LPSG-251573,,Trash,negative=sign
SGNP,215038,SGNP-215038,https://apps-secure.phoenix.gov/PDD/Search/PermitDetails?permitNum=SGNP-215038,SGNP-215038,3434 W UNION HILLS DR,PHOENIX,2/5/2026 8:41:56 AM,Residential,3000.00,SIGN A RAMA,LPSG-251573,,Trash,negative=sign
SGNP,215037,SGNP-215037,https://apps-secure.phoenix.gov/PDD/Search/PermitDetails?permitNum=SGNP-215037,SGNP-215037,3434 W UNION HILLS DR,PHOENIX,2/5/2026 8:40:45 AM,Residential,5000.00,SIGN A RAMA,LPSG-251573,,Trash,negative=sign
RVSN,2202210-14,RVSN-2202210-14,https://apps-secure.phoenix.gov/PDD/Search/PermitDetails?permitNum=RVSN-2202210-14,RVSN-2202210-14,32200 N 43RD AVE,PHOENIX,2/5/2026 8:33:37 AM,Commercial,0.00,MARKETECH INT'L CORP. USA,PHAS-2202210-12,,Trash,no_hvac_signal
RVSN,2202210-14,RVSN-2202210-14,https://apps-secure.phoenix.gov/PDD/Search/PermitDetails?permitNum=RVSN-2202210-14,RVSN-2202210-14,32200 N 43RD AVE,PHOENIX,2/5/2026 8:33:37 AM,Commercial,0.00,MARKETECH INT'L CORP. USA,PHAS-2202210-12,,Trash,no_hvac_signal
F802,26001789,F802-26001789,https://apps-secure.phoenix.gov/PDD/Search/PermitDetails?permitNum=F802-26001789,F802-26001789,14624 N SCOTTSDALE RD,PHOENIX,2/5/2026 8:24:59 AM,Commercial,0.00,GREENWAY GLOBAL CORPORATION,,,Trash,no_hvac_signal
F824,2600454,F824-2600454,https://apps-secure.phoenix.gov/PDD/Search/PermitDetails?permitNum=F824-2600454,F824-2600454,14820 S 19TH WAY,PHOENIX,2/5/2026 8:16:00 AM,Residential,0.00,MCCARTHY BUILDING COMPANIES,SPAD-2600138,,Trash,no_hvac_signal
LPRR,2600652,LPRR-2600652,https://apps-secure.phoenix.gov/PDD/Search/PermitDetails?permitNum=LPRR-2600652,LPRR-2600652,9816 W TAMARISK AVE,PHOENIX,2/5/2026 8:07:48 AM,Commercial,8750.00,WESPAC CONSTRUCTION,,,Trash,no_hvac_signal
F802,26001788,F802-26001788,https://apps-secure.phoenix.gov/PDD/Search/PermitDetails?permitNum=F802-26001788,F802-26001788,17625 N 7TH ST,PHOENIX,2/5/2026 7:47:13 AM,Commercial,0.00,AMERICAN BACKFLOW AND FIRE PREVENTION INC,,,Trash,negative=backflow|fire
WSDC,26001787,WSDC-26001787,https://apps-secure.phoenix.gov/PDD/Search/PermitDetails?permitNum=WSDC-26001787,WSDC-26001787,8100 W ROOSEVELT ST,PHOENIX,2/5/2026 7:22:22 AM,Commercial,0.00,SUN STATE BUILDERS,CCPH-2200173,,Trash,no_hvac_signal
WSDC,26001786,WSDC-26001786,https://apps-secure.phoenix.gov/PDD/Search/PermitDetails?permitNum=WSDC-26001786,WSDC-26001786,8100 W ROOSEVELT ST,PHOENIX,2/5/2026 7:19:00 AM,Commercial,0.00,SUN STATE BUILDERS,CCPH-2200173,,Trash,no_hvac_signal
WSHM,26001785,WSHM-26001785,https://apps-secure.phoenix.gov/PDD/Search/PermitDetails?permitNum=WSHM-26001785,WSHM-26001785,2408 W MYRTLE AVE,PHOENIX,2/5/2026 7:17:24 AM,Commercial,0.00,MORGAN PAVEMENT MAINTENANCE INC,SPAD-0614171,,Trash,no_hvac_signal
FPPR,260089,FPPR-260089,https://apps-secure.phoenix.gov/PDD/Search/PermitDetails?permitNum=FPPR-260089,FPPR-260089,4901 W ELECTRA LN,PHOENIX,2/5/2026 7:01:09 AM,Commercial,0.00,ICON POWER LLC,SPAD-0207977,,Trash,no_hvac_signal
SGNP,215052,SGNP-215052,https://apps-secure.phoenix.gov/PDD/Search/PermitDetails?permitNum=SGNP-215052,SGNP-215052,555 N 55TH AVE,PHOENIX,2/5/2026 12:00:00 AM,Commercial,200000.00,1ST CHOICE SIGNS AND GRAPHICS INC,LPSG-260075,,Trash,no_hvac_signal
SGNP,215053,SGNP-215053,https://apps-secure.phoenix.gov/PDD/Search/PermitDetails?permitNum=SGNP-215053,SGNP-215053,555 N 55TH AVE,PHOENIX,2/5/2026 12:00:00 AM,Commercial,200000.00,1ST CHOICE SIGNS AND GRAPHICS INC,LPSG-260075,,Trash,no_hvac_signal
SGNP,215055,SGNP-215055,https://apps-secure.phoenix.gov/PDD/Search/PermitDetails?permitNum=SGNP-215055,SGNP-215055,2331 W LIBERTY LN,PHOENIX,2/5/2026 12:00:00 AM,Commercial,179000.00,TRADEMARK VISUAL INC,LPSG-260110,,Trash,no_hvac_signal
SGNP,215056,SGNP-215056,https://apps-secure.phoenix.gov/PDD/Search/PermitDetails?permitNum=SGNP-215056,SGNP-215056,2331 W LIBERTY LN,PHOENIX,2/5/2026 12:00:00 AM,Commercial,179000.00,TRADEMARK VISUAL INC,LPSG-260110,,Trash,no_hvac_signal
SGNP,215054,SGNP-215054,https://apps-secure.phoenix.gov/PDD/Search/PermitDetails?permitNum=SGNP-215054,SGNP-215054,1702 E HIGHLAND AVE,PHOENIX,2/5/2026 12:00:00 AM,Commercial,21000.00,TRADEMARK VISUAL INC,LPSG-260071,,Trash,no_hvac_signal
SGNP,215048,SGNP-215048,https://apps-secure.phoenix.gov/PDD/Search/PermitDetails?permitNum=SGNP-215048,SGNP-215048,12656 N TATUM BLVD,PHOENIX,2/5/2026 12:00:00 AM,Commercial,3965.00,SUMMIT WEST SIGNS,LPSG-251410,,Trash,no_hvac_signal
SGNP,215049,SGNP-215049,https://apps-secure.phoenix.gov/PDD/Search/PermitDetails?permitNum=SGNP-215049,SGNP-215049,12656 N TATUM BLVD,PHOENIX,2/5/2026 12:00:00 AM,Commercial,3965.00,SUMMIT WEST SIGNS,LPSG-251410,,Trash,no_hvac_signal
SGNP,215050,SGNP-215050,https://apps-secure.phoenix.gov/PDD/Search/PermitDetails?permitNum=SGNP-215050,SGNP-215050,12656 N TATUM BLVD,PHOENIX,2/5/2026 12:00:00 AM,Commercial,3965.00,SUMMIT WEST SIGNS,LPSG-251410,,Trash,no_hvac_signal
SGNP,215051,SGNP-215051,https://apps-secure.phoenix.gov/PDD/Search/PermitDetails?permitNum=SGNP-215051,SGNP-215051,12656 N TATUM BLVD,PHOENIX,2/5/2026 12:00:00 AM,Commercial,3965.00,SUMMIT WEST SIGNS,LPSG-251410,,Trash,no_hvac_signal
SGNP,215046,SGNP-215046,https://apps-secure.phoenix.gov/PDD/Search/PermitDetails?permitNum=SGNP-215046,SGNP-215046,1949 E CAMELBACK RD,PHOENIX,2/5/2026 12:00:00 AM,Commercial,2000.00,BOOTZ & DUKE SIGN COMPANY,LPSG-260109,,Trash,negative=sign
SGNP,215047,SGNP-215047,https://apps-secure.phoenix.gov/PDD/Search/PermitDetails?permitNum=SGNP-215047,SGNP-215047,1949 E CAMELBACK RD,PHOENIX,2/5/2026 12:00:00 AM,Commercial,2000.00,BOOTZ & DUKE SIGN COMPANY,LPSG-260109,,Trash,negative=sign
CDW,26001823,CDW-26001823,https://apps-secure.phoenix.gov/PDD/Search/PermitDetails?permitNum=CDW-26001823,CDW-26001823,2329 N 29TH ST,PHOENIX,2/5/2026 12:00:00 AM,Commercial,0.00,RHINO CONTRACTING L L C,CPGD-2506640,,Trash,no_hvac_signal
CPR,26001824,CPR-26001824,https://apps-secure.phoenix.gov/PDD/Search/PermitDetails?permitNum=CPR-26001824,CPR-26001824,2329 N 29TH ST,PHOENIX,2/5/2026 12:00:00 AM,Commercial,0.00,RHINO CONTRACTING L L C,CPGD-2506640,,Trash,no_hvac_signal
CDW,26001825,CDW-26001825,https://apps-secure.phoenix.gov/PDD/Search/PermitDetails?permitNum=CDW-26001825,CDW-26001825,2327 N 29TH ST,PHOENIX,2/5/2026 12:00:00 AM,Commercial,0.00,RHINO CONTRACTING L L C,CPGD-2506607,,Trash,no_hvac_signal
CPR,26001826,CPR-26001826,https://apps-secure.phoenix.gov/PDD/Search/PermitDetails?permitNum=CPR-26001826,CPR-26001826,2327 N 29TH ST,PHOENIX,2/5/2026 12:00:00 AM,Commercial,0.00,RHINO CONTRACTING L L C,CPGD-2506607,,Trash,no_hvac_signal
FPPD,260199,FPPD-260199,https://apps-secure.phoenix.gov/PDD/Search/PermitDetails?permitNum=FPPD-260199,FPPD-260199,102 W WATKINS ST,PHOENIX,2/5/2026 12:00:00 AM,Commercial,0.00,AMERICAN FENCE OF ARIZONA,SPAD-0009098,,Trash,negative=fence
FPPD,260200,FPPD-260200,https://apps-secure.phoenix.gov/PDD/Search/PermitDetails?permitNum=FPPD-260200,FPPD-260200,102 W WATKINS ST,PHOENIX,2/5/2026 12:00:00 AM,Commercial,0.00,BJERK BUILDERS,SPAD-0009098,,Trash,no_hvac_signal
F809,26001783,F809-26001783,https://apps-secure.phoenix.gov/PDD/Search/PermitDetails?permitNum=F809-26001783,F809-26001783,4255 W THUNDERBIRD RD,PHOENIX,2/4/2026 8:47:52 PM,Commercial,0.00,METRO FIRE EQ,,,Trash,negative=fire
F809,26001782,F809-26001782,https://apps-secure.phoenix.gov/PDD/Search/PermitDetails?permitNum=F809-26001782,F809-26001782,3131 E THUNDERBIRD RD,PHOENIX,2/4/2026 8:41:39 PM,Commercial,0.00,METRO FIRE EQ,,,Trash,negative=fire
CPFL,2600651,CPFL-2600651,https://apps-secure.phoenix.gov/PDD/Search/PermitDetails?permitNum=CPFL-2600651,CPFL-2600651,111 N 17TH ST 2A,PHOENIX,2/4/2026 7:33:38 PM,Commercial,0.00,TO BE BID,,,Trash,no_hvac_signal
WSSD,26001781,WSSD-26001781,https://apps-secure.phoenix.gov/PDD/Search/PermitDetails?permitNum=WSSD-26001781,WSSD-26001781,107 S 41ST AVE,PHOENIX,2/4/2026 6:46:07 PM,Commercial,0.00,METRO FIRE EQUIPMENT,SPAD-2004186,,Trash,negative=fire
WSSD,26001779,WSSD-26001779,https://apps-secure.phoenix.gov/PDD/Search/PermitDetails?permitNum=WSSD-26001779,WSSD-26001779,4902 E MCDOWELL RD,PHOENIX,2/4/2026 6:39:03 PM,Residential,0.00,METRO FIRE EQ,SPAD-0106053,,Trash,negative=fire
WSSD,26001778,WSSD-26001778,https://apps-secure.phoenix.gov/PDD/Search/PermitDetails?permitNum=WSSD-26001778,WSSD-26001778,4440 E ELWOOD ST,PHOENIX,2/4/2026 6:35:50 PM,Commercial,0.00,METRO FIRE EQUIPMENT,SPAD-2001532,,Trash,negative=fire
WSSD,26001777,WSSD-26001777,https://apps-secure.phoenix.gov/PDD/Search/PermitDetails?permitNum=WSSD-26001777,WSSD-26001777,3737 N 7TH ST,PHOENIX,2/4/2026 6:32:47 PM,Commercial,0.00,METRO FIRE EQUIPMENT,SDEV-2600005,,Trash,negative=fire
WSSD,26001776,WSSD-26001776,https://apps-secure.phoenix.gov/PDD/Search/PermitDetails?permitNum=WSSD-26001776,WSSD-26001776,610 E BASELINE RD,PHOENIX,2/4/2026 6:29:21 PM,Commercial,0.00,METRO FIRE EQ,SPAD-0014009,,Trash,negative=fire
WSSD,26001775,WSSD-26001775,https://apps-secure.phoenix.gov/PDD/Search/PermitDetails?permitNum=WSSD-26001775,WSSD-26001775,300 E OSBORN RD,PHOENIX,2/4/2026 6:24:34 PM,Residential,0.00,METRO FIRE EQ,SPAD-0517794,,Trash,negative=fire
WSSD,26001774,WSSD-26001774,https://apps-secure.phoenix.gov/PDD/Search/PermitDetails?permitNum=WSSD-26001774,WSSD-26001774,1745 W LINDEN ST,PHOENIX,2/4/2026 6:21:02 PM,Residential,0.00,METRO FIRE EQ,SPAD-0011283,,Trash,negative=fire
LPRM,2600650,LPRM-2600650,https://apps-secure.phoenix.gov/PDD/Search/PermitDetails?permitNum=LPRM-2600650,LPRM-2600650,4250 W BASELINE RD,PHOENIX,2/4/2026 5:41:20 PM,Commercial,141400.00,NERD POWER AZ LLC,,,Trash,no_hvac_signal
DSAP,26020,DSAP-26020,https://apps-secure.phoenix.gov/PDD/Search/PermitDetails?permitNum=DSAP-26020,DSAP-26020,1222 S 8TH AVE,PHOENIX,2/4/2026 5:09:05 PM,Residential,0.00,TO BE BID,,,Trash,no_hvac_signal
WSDC,26001773,WSDC-26001773,https://apps-secure.phoenix.gov/PDD/Search/PermitDetails?permitNum=WSDC-26001773,WSDC-26001773,801 W JEFFERSON ST,PHOENIX,2/4/2026 5:08:02 PM,Residential,0.00,CORE CONSTRUCTION SERVICES OF AZ,CCPH-2400479,,Trash,no_hvac_signal
WSFT,26001770,WSFT-26001770,https://apps-secure.phoenix.gov/PDD/Search/PermitDetails?permitNum=WSFT-26001770,WSFT-26001770,4555 E MAYO BLVD,PHOENIX,2/4/2026 4:51:26 PM,Commercial,0.00,ATWELL LLC,CCPH-2100012,,Trash,no_hvac_signal
WSFT,26001771,WSFT-26001771,https://apps-secure.phoenix.gov/PDD/Search/PermitDetails?permitNum=WSFT-26001771,WSFT-26001771,4555 E MAYO BLVD,PHOENIX,2/4/2026 4:51:26 PM,Commercial,0.00,ATWELL LLC,CCPH-2100012,,Trash,no_hvac_signal
WSFT,26001772,WSFT-26001772,https://apps-secure.phoenix.gov/PDD/Search/PermitDetails?permitNum=WSFT-26001772,WSFT-26001772,4555 E MAYO BLVD,PHOENIX,2/4/2026 4:51:26 PM,Commercial,0.00,ATWELL LLC,CCPH-2100012,,Trash,no_hvac_signal
F800,2600453,F800-2600453,https://apps-secure.phoenix.gov/PDD/Search/PermitDetails?permitNum=F800-2600453,F800-2600453,5133 E JUSTICA ST,PHOENIX,2/4/2026 4:47:10 PM,Commercial,0.00,INTY SOLAR LLC,SPAD-2600153,,Trash,negative=solar(?: pv)?
F159,26001769,F159-26001769,https://apps-secure.phoenix.gov/PDD/Search/PermitDetails?permitNum=F159-26001769,F159-26001769,4165 E ST JOSEPH WAY,PHOENIX,2/4/2026 4:42:41 PM,Commercial,0.00,FIRE SPRINKLER INSTALLERS LLC,FPPD-260123,,Trash,negative=fire|sprinkler
CES,26001768,CES-26001768,https://apps-secure.phoenix.gov/PDD/Search/PermitDetails?permitNum=CES-26001768,CES-26001768,,PHOENIX,2/4/2026 4:41:46 PM,Commercial,0.00,MEYER-HENSLER LLC,LSAL-2304175,,Trash,no_hvac_signal
LSPL,2600649,LSPL-2600649,https://apps-secure.phoenix.gov/PDD/Search/PermitDetails?permitNum=LSPL-2600649,LSPL-2600649,20711 N 54TH ST,PHOENIX,2/4/2026 4:39:18 PM,Commercial,0.00,MILL CREEK RENEWABLES LLC,,,Trash,no_hvac_signal
RPV,26001767,RPV-26001767,https://apps-secure.phoenix.gov/PDD/Search/PermitDetails?permitNum=RPV-26001767,RPV-26001767,5340 W ENCANTO BLVD,PHOENIX,2/4/2026 4:35:03 PM,Commercial,51498.80,POSITIVE SYNERGY LLC,SPAD-0014238,,Trash,no_hvac_signal
CPWT,2600648,CPWT-2600648,https://apps-secure.phoenix.gov/PDD/Search/PermitDetails?permitNum=CPWT-2600648,CPWT-2600648,20711 N 54TH ST,PHOENIX,2/4/2026 4:19:46 PM,Commercial,0.00,TO BE BID,,,Trash,no_hvac_signal
CPGD,2600647,CPGD-2600647,https://apps-secure.phoenix.gov/PDD/Search/PermitDetails?permitNum=CPGD-2600647,CPGD-2600647,3939 W CAREFREE HWY,PHOENIX,2/4/2026 4:19:18 PM,Commercial,99.00,KIMLEY-HORN AND ASSOCIATES INC,,,Trash,no_hvac_signal
LPSG,260120,LPSG-260120,https://apps-secure.phoenix.gov/PDD/Search/PermitDetails?permitNum=LPSG-260120,LPSG-260120,3510 W PEORIA AVE,PHOENIX,2/4/2026 4:16:57 PM,Commercial,2000.00,ROCKART INDUSTRIES LLC,,,Trash,no_hvac_signal
F193,2600452,F193-2600452,https://apps-secure.phoenix.gov/PDD/Search/PermitDetails?permitNum=F193-2600452,F193-2600452,4510 N 29TH AVE,PHOENIX,2/4/2026 4:16:12 PM,Commercial,0.00,BRIGHT HOME INSTALLATIONS LLC,SPAD-2600144,,Trash,no_hvac_signal
OE,26001766,OE-26001766,https://apps-secure.phoenix.gov/PDD/Search/PermitDetails?permitNum=OE-26001766,OE-26001766,2328 N 52ND ST,PHOENIX,2/4/2026 4:09:20 PM,Commercial,5240.00,MAXIMUS LLC,SPAD-2500486,,Trash,no_hvac_signal
F800,2600451,F800-2600451,https://apps-secure.phoenix.gov/PDD/Search/PermitDetails?permitNum=F800-2600451,F800-2600451,3620 W DIANA AVE,PHOENIX,2/4/2026 4:00:03 PM,Commercial,0.00,ONEWORLDENERGY LLC,SPAD-2101021,,Trash,no_hvac_signal
F875,26001765,F875-26001765,https://apps-secure.phoenix.gov/PDD/Search/PermitDetails?permitNum=F875-26001765,F875-26001765,15785 S DESERT FOOTHILLS PKWY,PHOENIX,2/4/2026 3:21:43 PM,Residential,0.00,METRO FIRE EQ,,,Trash,negative=fire
F809,26001764,F809-26001764,https://apps-secure.phoenix.gov/PDD/Search/PermitDetails?permitNum=F809-26001764,F809-26001764,3131 E THUNDERBIRD RD,PHOENIX,2/4/2026 3:07:40 PM,Commercial,0.00,VALLEY FIRE SPRINKLER INC,,,Trash,negative=fire|sprinkler
CES,26001763,CES-26001763,https://apps-secure.phoenix.gov/PDD/Search/PermitDetails?permitNum=CES-26001763,CES-26001763,3434 W UNION HILLS DR,PHOENIX,2/4/2026 2:57:13 PM,Commercial,0.00,FLAGSTAFF BUILDERS LLC,LSPL-2504447,,Trash,no_hvac_signal
RPV,26001762,RPV-26001762,https://apps-secure.phoenix.gov/PDD/Search/PermitDetails?permitNum=RPV-26001762,RPV-26001762,1710 E CINNABAR AVE,PHOENIX,2/4/2026 2:53:38 PM,Commercial,80940.58,APOLLO SOLAR LLC,SPAD-2503682,,Trash,negative=solar(?: pv)?
FPPR,260085,FPPR-260085,https://apps-secure.phoenix.gov/PDD/Search/PermitDetails?permitNum=FPPR-260085,FPPR-260085,1710 E CINNABAR AVE,PHOENIX,2/4/2026 2:53:38 PM,Commercial,0.00,APOLLO SOLAR LLC,SPAD-2503682,,Trash,negative=solar(?: pv)?
F162,2600450,F162-2600450,https://apps-secure.phoenix.gov/PDD/Search/PermitDetails?permitNum=F162-2600450,F162-2600450,4700 N 12TH ST,PHOENIX,2/4/2026 2:51:46 PM,Commercial,161280.00,TONNESEN INC.,COFO-1807201,,Trash,no_hvac_signal
ELEC,26001759,ELEC-26001759,https://apps-secure.phoenix.gov/PDD/Search/PermitDetails?permitNum=ELEC-26001759,ELEC-26001759,3941 W MOHAVE ST,PHOENIX,2/4/2026 2:45:16 PM,Commercial,12000.00,"APEX TECHNICAL SALES, INC.",LPRM-2600260,,Trash,no_hvac_signal
CSW,26001758,CSW-26001758,https://apps-secure.phoenix.gov/PDD/Search/PermitDetails?permitNum=CSW-26001758,CSW-26001758,,PHOENIX,2/4/2026 2:44:50 PM,Commercial,0.00,MEYER-HENSLER LLC,CPSW-2208936,,Trash,no_hvac_signal
FPPD,260187,FPPD-260187,https://apps-secure.phoenix.gov/PDD/Search/PermitDetails?permitNum=FPPD-260187,FPPD-260187,10 W ADAMS ST,PHOENIX,2/4/2026 2:30:15 PM,Residential,0.00,METRO FIRE EQ,,,Trash,negative=fire
LPRN,2600643,LPRN-2600643,https://apps-secure.phoenix.gov/PDD/Search/PermitDetails?permitNum=LPRN-2600643,LPRN-2600643,2915 W BELL RD,PHOENIX,2/4/2026 2:27:22 PM,Commercial,500000.00,TO BE BID,,,Trash,no_hvac_signal
LPRN,2600642,LPRN-2600642,https://apps-secure.phoenix.gov/PDD/Search/PermitDetails?permitNum=LPRN-2600642,LPRN-2600642,9310 W THOMAS RD,PHOENIX,2/4/2026 2:24:39 PM,Commercial,193952.00,TO BE BID,,,Trash,no_hvac_signal
DEM,26001757,DEM-26001757,https://apps-secure.phoenix.gov/PDD/Search/PermitDetails?permitNum=DEM-26001757,DEM-26001757,202 E EARLL DR 200,PHOENIX,2/4/2026 2:20:42 PM,Commercial,156800.00,C L W CONSTRUCTION INC,SPAD-0005342,,Trash,no_hvac_signal
DEM,26001756,DEM-26001756,https://apps-secure.phoenix.gov/PDD/Search/PermitDetails?permitNum=DEM-26001756,DEM-26001756,544 W MCDOWELL RD,PHOENIX,2/4/2026 2:17:28 PM,Commercial,10000.00,LEVEL 11 DESIGN BUILD LLC,SPAD-1302006,,Trash,no_hvac_signal
F129,26001755,F129-26001755,https://apps-secure.phoenix.gov/PDD/Search/PermitDetails?permitNum=F129-26001755,F129-26001755,1840 N 95TH AVE,PHOENIX,2/4/2026 2:16:48 PM,Commercial,0.00,METRO FIRE EQUIPMENT,FPPD-260156,,Trash,negative=fire
RPDR,2600641,RPDR-2600641,https://apps-secure.phoenix.gov/PDD/Search/PermitDetails?permitNum=RPDR-2600641,RPDR-2600641,3516 E MEADOWBROOK AVE,PHOENIX,2/4/2026 2:09:49 PM,Residential,0.00,TO BE BID,,,Trash,no_hvac_signal
FPPD,260186,FPPD-260186,https://apps-secure.phoenix.gov/PDD/Search/PermitDetails?permitNum=FPPD-260186,FPPD-260186,4137 W ADAMS ST,PHOENIX,2/4/2026 2:06:39 PM,Commercial,0.00,SUMMIT FIRE PROTECTION CO,,,Trash,negative=fire
F171,2600449,F171-2600449,https://apps-secure.phoenix.gov/PDD/Search/PermitDetails?permitNum=F171-2600449,F171-2600449,,PHOENIX,2/4/2026 2:03:40 PM,Commercial,0.00,ARIZONA PROFESSIONAL EXCAVATING LLC,SPAD-2300297,,Trash,no_hvac_signal
LPRR,2600640,LPRR-2600640,https://apps-secure.phoenix.gov/PDD/Search/PermitDetails?permitNum=LPRR-2600640,LPRR-2600640,217 E OLYMPIC DR,PHOENIX,2/4/2026 2:00:53 PM,Residential,9405.00,TO BE BID,,,Trash,no_hvac_signal
WSFT,26001753,WSFT-26001753,https://apps-secure.phoenix.gov/PDD/Search/PermitDetails?permitNum=WSFT-26001753,WSFT-26001753,1021 N 59TH AVE,PHOENIX,2/4/2026 2:00:15 PM,Commercial,0.00,EJ FLOW TEST LLC,SPAD-2502791,,Trash,no_hvac_signal
WSFT,26001752,WSFT-26001752,https://apps-secure.phoenix.gov/PDD/Search/PermitDetails?permitNum=WSFT-26001752,WSFT-26001752,5209 S 24TH ST,PHOENIX,2/4/2026 1:53:24 PM,Commercial,0.00,HUNTER ENGINEERING LLC,SDEV-2600014,,Trash,no_hvac_signal
CGD,26001750,CGD-26001750,https://apps-secure.phoenix.gov/PDD/Search/PermitDetails?permitNum=CGD-26001750,CGD-26001750,4020 S 13TH ST,PHOENIX,2/4/2026 1:52:21 PM,Commercial,0.00,S & S PAVING AND CONSTRUCTION,CPGD-2501440,,Trash,no_hvac_signal
CSW,26001751,CSW-26001751,https://apps-secure.phoenix.gov/PDD/Search/PermitDetails?permitNum=CSW-26001751,CSW-26001751,4020 S 13TH ST,PHOENIX,2/4/2026 1:52:21 PM,Commercial,0.00,H&B BUILDERS LLC,CPSW-2502576,,Trash,no_hvac_signal
F800,2600448,F800-2600448,https://apps-secure.phoenix.gov/PDD/Search/PermitDetails?permitNum=F800-2600448,F800-2600448,2363 E DESERT TRUMPET RD,PHOENIX,2/4/2026 1:45:53 PM,Commercial,0.00,INTY SOLAR LLC,SPAD-0006222,,Trash,negative=solar(?: pv)?
F177,2600447,F177-2600447,https://apps-secure.phoenix.gov/PDD/Search/PermitDetails?permitNum=F177-2600447,F177-2600447,17603 N 58TH PL,PHOENIX,2/4/2026 1:40:08 PM,Commercial,0.00,ATMOSPHERE POOLS AND LANDSCAPING LLC,FPPR-260030,,Trash,no_hvac_signal
WSHM,26001749,WSHM-26001749,https://apps-secure.phoenix.gov/PDD/Search/PermitDetails?permitNum=WSHM-26001749,WSHM-26001749,17225 N TATUM BLVD,PHOENIX,2/4/2026 1:36:24 PM,Commercial,0.00,ENE CONSTRUCTION LLC,SDEV-2600004,,Trash,no_hvac_signal
WSSD,26001748,WSSD-26001748,https://apps-secure.phoenix.gov/PDD/Search/PermitDetails?permitNum=WSSD-26001748,WSSD-26001748,3750 W INDIAN SCHOOL RD,PHOENIX,2/4/2026 1:32:07 PM,Commercial,0.00,A C S INSPECTION SERVICES LLC,SPAD-0702893,,Trash,no_hvac_signal
F175,26001746,F175-26001746,https://apps-secure.phoenix.gov/PDD/Search/PermitDetails?permitNum=F175-26001746,F175-26001746,2016 N CENTRAL AVE,PHOENIX,2/4/2026 1:27:58 PM,Commercial,0.00,FIERRO FIRE AND SECURITY LLC,FPPD-251320,,Trash,negative=fire
F122,26001747,F122-26001747,https://apps-secure.phoenix.gov/PDD/Search/PermitDetails?permitNum=F122-26001747,F122-26001747,13221 N 34TH ST,PHOENIX,2/4/2026 1:27:58 PM,Commercial,0.00,FIERRO FIRE AND SECURITY LLC,FPPD-252689,,Trash,negative=fire
OP,26001745,OP-26001745,https://apps-secure.phoenix.gov/PDD/Search/PermitDetails?permitNum=OP-26001745,OP-26001745,1406 W CAMELBACK RD,PHOENIX,2/4/2026 1:25:43 PM,Commercial,40000.00,FAST LAYNE PLUMBING LLC,SDEV-2200473,,Trash,negative=plumb(?:ing)?
F122,26001744,F122-26001744,https://apps-secure.phoenix.gov/PDD/Search/PermitDetails?permitNum=F122-26001744,F122-26001744,3515 W UNION HILLS DR,PHOENIX,2/4/2026 1:25:35 PM,Commercial,0.00,FIERRO FIRE AND SECURITY LLC,FPPD-252705,,Trash,negative=fire
LPBI,2600639,LPBI-2600639,https://apps-secure.phoenix.gov/PDD/Search/PermitDetails?permitNum=LPBI-2600639,LPBI-2600639,3950 E INDIAN SCHOOL RD,PHOENIX,2/4/2026 1:18:12 PM,Commercial,15048.00,TO BE BID,BLSC-16026481,,Trash,no_hvac_signal
RPV,26001743,RPV-26001743,https://apps-secure.phoenix.gov/PDD/Search/PermitDetails?permitNum=RPV-26001743,RPV-26001743,3456 E ASHURST DR,PHOENIX,2/4/2026 1:13:44 PM,Commercial,34200.00,INTY SOLAR LLC,SPAD-1705881,,Trash,negative=solar(?: pv)?
FPPD,260185,FPPD-260185,https://apps-secure.phoenix.gov/PDD/Search/PermitDetails?permitNum=FPPD-260185,FPPD-260185,3000 E CHAMBERS ST,PHOENIX,2/4/2026 12:52:45 PM,Commercial,0.00,SHAMBAUGH AND SON L P,,,Trash,no_hvac_signal
FPPD,260184,FPPD-260184,https://apps-secure.phoenix.gov/PDD/Search/PermitDetails?permitNum=FPPD-260184,FPPD-260184,32400 N 29TH AVE,PHOENIX,2/4/2026 12:41:14 PM,Commercial,0.00,TO BE BID,,,Trash,no_hvac_signal
F800,2600445,F800-2600445,https://apps-secure.phoenix.gov/PDD/Search/PermitDetails?permitNum=F800-2600445,F800-2600445,2342 E PECAN RD,PHOENIX,2/4/2026 12:41:02 PM,Commercial,0.00,UNITED ENERGY PARTNERS LLC,SPAD-0510866,,Trash,no_hvac_signal
F159,26001741,F159-26001741,https://apps-secure.phoenix.gov/PDD/Search/PermitDetails?permitNum=F159-26001741,F159-26001741,5818 N 3RD AVE,PHOENIX,2/4/2026 12:32:34 PM,Commercial,0.00,ARIZONA FIRE PROTECTION INC.,FPPD-260065,,Trash,negative=fire
FEN,26001740,FEN-26001740,https://apps-secure.phoenix.gov/PDD/Search/PermitDetails?permitNum=FEN-26001740,FEN-26001740,4125 E BASELINE RD,PHOENIX,2/4/2026 12:21:15 PM,Commercial,52800.00,ARCO DB COMPANIES INC,LPRN-2504623,,Trash,no_hvac_signal
F105,26001739,F105-26001739,https://apps-secure.phoenix.gov/PDD/Search/PermitDetails?permitNum=F105-26001739,F105-26001739,509 E BELL RD,PHOENIX,2/4/2026 11:59:49 AM,Commercial,0.00,VALLEY FIRE SPRINKLER INC,FPPD-260139,,Trash,negative=fire|sprinkler
SGNP,215029,SGNP-215029,https://apps-secure.phoenix.gov/PDD/Search/PermitDetails?permitNum=SGNP-215029,SGNP-215029,610 E BELL RD,PHOENIX,2/4/2026 11:51:40 AM,Commercial,4500.00,SANDSTORM SIGNS AND SERVICES INC,LPSG-260065,,Trash,no_hvac_signal
LPRM,2600638,LPRM-2600638,https://apps-secure.phoenix.gov/PDD/Search/PermitDetails?permitNum=LPRM-2600638,LPRM-2600638,1909 W LIBERTY LN,PHOENIX,2/4/2026 11:43:28 AM,Commercial,9500.00,TO BE BID,,,Trash,no_hvac_signal
CSL,26001738,CSL-26001738,https://apps-secure.phoenix.gov/PDD/Search/PermitDetails?permitNum=CSL-26001738,CSL-26001738,23636 N 66TH LN,PHOENIX,2/4/2026 11:39:33 AM,Residential,0.00,OWNER,CPGD-2506659,,Trash,no_hvac_signal
RPV,26001737,RPV-26001737,https://apps-secure.phoenix.gov/PDD/Search/PermitDetails?permitNum=RPV-26001737,RPV-26001737,15226 N 52ND ST,PHOENIX,2/4/2026 11:35:20 AM,Commercial,20880.00,TESLA,SPAD-2600117,,Trash,no_hvac_signal
DSAP,26019,DSAP-26019,https://apps-secure.phoenix.gov/PDD/Search/PermitDetails?permitNum=DSAP-26019,DSAP-26019,4531 N 7TH ST,PHOENIX,2/4/2026 11:35:00 AM,Commercial,0.00,TO BE BID,,,Trash,no_hvac_signal
LPBI,2600637,LPBI-2600637,https://apps-secure.phoenix.gov/PDD/Search/PermitDetails?permitNum=LPBI-2600637,LPBI-2600637,101 N 7TH ST 153,PHOENIX,2/4/2026 11:34:33 AM,Commercial,12500.00,OX CONSTRUCTION LLC,SPAD-0406530,,Trash,no_hvac_signal
F800,2600444,F800-2600444,https://apps-secure.phoenix.gov/PDD/Search/PermitDetails?permitNum=F800-2600444,F800-2600444,3964 W DESERT HILLS DR,PHOENIX,2/4/2026 11:31:04 AM,Commercial,0.00,PROSTRUCT SOLAR LLC,SPAD-2600111,,Trash,negative=solar(?: pv)?
F105,26001736,F105-26001736,https://apps-secure.phoenix.gov/PDD/Search/PermitDetails?permitNum=F105-26001736,F105-26001736,5154 N 27TH AVE,PHOENIX,2/4/2026 11:30:16 AM,Residential,0.00,ALLIED FIRE PROTECTION,FPPD-260054,,Trash,negative=fire
OE,26001735,OE-26001735,https://apps-secure.phoenix.gov/PDD/Search/PermitDetails?permitNum=OE-26001735,OE-26001735,114 W CAMELBACK RD,PHOENIX,2/4/2026 11:25:06 AM,Residential,2300.00,S.E.E. B.L.U.E. I.C. L.L.C.,SPAD-1107096,,Trash,no_hvac_signal
BLD,26001734,BLD-26001734,https://apps-secure.phoenix.gov/PDD/Search/PermitDetails?permitNum=BLD-26001734,BLD-26001734,4041 E CAMELBACK RD,PHOENIX,2/4/2026 11:20:13 AM,Commercial,67704.00,ADVANCED DEVELOPMENT AND BUILDING SERVICES LLC,LPBI-2600376,,Trash,no_hvac_signal
WSHM,26001731,WSHM-26001731,https://apps-secure.phoenix.gov/PDD/Search/PermitDetails?permitNum=WSHM-26001731,WSHM-26001731,2329 N 29TH ST,PHOENIX,2/4/2026 11:05:22 AM,Commercial,0.00,D R HORTON INC,SPAD-2111331,,Trash,no_hvac_signal
LPRT,2600636,LPRT-2600636,https://apps-secure.phoenix.gov/PDD/Search/PermitDetails?permitNum=LPRT-2600636,LPRT-2600636,2500 E UNIVERSITY DR,PHOENIX,2/4/2026 11:03:57 AM,Commercial,397300.00,WILLMENG CONSTRUCTION,,,Trash,no_hvac_signal
F194,2600443,F194-2600443,https://apps-secure.phoenix.gov/PDD/Search/PermitDetails?permitNum=F194-2600443,F194-2600443,5012 W ROWEL RD,PHOENIX,2/4/2026 11:02:29 AM,Commercial,0.00,SOLAR OPTIMUM INC.,FPPR-260019,,Trash,negative=solar(?: pv)?
F159,26001728,F159-26001728,https://apps-secure.phoenix.gov/PDD/Search/PermitDetails?permitNum=F159-26001728,F159-26001728,5111 N 41ST ST,PHOENIX,2/4/2026 11:01:52 AM,Commercial,0.00,FIRE SPRINKLER INSTALLERS LLC,FPPD-260132,,Trash,negative=fire|sprinkler
WSFT,26001727,WSFT-26001727,https://apps-secure.phoenix.gov/PDD/Search/PermitDetails?permitNum=WSFT-26001727,WSFT-26001727,7043 E ANN WAY,PHOENIX,2/4/2026 10:55:24 AM,Commercial,0.00,FIRE AND SAFETY SOLUTIONS LLC,SPAD-2502470,,Trash,negative=fire
BLD,26001726,BLD-26001726,https://apps-secure.phoenix.gov/PDD/Search/PermitDetails?permitNum=BLD-26001726,BLD-26001726,5701 W VAN BUREN ST,PHOENIX,2/4/2026 10:55:16 AM,Commercial,350000.00,ULLMAN CONSTRUCTION COMPANY LLC,LPRR-2305599,,Trash,no_hvac_signal
LPSG,260119,LPSG-260119,https://apps-secure.phoenix.gov/PDD/Search/PermitDetails?permitNum=LPSG-260119,LPSG-260119,18500 N ALLIED WAY,PHOENIX,2/4/2026 10:49:09 AM,Commercial,0.00,OWNER,,,Trash,no_hvac_signal
WSSD,26001724,WSSD-26001724,https://apps-secure.phoenix.gov/PDD/Search/PermitDetails?permitNum=WSSD-26001724,WSSD-26001724,2624 E SOUTH MOUNTAIN AVE,PHOENIX,2/4/2026 10:48:34 AM,Residential,0.00,CINTAS FIRE PROTECTION,SPAD-0209065,,Trash,negative=fire
F805,26001723,F805-26001723,https://apps-secure.phoenix.gov/PDD/Search/PermitDetails?permitNum=F805-26001723,F805-26001723,34406 N 27TH DR,PHOENIX,2/4/2026 10:42:46 AM,Commercial,0.00,EVERON LLC,SPAD-0521000,,Trash,no_hvac_signal
LPRM,2600634,LPRM-2600634,https://apps-secure.phoenix.gov/PDD/Search/PermitDetails?permitNum=LPRM-2600634,LPRM-2600634,3001 N 3RD ST,PHOENIX,2/4/2026 10:40:29 AM,Commercial,30000.00,TO BE BID,,,Trash,no_hvac_signal
F809,26001722,F809-26001722,https://apps-secure.phoenix.gov/PDD/Search/PermitDetails?permitNum=F809-26001722,F809-26001722,3333 E CAMELBACK RD,PHOENIX,2/4/2026 10:38:15 AM,Commercial,0.00,METRO FIRE EQ,,,Trash,negative=fire
F193,2600442,F193-2600442,https://apps-secure.phoenix.gov/PDD/Search/PermitDetails?permitNum=F193-2600442,F193-2600442,3009 N 17TH DR,PHOENIX,2/4/2026 10:36:49 AM,Commercial,0.00,FREEDOM FOREVER ARIZONA LLC,SPAD-0715792,,Trash,no_hvac_signal
F805,26001721,F805-26001721,https://apps-secure.phoenix.gov/PDD/Search/PermitDetails?permitNum=F805-26001721,F805-26001721,3255 E ELWOOD ST,PHOENIX,2/4/2026 10:34:48 AM,Commercial,0.00,EVERON LLC,SPAD-0005934,,Trash,no_hvac_signal
RPV,26001717,RPV-26001717,https://apps-secure.phoenix.gov/PDD/Search/PermitDetails?permitNum=RPV-26001717,RPV-26001717,3009 N 17TH DR,PHOENIX,2/4/2026 10:28:33 AM,Commercial,38400.00,FREEDOM FOREVER ARIZONA LLC,SPAD-0715792,,Trash,no_hvac_signal
F129,26001716,F129-26001716,https://apps-secure.phoenix.gov/PDD/Search/PermitDetails?permitNum=F129-26001716,F129-26001716,14648 N SCOTTSDALE RD,PHOENIX,2/4/2026 10:26:23 AM,Commercial,0.00,GREENWAY GLOBAL CORPORATION,FPPD-260028,,Trash,no_hvac_signal
AMND,01-21781A1,AMND-01-21781A1,https://apps-secure.phoenix.gov/PDD/Search/PermitDetails?permitNum=AMND-01-21781A1,AMND-01-21781A1,1111 W DOBBINS RD,PHOENIX,2/4/2026 10:24:58 AM,Residential,0.00,TO BE BID,,,Trash,no_hvac_signal
F157,26001715,F157-26001715,https://apps-secure.phoenix.gov/PDD/Search/PermitDetails?permitNum=F157-26001715,F157-26001715,739 W LINCOLN ST,PHOENIX,2/4/2026 10:13:21 AM,Commercial,0.00,KERNS PLUMBING L L C,FPPD-260174,,Trash,negative=plumb(?:ing)?
CLS,26001714,CLS-26001714,https://apps-secure.phoenix.gov/PDD/Search/PermitDetails?permitNum=CLS-26001714,CLS-26001714,12780 N TATUM BLVD,PHOENIX,2/4/2026 10:10:42 AM,Commercial,0.00,REED LANDSCAPE,LSPL-2503256,,Trash,no_hvac_signal
F157,26001713,F157-26001713,https://apps-secure.phoenix.gov/PDD/Search/PermitDetails?permitNum=F157-26001713,F157-26001713,3045 S 35TH AVE,PHOENIX,2/4/2026 10:03:53 AM,Commercial,0.00,THE NINES LLC,FPPD-251537,,Trash,no_hvac_signal
FPPD,260183,FPPD-260183,https://apps-secure.phoenix.gov/PDD/Search/PermitDetails?permitNum=FPPD-260183,FPPD-260183,,PHOENIX,2/4/2026 9:58:40 AM,Commercial,0.00,TO BE BID,,,Trash,no_hvac_signal
BLD,26001712,BLD-26001712,https://apps-secure.phoenix.gov/PDD/Search/PermitDetails?permitNum=BLD-26001712,BLD-26001712,4215 W BELL RD,PHOENIX,2/4/2026 9:57:13 AM,Commercial,85760.00,P H CONSTRUCTIONS LLC,LPRR-2507046,,Trash,no_hvac_signal
LPSG,260118,LPSG-260118,https://apps-secure.phoenix.gov/PDD/Search/PermitDetails?permitNum=LPSG-260118,LPSG-260118,1535 E BASELINE RD,PHOENIX,2/4/2026 9:53:59 AM,Commercial,7600.00,ROCKART INDUSTRIES LLC,,,Trash,no_hvac_signal
EXTH,260008,EXTH-260008,https://apps-secure.phoenix.gov/PDD/Search/PermitDetails?permitNum=EXTH-260008,EXTH-260008,2425 E CAMELBACK RD,PHOENIX,2/4/2026 9:47:02 AM,Residential,0.00,OWNER,BLD-25019294,,Trash,no_hvac_signal
LPBI,2600632,LPBI-2600632,https://apps-secure.phoenix.gov/PDD/Search/PermitDetails?permitNum=LPBI-2600632,LPBI-2600632,2501 W HAPPY VALLEY RD 4,PHOENIX,2/4/2026 9:36:04 AM,Commercial,71820.00,UNIVERSAL LAND CONSTRUCTION COMPANY INC,,,Trash,no_hvac_signal
CSLC,26001708,CSLC-26001708,https://apps-secure.phoenix.gov/PDD/Search/PermitDetails?permitNum=CSLC-26001708,CSLC-26001708,3501 N 34TH PL,PHOENIX,2/4/2026 9:31:41 AM,Commercial,0.00,MN CUSTOM HOMES AZ LLC,CRSC-2600429,,Trash,no_hvac_signal
F809,26001705,F809-26001705,https://apps-secure.phoenix.gov/PDD/Search/PermitDetails?permitNum=F809-26001705,F809-26001705,5035 W BASELINE RD,PHOENIX,2/4/2026 9:23:45 AM,Commercial,0.00,FIREHOUSE SOLUTIONS LLC,,,Trash,no_hvac_signal
F100,26001704,F100-26001704,https://apps-secure.phoenix.gov/PDD/Search/PermitDetails?permitNum=F100-26001704,F100-26001704,9750 W INDIAN SCHOOL RD,PHOENIX,2/4/2026 9:22:21 AM,Commercial,0.00,OLYMPIC WEST FIRE PROTECTION,FPPD-252114,,Trash,negative=fire
F875,26001703,F875-26001703,https://apps-secure.phoenix.gov/PDD/Search/PermitDetails?permitNum=F875-26001703,F875-26001703,4707 E CACTUS RD,PHOENIX,2/4/2026 9:22:06 AM,Commercial,0.00,SUMMIT FIRE PROTECTION CO,,,Trash,negative=fire
WSHM,26001702,WSHM-26001702,https://apps-secure.phoenix.gov/PDD/Search/PermitDetails?permitNum=WSHM-26001702,WSHM-26001702,2740 E UNION HILLS DR,PHOENIX,2/4/2026 9:10:53 AM,Commercial,0.00,VALLEYWIDE DIG AND HAUL LLC,SDEV-2600004,,Trash,no_hvac_signal
F140,2600438,F140-2600438,https://apps-secure.phoenix.gov/PDD/Search/PermitDetails?permitNum=F140-2600438,F140-2600438,3152 E BELL RD,PHOENIX,2/4/2026 8:51:51 AM,Commercial,0.00,VEQUITY CONSTRUCTION LLC,FPPX-260152,,Trash,no_hvac_signal
FPPD,260182,FPPD-260182,https://apps-secure.phoenix.gov/PDD/Search/PermitDetails?permitNum=FPPD-260182,FPPD-260182,3116 W DAILEY ST,PHOENIX,2/4/2026 8:45:06 AM,Residential,0.00,TO BE BID,,,Trash,no_hvac_signal
F227,2600432,F227-2600432,https://apps-secure.phoenix.gov/PDD/Search/PermitDetails?permitNum=F227-2600432,F227-2600432,22605 N 32ND ST,PHOENIX,2/4/2026 7:45:38 AM,Commercial,0.00,SUNSOLAR SOLUTIONS INC,SPAD-1900412,,Trash,no_hvac_signal
F122,26001699,F122-26001699,https://apps-secure.phoenix.gov/PDD/Search/PermitDetails?permitNum=F122-26001699,F122-26001699,2530 S 52ND AVE,PHOENIX,2/4/2026 7:33:46 AM,Commercial,0.00,OLYMPIC WEST FIRE & SECURITY LLC,FPPD-252580,,Trash,negative=fire
F122,26001699,F122-26001699,https://apps-secure.phoenix.gov/PDD/Search/PermitDetails?permitNum=F122-26001699,F122-26001699,2530 S 52ND AVE,PHOENIX,2/4/2026 7:33:46 AM,Commercial,0.00,OLYMPIC WEST FIRE & SECURITY LLC,FPPD-252580,,Trash,negative=fire
LPSG,260117,LPSG-260117,https://apps-secure.phoenix.gov/PDD/Search/PermitDetails?permitNum=LPSG-260117,LPSG-260117,12835 N 32ND ST,PHOENIX,2/4/2026 7:28:01 AM,Commercial,15000.00,ADVANCED SIGN & LIGHTING INC,,,Trash,negative=lighting|sign
FPPD,260181,FPPD-260181,https://apps-secure.phoenix.gov/PDD/Search/PermitDetails?permitNum=FPPD-260181,FPPD-260181,10649 W BUCKEYE RD,PHOENIX,2/4/2026 7:00:19 AM,Commercial,0.00,INTELLIGRATED COMMUNICATIONS INC,,,Trash,no_hvac_signal
WSHM,26001698,WSHM-26001698,https://apps-secure.phoenix.gov/PDD/Search/PermitDetails?permitNum=WSHM-26001698,WSHM-26001698,,PHOENIX,2/4/2026 6:54:27 AM,Commercial,0.00,D R HORTON INC,CCPH-2500396,,Trash,no_hvac_signal
WSHM,26001697,WSHM-26001697,https://apps-secure.phoenix.gov/PDD/Search/PermitDetails?permitNum=WSHM-26001697,WSHM-26001697,,PHOENIX,2/4/2026 6:52:09 AM,Commercial,0.00,D R HORTON INC,CCPH-2500396,,Trash,no_hvac_signal
DEM,26001710,DEM-26001710,https://apps-secure.phoenix.gov/PDD/Search/PermitDetails?permitNum=DEM-26001710,DEM-26001710,4028 W WHITTON AVE,PHOENIX,2/4/2026 12:00:00 AM,Commercial,7000.00,I AND I CONSTRUCTION LLC,SPAD-2600149,,Trash,no_hvac_signal
SGNP,215033,SGNP-215033,https://apps-secure.phoenix.gov/PDD/Search/PermitDetails?permitNum=SGNP-215033,SGNP-215033,1 E DEER VALLEY DR,PHOENIX,2/4/2026 12:00:00 AM,Commercial,4700.00,SIGN A RAMA EAST BELL ROAD,LPSG-260037,,Trash,negative=sign
DEM,26001709,DEM-26001709,https://apps-secure.phoenix.gov/PDD/Search/PermitDetails?permitNum=DEM-26001709,DEM-26001709,4028 W WHITTON AVE,PHOENIX,2/4/2026 12:00:00 AM,Commercial,2800.00,I AND I CONSTRUCTION LLC,SPAD-2600149,,Trash,no_hvac_signal
SGNP,215034,SGNP-215034,https://apps-secure.phoenix.gov/PDD/Search/PermitDetails?permitNum=SGNP-215034,SGNP-215034,701 W DEER VALLEY RD,PHOENIX,2/4/2026 12:00:00 AM,Commercial,2200.00,SIGN A RAMA EAST BELL ROAD,LPSG-260041,,Trash,negative=sign
SGNP,215035,SGNP-215035,https://apps-secure.phoenix.gov/PDD/Search/PermitDetails?permitNum=SGNP-215035,SGNP-215035,701 W DEER VALLEY RD,PHOENIX,2/4/2026 12:00:00 AM,Commercial,2200.00,SIGN A RAMA EAST BELL ROAD,LPSG-260041,,Trash,negative=sign
SGNP,215036,SGNP-215036,https://apps-secure.phoenix.gov/PDD/Search/PermitDetails?permitNum=SGNP-215036,SGNP-215036,21622 N 7TH AVE 9,PHOENIX,2/4/2026 12:00:00 AM,Commercial,2100.00,SIGN A RAMA EAST BELL ROAD,LPSG-260057,,Trash,negative=sign
SGNP,215030,SGNP-215030,https://apps-secure.phoenix.gov/PDD/Search/PermitDetails?permitNum=SGNP-215030,SGNP-215030,3150 E THOMAS RD,PHOENIX,2/4/2026 12:00:00 AM,Commercial,0.00,FRANKLIN'S FINE SIGNS LLC,LPSG-260021,,Trash,no_hvac_signal
SGNP,215031,SGNP-215031,https://apps-secure.phoenix.gov/PDD/Search/PermitDetails?permitNum=SGNP-215031,SGNP-215031,3150 E THOMAS RD,PHOENIX,2/4/2026 12:00:00 AM,Commercial,0.00,FRANKLIN'S FINE SIGNS LLC,LPSG-260021,,Trash,no_hvac_signal
SGNP,215032,SGNP-215032,https://apps-secure.phoenix.gov/PDD/Search/PermitDetails?permitNum=SGNP-215032,SGNP-215032,3150 E THOMAS RD,PHOENIX,2/4/2026 12:00:00 AM,Commercial,0.00,FRANKLIN'S FINE SIGNS LLC,LPSG-260021,,Trash,no_hvac_signal
CLT,26001706,CLT-26001706,https://apps-secure.phoenix.gov/PDD/Search/PermitDetails?permitNum=CLT-26001706,CLT-26001706,3121 N 44TH ST,PHOENIX,2/4/2026 12:00:00 AM,Commercial,0.00,ZUCON LLC,CCPH-2400244,,Trash,no_hvac_signal
CLT,26001707,CLT-26001707,https://apps-secure.phoenix.gov/PDD/Search/PermitDetails?permitNum=CLT-26001707,CLT-26001707,3121 N 44TH ST,PHOENIX,2/4/2026 12:00:00 AM,Commercial,0.00,ZUCON LLC,CCPH-2400244,,Trash,no_hvac_signal
CUT,26001729,CUT-26001729,https://apps-secure.phoenix.gov/PDD/Search/PermitDetails?permitNum=CUT-26001729,CUT-26001729,4175 N 103RD AVE,PHOENIX,2/4/2026 12:00:00 AM,Residential,0.00,THE UNIVERSAL GROUP,CSPH-1900063,,Trash,no_hvac_signal
CUT,26001730,CUT-26001730,https://apps-secure.phoenix.gov/PDD/Search/PermitDetails?permitNum=CUT-26001730,CUT-26001730,,PHOENIX,2/4/2026 12:00:00 AM,Residential,0.00,THE UNIVERSAL GROUP,CSPH-1900063,,Trash,no_hvac_signal
CLT,26001760,CLT-26001760,https://apps-secure.phoenix.gov/PDD/Search/PermitDetails?permitNum=CLT-26001760,CLT-26001760,915 E BETHANY HOME RD,PHOENIX,2/4/2026 12:00:00 AM,Commercial,0.00,JUAREZ CONTRACTING INC,CCPH-2200238,,Trash,no_hvac_signal
BLD,26001695,BLD-26001695,https://apps-secure.phoenix.gov/PDD/Search/PermitDetails?permitNum=BLD-26001695,BLD-26001695,4001 N 3RD ST,PHOENIX,2/3/2026 9:43:22 PM,Commercial,149408.00,MHM BUILDERS INC.,LPBI-2600470,,Trash,no_hvac_signal
BLD,26001696,BLD-26001696,https://apps-secure.phoenix.gov/PDD/Search/PermitDetails?permitNum=BLD-26001696,BLD-26001696,4001 N 3RD ST,PHOENIX,2/3/2026 9:43:22 PM,Commercial,134064.00,MHM BUILDERS INC.,LPBI-2600468,,Trash,no_hvac_signal
LPRM,2600631,LPRM-2600631,https://apps-secure.phoenix.gov/PDD/Search/PermitDetails?permitNum=LPRM-2600631,LPRM-2600631,1030 N 1ST ST,PHOENIX,2/3/2026 8:59:42 PM,Commercial,95000.00,MCI BUILDERS PLLC,,,Trash,no_hvac_signal
CPPA,2600630,CPPA-2600630,https://apps-secure.phoenix.gov/PDD/Search/PermitDetails?permitNum=CPPA-2600630,CPPA-2600630,3024 E WINCHCOMB DR,PHOENIX,2/3/2026 7:35:48 PM,Commercial,3.00,TO BE BID,,,Trash,no_hvac_signal
RPV,26001694,RPV-26001694,https://apps-secure.phoenix.gov/PDD/Search/PermitDetails?permitNum=RPV-26001694,RPV-26001694,3714 W ALICE AVE,PHOENIX,2/3/2026 6:53:53 PM,Commercial,17500.00,ONEWORLDENERGY LLC,SPAD-1301920,,Trash,no_hvac_signal
RPV,26001693,RPV-26001693,https://apps-secure.phoenix.gov/PDD/Search/PermitDetails?permitNum=RPV-26001693,RPV-26001693,1404 E CLARENDON AVE,PHOENIX,2/3/2026 6:45:15 PM,Commercial,19250.00,ONEWORLDENERGY LLC,SPAD-1505105,,Trash,no_hvac_signal
F800,2600431,F800-2600431,https://apps-secure.phoenix.gov/PDD/Search/PermitDetails?permitNum=F800-2600431,F800-2600431,1364 E CLARENDON AVE,PHOENIX,2/3/2026 6:38:08 PM,Commercial,0.00,ONEWORLDENERGY LLC,SPAD-0523018,,Trash,no_hvac_signal
RPV,26001692,RPV-26001692,https://apps-secure.phoenix.gov/PDD/Search/PermitDetails?permitNum=RPV-26001692,RPV-26001692,1364 E CLARENDON AVE,PHOENIX,2/3/2026 6:29:00 PM,Commercial,16800.00,ONEWORLDENERGY LLC,SPAD-0523018,,Trash,no_hvac_signal
PAPP,2600629,PAPP-2600629,https://apps-secure.phoenix.gov/PDD/Search/PermitDetails?permitNum=PAPP-2600629,PAPP-2600629,2900 E VAN BUREN ST,PHOENIX,2/3/2026 6:17:20 PM,Commercial,0.00,TO BE BID,,,Trash,no_hvac_signal
RPV,26001691,RPV-26001691,https://apps-secure.phoenix.gov/PDD/Search/PermitDetails?permitNum=RPV-26001691,RPV-26001691,9030 W GLOBE AVE,PHOENIX,2/3/2026 6:09:42 PM,Commercial,24400.00,ONEWORLDENERGY LLC,SPAD-0707672,,Trash,no_hvac_signal
RPV,26001690,RPV-26001690,https://apps-secure.phoenix.gov/PDD/Search/PermitDetails?permitNum=RPV-26001690,RPV-26001690,820 W LUKE AVE,PHOENIX,2/3/2026 5:56:35 PM,Commercial,35670.00,ONEWORLDENERGY LLC,SPAD-2600115,,Trash,no_hvac_signal
F157,26001689,F157-26001689,https://apps-secure.phoenix.gov/PDD/Search/PermitDetails?permitNum=F157-26001689,F157-26001689,32000 N 29TH AVE,PHOENIX,2/3/2026 5:54:13 PM,Commercial,0.00,GENESIS BUILDERS LLC,FPPD-260157,,Trash,no_hvac_signal
CPSW,2600628,CPSW-2600628,https://apps-secure.phoenix.gov/PDD/Search/PermitDetails?permitNum=CPSW-2600628,CPSW-2600628,111 N 17TH ST 2A,PHOENIX,2/3/2026 4:56:15 PM,Commercial,0.00,TO BE BID,,,Trash,no_hvac_signal
RPV,26001688,RPV-26001688,https://apps-secure.phoenix.gov/PDD/Search/PermitDetails?permitNum=RPV-26001688,RPV-26001688,3620 W DIANA AVE,PHOENIX,2/3/2026 4:46:36 PM,Commercial,23000.00,ONEWORLDENERGY LLC,SPAD-2101021,,Trash,no_hvac_signal
WSSD,26001687,WSSD-26001687,https://apps-secure.phoenix.gov/PDD/Search/PermitDetails?permitNum=WSSD-26001687,WSSD-26001687,206 S 17TH AVE,PHOENIX,2/3/2026 4:43:37 PM,Commercial,0.00,DOEGE DEVELOPEMENT LLC,CCPH-2400256,,Trash,no_hvac_signal
S,26001686,S-26001686,https://apps-secure.phoenix.gov/PDD/Search/PermitDetails?permitNum=S-26001686,S-26001686,5088 W INNOVATION CIR,PHOENIX,2/3/2026 4:18:49 PM,Commercial,1232138.40,OKLAND CONSTRUCTION COMPANY,PHAS-2500672-06,,Trash,no_hvac_signal
S,26001686,S-26001686,https://apps-secure.phoenix.gov/PDD/Search/PermitDetails?permitNum=S-26001686,S-26001686,5088 W INNOVATION CIR,PHOENIX,2/3/2026 4:18:49 PM,Commercial,1232138.40,OKLAND CONSTRUCTION COMPANY,PHAS-2500672-06,,Trash,no_hvac_signal
CLS,26001685,CLS-26001685,https://apps-secure.phoenix.gov/PDD/Search/PermitDetails?permitNum=CLS-26001685,CLS-26001685,,PHOENIX,2/3/2026 4:11:05 PM,Commercial,0.00,GREENWAY PROPERTY MAINTENANCE INC,LSPL-2500285,,Trash,no_hvac_signal
F229,2600429,F229-2600429,https://apps-secure.phoenix.gov/PDD/Search/PermitDetails?permitNum=F229-2600429,F229-2600429,6150 S 35TH AVE,PHOENIX,2/3/2026 4:00:56 PM,Commercial,0.00,WADMAN CORPORATION,FPPX-260116,,Trash,no_hvac_signal
LPRN,2600625,LPRN-2600625,https://apps-secure.phoenix.gov/PDD/Search/PermitDetails?permitNum=LPRN-2600625,LPRN-2600625,14400 N TATUM BLVD,PHOENIX,2/3/2026 4:00:09 PM,Commercial,8612448.00,CHASSE BUILDING TEAM INC,,,Trash,no_hvac_signal
SCSR,2600624,SCSR-2600624,https://apps-secure.phoenix.gov/PDD/Search/PermitDetails?permitNum=SCSR-2600624,SCSR-2600624,8332 N 7TH ST,PHOENIX,2/3/2026 3:58:06 PM,Residential,0.00,OWNER,,,Trash,no_hvac_signal
FPPD,260179,FPPD-260179,https://apps-secure.phoenix.gov/PDD/Search/PermitDetails?permitNum=FPPD-260179,FPPD-260179,4949 N 51ST AVE,PHOENIX,2/3/2026 3:48:19 PM,Residential,0.00,ALLIED FIRE PROTECTION,,,Trash,negative=fire
FPPD,260180,FPPD-260180,https://apps-secure.phoenix.gov/PDD/Search/PermitDetails?permitNum=FPPD-260180,FPPD-260180,9910 W CAMELBACK RD,PHOENIX,2/3/2026 3:48:19 PM,Commercial,0.00,ALLIED FIRE PROTECTION,,,Trash,negative=fire
F134,26001684,F134-26001684,https://apps-secure.phoenix.gov/PDD/Search/PermitDetails?permitNum=F134-26001684,F134-26001684,8283 W MCDOWELL RD,PHOENIX,2/3/2026 3:38:43 PM,Commercial,0.00,ALLIED FIRE PROTECTION,FPPD-252545,,Trash,negative=fire
F800,2600428,F800-2600428,https://apps-secure.phoenix.gov/PDD/Search/PermitDetails?permitNum=F800-2600428,F800-2600428,832 W PUEBLO AVE,PHOENIX,2/3/2026 3:37:15 PM,Commercial,0.00,INTY SOLAR LLC,SPAD-2206874,,Trash,negative=solar(?: pv)?
CFB,26001683,CFB-26001683,https://apps-secure.phoenix.gov/PDD/Search/PermitDetails?permitNum=CFB-26001683,CFB-26001683,7611 N 16TH ST,PHOENIX,2/3/2026 3:37:00 PM,Commercial,0.00,GANEM CONSTRUCTION LLC,CPFL-2504684,,Trash,no_hvac_signal
F122,26001682,F122-26001682,https://apps-secure.phoenix.gov/PDD/Search/PermitDetails?permitNum=F122-26001682,F122-26001682,32200 N 43RD AVE,PHOENIX,2/3/2026 3:36:07 PM,Commercial,0.00,FIRETROL PROTECTION SYSTEMS INC,FPPD-260114,,Trash,no_hvac_signal
F122,26001682,F122-26001682,https://apps-secure.phoenix.gov/PDD/Search/PermitDetails?permitNum=F122-26001682,F122-26001682,32200 N 43RD AVE,PHOENIX,2/3/2026 3:36:07 PM,Commercial,0.00,FIRETROL PROTECTION SYSTEMS INC,FPPD-260114,,Trash,no_hvac_signal
F122,26001681,F122-26001681,https://apps-secure.phoenix.gov/PDD/Search/PermitDetails?permitNum=F122-26001681,F122-26001681,32200 N 43RD AVE,PHOENIX,2/3/2026 3:26:41 PM,Commercial,0.00,FIRETROL PROTECTION SYSTEMS INC,FPPD-260113,,Trash,no_hvac_signal
F122,26001681,F122-26001681,https://apps-secure.phoenix.gov/PDD/Search/PermitDetails?permitNum=F122-26001681,F122-26001681,32200 N 43RD AVE,PHOENIX,2/3/2026 3:26:41 PM,Commercial,0.00,FIRETROL PROTECTION SYSTEMS INC,FPPD-260113,,Trash,no_hvac_signal
F227,2600427,F227-2600427,https://apps-secure.phoenix.gov/PDD/Search/PermitDetails?permitNum=F227-2600427,F227-2600427,4617 E SOUTH FORK DR,PHOENIX,2/3/2026 3:12:19 PM,Residential,0.00,SUN VALLEY SOLAR SOLUTIONS L L C,SPAD-0904005,,Trash,negative=solar(?: pv)?
F100,26001680,F100-26001680,https://apps-secure.phoenix.gov/PDD/Search/PermitDetails?permitNum=F100-26001680,F100-26001680,2121 N 83RD AVE,PHOENIX,2/3/2026 3:09:42 PM,Commercial,0.00,HILLER COMPANIES INC (THE),FPPD-260101,,Trash,no_hvac_signal
OP,26001677,OP-26001677,https://apps-secure.phoenix.gov/PDD/Search/PermitDetails?permitNum=OP-26001677,OP-26001677,2475 S 59TH AVE,PHOENIX,2/3/2026 3:08:23 PM,Commercial,150.00,R C I SYSTEMS INC,SPAD-0523027,,Trash,no_hvac_signal
F134,26001676,F134-26001676,https://apps-secure.phoenix.gov/PDD/Search/PermitDetails?permitNum=F134-26001676,F134-26001676,3300 W CAMELBACK RD,PHOENIX,2/3/2026 3:07:57 PM,Commercial,0.00,HILLER COMPANIES INC (THE),FPPD-260092,,Trash,no_hvac_signal
WSHM,26001675,WSHM-26001675,https://apps-secure.phoenix.gov/PDD/Search/PermitDetails?permitNum=WSHM-26001675,WSHM-26001675,,PHOENIX,2/3/2026 3:05:48 PM,Commercial,0.00,R & R FIBER LLC,SDEV-2600004,,Trash,no_hvac_signal
F171,2600426,F171-2600426,https://apps-secure.phoenix.gov/PDD/Search/PermitDetails?permitNum=F171-2600426,F171-2600426,,PHOENIX,2/3/2026 3:03:30 PM,Commercial,0.00,"NEXT LEVEL FIRE & SAFETY, INC.",SPAD-2300297,,Trash,negative=fire
RVSC,2406846-01,RVSC-2406846-01,https://apps-secure.phoenix.gov/PDD/Search/PermitDetails?permitNum=RVSC-2406846-01,RVSC-2406846-01,3441 E HAZELWOOD ST,PHOENIX,2/3/2026 2:54:18 PM,Residential,0.00,TO BE BID,,,Trash,no_hvac_signal
FPST,26006,FPST-26006,https://apps-secure.phoenix.gov/PDD/Search/PermitDetails?permitNum=FPST-26006,FPST-26006,18017 N 64TH ST,PHOENIX,2/3/2026 2:49:20 PM,Commercial,0.00,APEX FIRE PROTECTION AND SAFETY LLC,,,Trash,negative=fire
F122,26001674,F122-26001674,https://apps-secure.phoenix.gov/PDD/Search/PermitDetails?permitNum=F122-26001674,F122-26001674,32200 N 43RD AVE,PHOENIX,2/3/2026 2:41:33 PM,Commercial,0.00,FIRETROL PROTECTION SYSTEMS INC,FPPD-252583,,Trash,no_hvac_signal
F122,26001674,F122-26001674,https://apps-secure.phoenix.gov/PDD/Search/PermitDetails?permitNum=F122-26001674,F122-26001674,32200 N 43RD AVE,PHOENIX,2/3/2026 2:41:33 PM,Commercial,0.00,FIRETROL PROTECTION SYSTEMS INC,FPPD-252583,,Trash,no_hvac_signal
WSFT,26001672,WSFT-26001672,https://apps-secure.phoenix.gov/PDD/Search/PermitDetails?permitNum=WSFT-26001672,WSFT-26001672,5602 N HOMESTEAD LN,PHOENIX,2/3/2026 2:34:56 PM,Commercial,0.00,LAND DEVELOPMENT GROUP LLC,SDEV-2600006,,Trash,no_hvac_signal
LPSG,260116,LPSG-260116,https://apps-secure.phoenix.gov/PDD/Search/PermitDetails?permitNum=LPSG-260116,LPSG-260116,8430 W MCDOWELL RD,PHOENIX,2/3/2026 2:33:14 PM,Residential,2000.00,TAGTEAM GRAFIX L L C,,,Trash,no_hvac_signal
RPV,26001671,RPV-26001671,https://apps-secure.phoenix.gov/PDD/Search/PermitDetails?permitNum=RPV-26001671,RPV-26001671,10213 S 48TH PL,PHOENIX,2/3/2026 2:33:08 PM,Commercial,34500.00,INTY SOLAR LLC,SPAD-2018173,,Trash,negative=solar(?: pv)?
PAPP,2600623,PAPP-2600623,https://apps-secure.phoenix.gov/PDD/Search/PermitDetails?permitNum=PAPP-2600623,PAPP-2600623,4445 N 24TH ST,PHOENIX,2/3/2026 2:30:10 PM,Residential,0.00,TO BE BID,,,Trash,no_hvac_signal
CPSW,2600622,CPSW-2600622,https://apps-secure.phoenix.gov/PDD/Search/PermitDetails?permitNum=CPSW-2600622,CPSW-2600622,32400 N 51ST AVE,PHOENIX,2/3/2026 2:26:33 PM,Residential,0.00,OAKLAND CONSTRUCTION CO,,,Trash,no_hvac_signal
CPSW,2600622,CPSW-2600622,https://apps-secure.phoenix.gov/PDD/Search/PermitDetails?permitNum=CPSW-2600622,CPSW-2600622,32400 N 51ST AVE,PHOENIX,2/3/2026 2:26:33 PM,Residential,0.00,OAKLAND CONSTRUCTION CO,,,Trash,no_hvac_signal
CES,26001667,CES-26001667,https://apps-secure.phoenix.gov/PDD/Search/PermitDetails?permitNum=CES-26001667,CES-26001667,1600 E NORTHERN AVE,PHOENIX,2/3/2026 2:08:19 PM,Commercial,0.00,OBODO ENERGY PARTNERS LLC,LSPL-2504897,,Trash,no_hvac_signal
CES,26001668,CES-26001668,https://apps-secure.phoenix.gov/PDD/Search/PermitDetails?permitNum=CES-26001668,CES-26001668,9 S 43RD AVE,PHOENIX,2/3/2026 2:08:19 PM,Commercial,0.00,OBODO ENERGY PARTNERS LLC,LSIS-2504854,,Trash,no_hvac_signal
CES,26001669,CES-26001669,https://apps-secure.phoenix.gov/PDD/Search/PermitDetails?permitNum=CES-26001669,CES-26001669,125 E PINNACLE PEAK RD,PHOENIX,2/3/2026 2:08:19 PM,Commercial,0.00,OBODO ENERGY PARTNERS LLC,LSPL-2504855,,Trash,no_hvac_signal
RPV,26001666,RPV-26001666,https://apps-secure.phoenix.gov/PDD/Search/PermitDetails?permitNum=RPV-26001666,RPV-26001666,30613 N 25TH DR,PHOENIX,2/3/2026 2:07:23 PM,Commercial,28980.00,TESLA,SPAD-1706871,,Trash,no_hvac_signal
F122,26001665,F122-26001665,https://apps-secure.phoenix.gov/PDD/Search/PermitDetails?permitNum=F122-26001665,F122-26001665,4125 E BASELINE RD,PHOENIX,2/3/2026 2:02:53 PM,Commercial,0.00,METRO FIRE EQUIPMENT,FPPD-260086,,Trash,negative=fire
DEM,26001664,DEM-26001664,https://apps-secure.phoenix.gov/PDD/Search/PermitDetails?permitNum=DEM-26001664,DEM-26001664,5740 W BASELINE RD,PHOENIX,2/3/2026 1:59:03 PM,Commercial,35000.00,KAIVA CONSTRUCTION LLC,SPAD-0114663,,Trash,no_hvac_signal
LPRN,2600621,LPRN-2600621,https://apps-secure.phoenix.gov/PDD/Search/PermitDetails?permitNum=LPRN-2600621,LPRN-2600621,1314 N 24TH ST,PHOENIX,2/3/2026 1:45:05 PM,Commercial,2500000.00,TO BE BID,,,Trash,no_hvac_signal
SGNP,215028,SGNP-215028,https://apps-secure.phoenix.gov/PDD/Search/PermitDetails?permitNum=SGNP-215028,SGNP-215028,10625 N TATUM BLVD,PHOENIX,2/3/2026 1:43:16 PM,Commercial,5000.00,D'S SIGNS & LIGHTING LLC,LPSG-260112,,Trash,negative=lighting
FPPD,260178,FPPD-260178,https://apps-secure.phoenix.gov/PDD/Search/PermitDetails?permitNum=FPPD-260178,FPPD-260178,32200 N 43RD AVE,PHOENIX,2/3/2026 1:30:50 PM,Commercial,0.00,HONEYWELL INTERNATIONAL INC,,,Trash,no_hvac_signal
FPPD,260178,FPPD-260178,https://apps-secure.phoenix.gov/PDD/Search/PermitDetails?permitNum=FPPD-260178,FPPD-260178,32200 N 43RD AVE,PHOENIX,2/3/2026 1:30:50 PM,Commercial,0.00,HONEYWELL INTERNATIONAL INC,,,Trash,no_hvac_signal
FACT,2600620,FACT-2600620,https://apps-secure.phoenix.gov/PDD/Search/PermitDetails?permitNum=FACT-2600620,FACT-2600620,4482 E MOCKINGBIRD LN,PHOENIX,2/3/2026 1:30:37 PM,Residential,0.00,TO BE BID,,,Trash,no_hvac_signal
F809,26001663,F809-26001663,https://apps-secure.phoenix.gov/PDD/Search/PermitDetails?permitNum=F809-26001663,F809-26001663,1407 S 9TH AVE,PHOENIX,2/3/2026 1:29:39 PM,Commercial,0.00,METRO FIRE EQ,,,Trash,negative=fire
F100,26001662,F100-26001662,https://apps-secure.phoenix.gov/PDD/Search/PermitDetails?permitNum=F100-26001662,F100-26001662,5088 W INNOVATION CIR,PHOENIX,2/3/2026 1:22:23 PM,Residential,0.00,OLYMPIC WEST FIRE PROTECTION,FPPX-260095,,Trash,negative=fire
F100,26001662,F100-26001662,https://apps-secure.phoenix.gov/PDD/Search/PermitDetails?permitNum=F100-26001662,F100-26001662,5088 W INNOVATION CIR,PHOENIX,2/3/2026 1:22:23 PM,Residential,0.00,OLYMPIC WEST FIRE PROTECTION,FPPX-260095,,Trash,negative=fire
F805,26001661,F805-26001661,https://apps-secure.phoenix.gov/PDD/Search/PermitDetails?permitNum=F805-26001661,F805-26001661,32200 N 43RD AVE,PHOENIX,2/3/2026 1:14:53 PM,Commercial,0.00,MARKETECH INT'L CORP. USA,FPPD-260155,,Trash,no_hvac_signal
F805,26001661,F805-26001661,https://apps-secure.phoenix.gov/PDD/Search/PermitDetails?permitNum=F805-26001661,F805-26001661,32200 N 43RD AVE,PHOENIX,2/3/2026 1:14:53 PM,Commercial,0.00,MARKETECH INT'L CORP. USA,FPPD-260155,,Trash,no_hvac_signal
LPRM,2600619,LPRM-2600619,https://apps-secure.phoenix.gov/PDD/Search/PermitDetails?permitNum=LPRM-2600619,LPRM-2600619,323 E PURDUE AVE,PHOENIX,2/3/2026 1:13:29 PM,Commercial,23719.50,ARROWHEAD ELECTRIC L L C,SPAD-1007858,,Trash,no_hvac_signal
CSIT,26001660,CSIT-26001660,https://apps-secure.phoenix.gov/PDD/Search/PermitDetails?permitNum=CSIT-26001660,CSIT-26001660,7000 E MAYO BLVD,PHOENIX,2/3/2026 12:59:49 PM,Commercial,0.00,OWNER,AMND-01-1401A41,,Trash,no_hvac_signal
F171,2600423,F171-2600423,https://apps-secure.phoenix.gov/PDD/Search/PermitDetails?permitNum=F171-2600423,F171-2600423,,PHOENIX,2/3/2026 12:50:22 PM,Commercial,0.00,FIRETROL PROTECTION SYSTEMS INC,SPAD-2300297,,Trash,no_hvac_signal
RPV,26001659,RPV-26001659,https://apps-secure.phoenix.gov/PDD/Search/PermitDetails?permitNum=RPV-26001659,RPV-26001659,2343 W CORTEZ AVE,PHOENIX,2/3/2026 12:44:41 PM,Commercial,46326.95,POSITIVE SYNERGY LLC,SPAD-2300656,,Trash,no_hvac_signal
CSIT,26001657,CSIT-26001657,https://apps-secure.phoenix.gov/PDD/Search/PermitDetails?permitNum=CSIT-26001657,CSIT-26001657,1600 E NORTHERN AVE,PHOENIX,2/3/2026 12:05:40 PM,Residential,600.00,OWNER,SCSR-2502824,,Trash,no_hvac_signal
SGNP,215027,SGNP-215027,https://apps-secure.phoenix.gov/PDD/Search/PermitDetails?permitNum=SGNP-215027,SGNP-215027,830 E CAMELBACK RD,PHOENIX,2/3/2026 11:49:51 AM,Commercial,5000.00,PRECISE SIGN CO,LPSG-251421,,Trash,negative=sign
DEM,26001652,DEM-26001652,https://apps-secure.phoenix.gov/PDD/Search/PermitDetails?permitNum=DEM-26001652,DEM-26001652,4730 E RAY RD,PHOENIX,2/3/2026 11:44:26 AM,Commercial,2940.00,CENTRAL CONSTRUCTION,SPAD-1301752,,Trash,no_hvac_signal
LPSG,260115,LPSG-260115,https://apps-secure.phoenix.gov/PDD/Search/PermitDetails?permitNum=LPSG-260115,LPSG-260115,2801 N BLACK CANYON HWY,PHOENIX,2/3/2026 11:43:46 AM,Commercial,0.00,J WALKER SIGNS & LIGHTING LLC,,,Trash,negative=lighting
DEM,26001651,DEM-26001651,https://apps-secure.phoenix.gov/PDD/Search/PermitDetails?permitNum=DEM-26001651,DEM-26001651,4730 E RAY RD,PHOENIX,2/3/2026 11:43:23 AM,Commercial,42000.00,CENTRAL CONSTRUCTION,SPAD-1301752,,Trash,no_hvac_signal
DSAP,26018,DSAP-26018,https://apps-secure.phoenix.gov/PDD/Search/PermitDetails?permitNum=DSAP-26018,DSAP-26018,5716 E CAMELBACK RD,PHOENIX,2/3/2026 11:28:16 AM,Commercial,0.00,OWNER,,,Trash,no_hvac_signal
FPST,26005,FPST-26005,https://apps-secure.phoenix.gov/PDD/Search/PermitDetails?permitNum=FPST-26005,FPST-26005,2550 W NORTH FOOTHILLS DR,PHOENIX,2/3/2026 11:24:31 AM,Commercial,0.00,APEX FIRE PROTECTION AND SAFETY LLC,,,Trash,negative=fire
CPFL,2600618,CPFL-2600618,https://apps-secure.phoenix.gov/PDD/Search/PermitDetails?permitNum=CPFL-2600618,CPFL-2600618,832 N 11TH AVE,PHOENIX,2/3/2026 11:17:01 AM,Commercial,0.00,TO BE BID,,,Trash,no_hvac_signal
OE,26001649,OE-26001649,https://apps-secure.phoenix.gov/PDD/Search/PermitDetails?permitNum=OE-26001649,OE-26001649,2902 E FILLMORE ST,PHOENIX,2/3/2026 11:08:17 AM,Commercial,0.00,KING COMMERCIAL AND RESIDENTIAL LLC,SPAD-0701087,,Trash,no_hvac_signal
LPSG,260114,LPSG-260114,https://apps-secure.phoenix.gov/PDD/Search/PermitDetails?permitNum=LPSG-260114,LPSG-260114,1845 GRAND AVE,PHOENIX,2/3/2026 11:07:46 AM,Commercial,35500.00,ASSOCIATED SIGN COMPANY,,,Trash,negative=sign
WSHM,26001648,WSHM-26001648,https://apps-secure.phoenix.gov/PDD/Search/PermitDetails?permitNum=WSHM-26001648,WSHM-26001648,4832 W SAN GABRIEL AVE,PHOENIX,2/3/2026 11:05:17 AM,Commercial,0.00,RICHMOND AMERICAN HOMES OF ARIZONA INC,SDEV-2600010,,Trash,no_hvac_signal
WSDC,26001647,WSDC-26001647,https://apps-secure.phoenix.gov/PDD/Search/PermitDetails?permitNum=WSDC-26001647,WSDC-26001647,4580 E CACTUS RD,PHOENIX,2/3/2026 11:02:39 AM,Commercial,0.00,DESERT SERVICES LLC,CCPH-2500208,,Trash,no_hvac_signal
F875,26001646,F875-26001646,https://apps-secure.phoenix.gov/PDD/Search/PermitDetails?permitNum=F875-26001646,F875-26001646,2725 W PEORIA AVE,PHOENIX,2/3/2026 10:59:23 AM,Commercial,0.00,API GROUP LIFE SAFETY USA LLC,,,Trash,no_hvac_signal
CRSC,2600617,CRSC-2600617,https://apps-secure.phoenix.gov/PDD/Search/PermitDetails?permitNum=CRSC-2600617,CRSC-2600617,6016 E LARKSPUR DR,PHOENIX,2/3/2026 10:57:33 AM,Commercial,0.00,ELLA LEE HOMES LLC,,,Trash,no_hvac_signal
F800,2600422,F800-2600422,https://apps-secure.phoenix.gov/PDD/Search/PermitDetails?permitNum=F800-2600422,F800-2600422,5801 N 38TH DR,PHOENIX,2/3/2026 10:54:05 AM,Commercial,0.00,ONEWORLDENERGY LLC,SPAD-2014993,,Trash,no_hvac_signal
RPV,26001645,RPV-26001645,https://apps-secure.phoenix.gov/PDD/Search/PermitDetails?permitNum=RPV-26001645,RPV-26001645,5801 N 38TH DR,PHOENIX,2/3/2026 10:51:39 AM,Commercial,22140.00,ONEWORLDENERGY LLC,SPAD-2014993,,Trash,no_hvac_signal
FPPR,260082,FPPR-260082,https://apps-secure.phoenix.gov/PDD/Search/PermitDetails?permitNum=FPPR-260082,FPPR-260082,7102 W ROOSEVELT ST,PHOENIX,2/3/2026 10:48:33 AM,Commercial,0.00,COMPLETE FIRE PROTECTION INC.,SPAD-0617212,,Trash,negative=fire
LPSG,260113,LPSG-260113,https://apps-secure.phoenix.gov/PDD/Search/PermitDetails?permitNum=LPSG-260113,LPSG-260113,17030 N 49TH ST,PHOENIX,2/3/2026 10:40:24 AM,Commercial,13333.00,SIGNS OF THE TIMES,,,Trash,no_hvac_signal
LSPL,2600616,LSPL-2600616,https://apps-secure.phoenix.gov/PDD/Search/PermitDetails?permitNum=LSPL-2600616,LSPL-2600616,7810 S 42ND PL,PHOENIX,2/3/2026 10:30:15 AM,Residential,0.00,TO BE BID,,,Trash,no_hvac_signal
BLD,26001643,BLD-26001643,https://apps-secure.phoenix.gov/PDD/Search/PermitDetails?permitNum=BLD-26001643,BLD-26001643,12445 N 21ST AVE 9,PHOENIX,2/3/2026 10:26:10 AM,Commercial,71000.00,RRTM L.L.C.,LPBI-2600524,,Trash,no_hvac_signal
LPRT,2600615,LPRT-2600615,https://apps-secure.phoenix.gov/PDD/Search/PermitDetails?permitNum=LPRT-2600615,LPRT-2600615,4590 E CACTUS RD,PHOENIX,2/3/2026 10:24:35 AM,Commercial,169400.00,TO BE BID,,,Trash,no_hvac_signal
CSE,26001642,CSE-26001642,https://apps-secure.phoenix.gov/PDD/Search/PermitDetails?permitNum=CSE-26001642,CSE-26001642,4027 S 13TH ST,PHOENIX,2/3/2026 10:23:22 AM,Commercial,0.00,PETRA CONTRACTING,CPSE-2501438,,Trash,no_hvac_signal
S,26001641,S-26001641,https://apps-secure.phoenix.gov/PDD/Search/PermitDetails?permitNum=S-26001641,S-26001641,9653 W MULBERRY DR,PHOENIX,2/3/2026 10:20:53 AM,Commercial,210000.00,BANG ASSOCIATES INC,LPRM-2506435,,Trash,no_hvac_signal
OE,26001640,OE-26001640,https://apps-secure.phoenix.gov/PDD/Search/PermitDetails?permitNum=OE-26001640,OE-26001640,1036 N 16TH ST,PHOENIX,2/3/2026 10:20:13 AM,Commercial,7000.00,WIRE PRO ELECTRIC LLC,SPAD-0412852,,Trash,no_hvac_signal
FPST,26004,FPST-26004,https://apps-secure.phoenix.gov/PDD/Search/PermitDetails?permitNum=FPST-26004,FPST-26004,2550 W NORTH FOOTHILLS DR,PHOENIX,2/3/2026 10:18:07 AM,Commercial,0.00,APEX FIRE PROTECTION AND SAFETY LLC,,,Trash,negative=fire
CUT,26001639,CUT-26001639,https://apps-secure.phoenix.gov/PDD/Search/PermitDetails?permitNum=CUT-26001639,CUT-26001639,14559 S 50TH ST,PHOENIX,2/3/2026 10:17:16 AM,Commercial,0.00,CARNERO CONTRACTING LLC,CCPH-2400428,,Trash,no_hvac_signal
S,26001638,S-26001638,https://apps-secure.phoenix.gov/PDD/Search/PermitDetails?permitNum=S-26001638,S-26001638,5088 W INNOVATION CIR,PHOENIX,2/3/2026 10:13:07 AM,Commercial,290000.00,TRADEMARK CONCRETE CO LLC,CPGD-2506013,,Trash,no_hvac_signal
S,26001638,S-26001638,https://apps-secure.phoenix.gov/PDD/Search/PermitDetails?permitNum=S-26001638,S-26001638,5088 W INNOVATION CIR,PHOENIX,2/3/2026 10:13:07 AM,Commercial,290000.00,TRADEMARK CONCRETE CO LLC,CPGD-2506013,,Trash,no_hvac_signal
CGD,26001637,CGD-26001637,https://apps-secure.phoenix.gov/PDD/Search/PermitDetails?permitNum=CGD-26001637,CGD-26001637,5088 W INNOVATION CIR,PHOENIX,2/3/2026 10:11:14 AM,Commercial,0.00,TRADEMARK CONCRETE CO LLC,CPGD-2506013,,Trash,no_hvac_signal
CGD,26001637,CGD-26001637,https://apps-secure.phoenix.gov/PDD/Search/PermitDetails?permitNum=CGD-26001637,CGD-26001637,5088 W INNOVATION CIR,PHOENIX,2/3/2026 10:11:14 AM,Commercial,0.00,TRADEMARK CONCRETE CO LLC,CPGD-2506013,,Trash,no_hvac_signal
F875,26001636,F875-26001636,https://apps-secure.phoenix.gov/PDD/Search/PermitDetails?permitNum=F875-26001636,F875-26001636,1815 W PARSONS RD,PHOENIX,2/3/2026 10:10:07 AM,Commercial,0.00,METRO FIRE EQ,,,Trash,negative=fire
CLS,26001635,CLS-26001635,https://apps-secure.phoenix.gov/PDD/Search/PermitDetails?permitNum=CLS-26001635,CLS-26001635,2550 W UNION HILLS DR,PHOENIX,2/3/2026 10:04:57 AM,Commercial,0.00,SUNDT CONSTRUCTION INC,LSPL-2302324,,Trash,no_hvac_signal
F132,26001634,F132-26001634,https://apps-secure.phoenix.gov/PDD/Search/PermitDetails?permitNum=F132-26001634,F132-26001634,11026 N 19TH AVE,PHOENIX,2/3/2026 10:03:15 AM,Commercial,0.00,METRO FIRE EQUIPMENT,FPPD-260045,,Trash,negative=fire
WSSD,26001633,WSSD-26001633,https://apps-secure.phoenix.gov/PDD/Search/PermitDetails?permitNum=WSSD-26001633,WSSD-26001633,205 S 28TH ST,PHOENIX,2/3/2026 9:58:12 AM,Commercial,0.00,A P FIRE PROTECTION L L C,SPAD-1704609,,Trash,negative=fire
WSFT,26001631,WSFT-26001631,https://apps-secure.phoenix.gov/PDD/Search/PermitDetails?permitNum=WSFT-26001631,WSFT-26001631,21007 N 24TH AVE,PHOENIX,2/3/2026 9:43:30 AM,Commercial,0.00,JACOBS WALLACE LLC,SDEV-0600837,,Trash,no_hvac_signal
SE,26001630,SE-26001630,https://apps-secure.phoenix.gov/PDD/Search/PermitDetails?permitNum=SE-26001630,SE-26001630,125 E PINNACLE PEAK RD,PHOENIX,2/3/2026 9:40:22 AM,Commercial,633004.00,OBODO ENERGY PARTNERS LLC,LPRM-2505652,,Trash,no_hvac_signal
FPPR,260080,FPPR-260080,https://apps-secure.phoenix.gov/PDD/Search/PermitDetails?permitNum=FPPR-260080,FPPR-260080,12010 N TATUM BLVD,PHOENIX,2/3/2026 9:40:06 AM,Commercial,0.00,INTERMOUNTAIN FUELS LLC,SPAD-0807983,,Trash,no_hvac_signal
FPPR,260081,FPPR-260081,https://apps-secure.phoenix.gov/PDD/Search/PermitDetails?permitNum=FPPR-260081,FPPR-260081,12010 N TATUM BLVD,PHOENIX,2/3/2026 9:40:06 AM,Commercial,0.00,AP GLOBAL LLC,SPAD-0807983,,Trash,no_hvac_signal
DEM,26001629,DEM-26001629,https://apps-secure.phoenix.gov/PDD/Search/PermitDetails?permitNum=DEM-26001629,DEM-26001629,NO ADDRESS,PHOENIX,2/3/2026 9:36:06 AM,Commercial,43400.00,ADVANCED DEMOLITION LLC,SPAD-2600132,,Trash,no_hvac_signal
DEM,26001628,DEM-26001628,https://apps-secure.phoenix.gov/PDD/Search/PermitDetails?permitNum=DEM-26001628,DEM-26001628,NO ADDRESS,PHOENIX,2/3/2026 9:36:06 AM,Commercial,23100.00,ADVANCED DEMOLITION LLC,SPAD-2600131,,Trash,no_hvac_signal
DEM,26001627,DEM-26001627,https://apps-secure.phoenix.gov/PDD/Search/PermitDetails?permitNum=DEM-26001627,DEM-26001627,706 S CENTRAL AVE,PHOENIX,2/3/2026 9:36:06 AM,Commercial,11900.00,ADVANCED DEMOLITION LLC,SPAD-2600130,,Trash,no_hvac_signal
F134,26001626,F134-26001626,https://apps-secure.phoenix.gov/PDD/Search/PermitDetails?permitNum=F134-26001626,F134-26001626,4502 W MONTEROSA ST,PHOENIX,2/3/2026 9:32:40 AM,Commercial,0.00,COPPERSTATE FIRE PROTECTION,FPPX-260122,,Trash,negative=fire
SGNP,215026,SGNP-215026,https://apps-secure.phoenix.gov/PDD/Search/PermitDetails?permitNum=SGNP-215026,SGNP-215026,2425 E CAMELBACK RD,PHOENIX,2/3/2026 9:29:46 AM,Commercial,0.00,EQUITY SIGN GROUP INC,LPSG-251577,,Trash,negative=sign
ELEC,26001625,ELEC-26001625,https://apps-secure.phoenix.gov/PDD/Search/PermitDetails?permitNum=ELEC-26001625,ELEC-26001625,8233 N 7TH ST,PHOENIX,2/3/2026 9:28:59 AM,Commercial,60000.00,CORESTATES CONSTRUCTION SERVICES INC,LPRM-2506647,,Trash,no_hvac_signal
ELEC,26001625,ELEC-26001625,https://apps-secure.phoenix.gov/PDD/Search/PermitDetails?permitNum=ELEC-26001625,ELEC-26001625,8233 N 7TH ST,PHOENIX,2/3/2026 9:28:59 AM,Commercial,60000.00,CORESTATES CONSTRUCTION SERVICES INC,LPRM-2506647,,Trash,no_hvac_signal
FPPR,260078,FPPR-260078,https://apps-secure.phoenix.gov/PDD/Search/PermitDetails?permitNum=FPPR-260078,FPPR-260078,2853 E VAN BUREN ST,PHOENIX,2/3/2026 9:21:00 AM,Commercial,0.00,STEEL & SPARK LLC,SPAD-2403569,,Trash,no_hvac_signal
CPGD,2600614,CPGD-2600614,https://apps-secure.phoenix.gov/PDD/Search/PermitDetails?permitNum=CPGD-2600614,CPGD-2600614,4305 E EARLL DR,PHOENIX,2/3/2026 9:16:58 AM,Commercial,0.00,"COPPER LEAF CONSTRUCTION, LLC",SPAD-0806515,,Trash,no_hvac_signal
LPCO,2600613,LPCO-2600613,https://apps-secure.phoenix.gov/PDD/Search/PermitDetails?permitNum=LPCO-2600613,LPCO-2600613,4926 E MCDOWELL RD,PHOENIX,2/3/2026 9:10:46 AM,Residential,0.00,TO BE BID,,,Trash,no_hvac_signal
CPR,26001624,CPR-26001624,https://apps-secure.phoenix.gov/PDD/Search/PermitDetails?permitNum=CPR-26001624,CPR-26001624,4303 W BELL RD,PHOENIX,2/3/2026 9:07:43 AM,Commercial,0.00,AP CONTRACTING INC,CPWT-2502286,,Trash,no_hvac_signal
F481,26001622,F481-26001622,https://apps-secure.phoenix.gov/PDD/Search/PermitDetails?permitNum=F481-26001622,F481-26001622,4375 N 45TH AVE,PHOENIX,2/3/2026 8:58:18 AM,Commercial,0.00,FCL BUILDERS ARIZONA LLC,FPPD-260087,,Trash,no_hvac_signal
F810,2600418,F810-2600418,https://apps-secure.phoenix.gov/PDD/Search/PermitDetails?permitNum=F810-2600418,F810-2600418,3939 N 99TH AVE,PHOENIX,2/3/2026 8:48:55 AM,Commercial,0.00,ARIZONA RAPID FIRE SYSTEMS LLC,SPAD-2501433,,Trash,negative=fire
WSFT,26001621,WSFT-26001621,https://apps-secure.phoenix.gov/PDD/Search/PermitDetails?permitNum=WSFT-26001621,WSFT-26001621,2825 W LOUISE DR,PHOENIX,2/3/2026 8:46:53 AM,Commercial,0.00,JACOBS WALLACE LLC,CCPH-2500098,,Trash,no_hvac_signal
F175,26001620,F175-26001620,https://apps-secure.phoenix.gov/PDD/Search/PermitDetails?permitNum=F175-26001620,F175-26001620,5050 S 38TH PL,PHOENIX,2/3/2026 8:42:51 AM,Residential,0.00,AIDANT FIRE PROTECTION CO,FPPD-252696,,Trash,negative=fire
F875,26001619,F875-26001619,https://apps-secure.phoenix.gov/PDD/Search/PermitDetails?permitNum=F875-26001619,F875-26001619,2710 W BELL RD,PHOENIX,2/3/2026 8:40:06 AM,Commercial,0.00,CINTAS CORPORATION NO 2,,,Trash,no_hvac_signal
F122,26001617,F122-26001617,https://apps-secure.phoenix.gov/PDD/Search/PermitDetails?permitNum=F122-26001617,F122-26001617,32200 N 43RD AVE,PHOENIX,2/3/2026 8:37:05 AM,Commercial,0.00,FIRETROL PROTECTION SYSTEMS INC,FPPD-252715,,Trash,no_hvac_signal
F122,26001617,F122-26001617,https://apps-secure.phoenix.gov/PDD/Search/PermitDetails?permitNum=F122-26001617,F122-26001617,32200 N 43RD AVE,PHOENIX,2/3/2026 8:37:05 AM,Commercial,0.00,FIRETROL PROTECTION SYSTEMS INC,FPPD-252715,,Trash,no_hvac_signal
OP,26001616,OP-26001616,https://apps-secure.phoenix.gov/PDD/Search/PermitDetails?permitNum=OP-26001616,OP-26001616,1124 N 3RD ST,PHOENIX,2/3/2026 8:34:26 AM,Commercial,1500.00,JV7 PLUMBING LLC,SPAD-0210171,,Trash,negative=plumb(?:ing)?
WSHM,26001615,WSHM-26001615,https://apps-secure.phoenix.gov/PDD/Search/PermitDetails?permitNum=WSHM-26001615,WSHM-26001615,2929 W CLARENDON AVE,PHOENIX,2/3/2026 8:32:15 AM,Commercial,0.00,SHARP CREEK CONTRACTING INC,SPAD-0800236,,Trash,no_hvac_signal
RPV,26001614,RPV-26001614,https://apps-secure.phoenix.gov/PDD/Search/PermitDetails?permitNum=RPV-26001614,RPV-26001614,2120 W RED BIRD RD,PHOENIX,2/3/2026 8:29:43 AM,Commercial,39600.00,UNITED ENERGY PARTNERS LLC,SPAD-0411758,,Trash,no_hvac_signal
F809,26001612,F809-26001612,https://apps-secure.phoenix.gov/PDD/Search/PermitDetails?permitNum=F809-26001612,F809-26001612,21631 N 3RD AVE,PHOENIX,2/3/2026 8:24:51 AM,Commercial,0.00,SERVICE 1ST FIRE PROTECTION L L C,,,Trash,negative=fire
FPPD,260175,FPPD-260175,https://apps-secure.phoenix.gov/PDD/Search/PermitDetails?permitNum=FPPD-260175,FPPD-260175,9225 W INDIAN SCHOOL RD,PHOENIX,2/3/2026 8:16:00 AM,Residential,0.00,TO BE BID,,,Trash,no_hvac_signal
FPPD,260176,FPPD-260176,https://apps-secure.phoenix.gov/PDD/Search/PermitDetails?permitNum=FPPD-260176,FPPD-260176,9225 W INDIAN SCHOOL RD,PHOENIX,2/3/2026 8:16:00 AM,Residential,0.00,TO BE BID,,,Trash,no_hvac_signal
F134,26001609,F134-26001609,https://apps-secure.phoenix.gov/PDD/Search/PermitDetails?permitNum=F134-26001609,F134-26001609,3300 W CAMELBACK RD,PHOENIX,2/3/2026 7:59:28 AM,Commercial,0.00,HILLER COMPANIES INC (THE),FPPD-260102,,Trash,no_hvac_signal
F159,26001605,F159-26001605,https://apps-secure.phoenix.gov/PDD/Search/PermitDetails?permitNum=F159-26001605,F159-26001605,2516 W VILLAGE DR,PHOENIX,2/3/2026 7:25:55 AM,Commercial,0.00,GUARDIAN FIRE PROTECTION CO,FPPD-260090,,Trash,negative=fire
F809,26001603,F809-26001603,https://apps-secure.phoenix.gov/PDD/Search/PermitDetails?permitNum=F809-26001603,F809-26001603,5328 W ROOSEVELT ST,PHOENIX,2/3/2026 6:50:21 AM,Commercial,0.00,NATIONAL FIRE CONTROL,,,Trash,negative=fire
FPPR,260077,FPPR-260077,https://apps-secure.phoenix.gov/PDD/Search/PermitDetails?permitNum=FPPR-260077,FPPR-260077,24400 N 19TH AVE,PHOENIX,2/3/2026 6:39:03 AM,Commercial,0.00,EPC SOLAR LLC,SPAD-1904907,,Trash,negative=solar(?: pv)?
LPRM,2600611,LPRM-2600611,https://apps-secure.phoenix.gov/PDD/Search/PermitDetails?permitNum=LPRM-2600611,LPRM-2600611,4570 E CACTUS RD,PHOENIX,2/3/2026 6:31:27 AM,Commercial,5000.00,DLR ELECTRIC LLC,,,Trash,no_hvac_signal
WSFT,26001601,WSFT-26001601,https://apps-secure.phoenix.gov/PDD/Search/PermitDetails?permitNum=WSFT-26001601,WSFT-26001601,3157 E ELWOOD ST,PHOENIX,2/3/2026 5:57:29 AM,Residential,0.00,OWNER,SPAD-0006719,,Trash,no_hvac_signal
BLSC,26001678,BLSC-26001678,https://apps-secure.phoenix.gov/PDD/Search/PermitDetails?permitNum=BLSC-26001678,BLSC-26001678,4215 E BELL RD,PHOENIX,2/3/2026 12:00:00 AM,Commercial,605576.00,KORTE CONSTRUCTION COMPANY,LPSC-2600217,,Trash,no_hvac_signal
BLSC,26001679,BLSC-26001679,https://apps-secure.phoenix.gov/PDD/Search/PermitDetails?permitNum=BLSC-26001679,BLSC-26001679,1945 E INDIAN SCHOOL RD,PHOENIX,2/3/2026 12:00:00 AM,Commercial,605576.00,KORTE CONSTRUCTION COMPANY,LPSC-2600216,,Trash,no_hvac_signal
CLT,26001653,CLT-26001653,https://apps-secure.phoenix.gov/PDD/Search/PermitDetails?permitNum=CLT-26001653,CLT-26001653,2949 N 43RD AVE,PHOENIX,2/3/2026 12:00:00 AM,Residential,0.00,PETRA CONTRACTING,CCPH-2500168,,Trash,no_hvac_signal
CLT,26001654,CLT-26001654,https://apps-secure.phoenix.gov/PDD/Search/PermitDetails?permitNum=CLT-26001654,CLT-26001654,2949 N 43RD AVE,PHOENIX,2/3/2026 12:00:00 AM,Residential,0.00,PETRA CONTRACTING,CCPH-2500168,,Trash,no_hvac_signal
CLT,26001655,CLT-26001655,https://apps-secure.phoenix.gov/PDD/Search/PermitDetails?permitNum=CLT-26001655,CLT-26001655,2949 N 43RD AVE,PHOENIX,2/3/2026 12:00:00 AM,Residential,0.00,PETRA CONTRACTING,CCPH-2500168,,Trash,no_hvac_signal
CLT,26001656,CLT-26001656,https://apps-secure.phoenix.gov/PDD/Search/PermitDetails?permitNum=CLT-26001656,CLT-26001656,2949 N 43RD AVE,PHOENIX,2/3/2026 12:00:00 AM,Residential,0.00,PETRA CONTRACTING,CCPH-2500168,,Trash,no_hvac_signal
CSL,26001670,CSL-26001670,https://apps-secure.phoenix.gov/PDD/Search/PermitDetails?permitNum=CSL-26001670,CSL-26001670,8608 N 14TH ST,PHOENIX,2/3/2026 12:00:00 AM,Residential,0.00,OWNER,CPGD-2500578,,Trash,no_hvac_signal
F800,2600416,F800-2600416,https://apps-secure.phoenix.gov/PDD/Search/PermitDetails?permitNum=F800-2600416,F800-2600416,1109 E MORROW DR,PHOENIX,2/2/2026 9:04:58 PM,Commercial,0.00,ONEWORLDENERGY LLC,SPAD-1601307,,Trash,no_hvac_signal
RPV,26001598,RPV-26001598,https://apps-secure.phoenix.gov/PDD/Search/PermitDetails?permitNum=RPV-26001598,RPV-26001598,1109 E MORROW DR,PHOENIX,2/2/2026 7:17:42 PM,Commercial,45510.00,ONEWORLDENERGY LLC,SPAD-1601307,,Trash,no_hvac_signal
BLD,26001597,BLD-26001597,https://apps-secure.phoenix.gov/PDD/Search/PermitDetails?permitNum=BLD-26001597,BLD-26001597,33 W PINNACLE PEAK RD,PHOENIX,2/2/2026 5:48:00 PM,Commercial,1165091.20,CHASSE BUILDING TEAM INC,LPRT-2506246,,Trash,no_hvac_signal
WSFT,26001596,WSFT-26001596,https://apps-secure.phoenix.gov/PDD/Search/PermitDetails?permitNum=WSFT-26001596,WSFT-26001596,721 N 6TH ST,PHOENIX,2/2/2026 5:01:14 PM,Residential,0.00,DIBBLE ENGINEERING,CCPH-2600019,,Trash,no_hvac_signal
OE,26001595,OE-26001595,https://apps-secure.phoenix.gov/PDD/Search/PermitDetails?permitNum=OE-26001595,OE-26001595,15451 N 28TH AVE,PHOENIX,2/2/2026 4:59:30 PM,Commercial,9200.00,HIGH-TECH INFRARED LLC,,,Trash,no_hvac_signal
CUT,26001594,CUT-26001594,https://apps-secure.phoenix.gov/PDD/Search/PermitDetails?permitNum=CUT-26001594,CUT-26001594,1416 E PIERCE ST,PHOENIX,2/2/2026 4:37:59 PM,Commercial,0.00,SOLID GROUND GENERAL CONTRACTOR LLC,SPAD-2004619,,Trash,no_hvac_signal
PLAT,260005,PLAT-260005,https://apps-secure.phoenix.gov/PDD/Search/PermitDetails?permitNum=PLAT-260005,PLAT-260005,5050 E THOMAS RD,PHOENIX,2/2/2026 4:20:38 PM,Commercial,0.00,TO BE BID,,,Trash,no_hvac_signal
CUT,26001593,CUT-26001593,https://apps-secure.phoenix.gov/PDD/Search/PermitDetails?permitNum=CUT-26001593,CUT-26001593,4747 E REDFIELD RD,PHOENIX,2/2/2026 4:02:49 PM,Commercial,0.00,KIMBRELL ELECTRIC INC,SPAD-1807690,,Trash,no_hvac_signal
PAPP,2600609,PAPP-2600609,https://apps-secure.phoenix.gov/PDD/Search/PermitDetails?permitNum=PAPP-2600609,PAPP-2600609,1515 N 44TH ST,PHOENIX,2/2/2026 3:59:15 PM,Commercial,0.00,TO BE BID,,,Trash,no_hvac_signal
RPV,26001592,RPV-26001592,https://apps-secure.phoenix.gov/PDD/Search/PermitDetails?permitNum=RPV-26001592,RPV-26001592,23510 N 25TH ST,PHOENIX,2/2/2026 3:52:02 PM,Commercial,35670.00,CAPITAL ENERGY LLC,SPAD-0614925,,Trash,no_hvac_signal
LPRM,2600608,LPRM-2600608,https://apps-secure.phoenix.gov/PDD/Search/PermitDetails?permitNum=LPRM-2600608,LPRM-2600608,4733 W DONNER DR,PHOENIX,2/2/2026 3:51:32 PM,Commercial,3000.00,ALB INDUSTRIES CORPORATION,,,Trash,no_hvac_signal
FPST,26003,FPST-26003,https://apps-secure.phoenix.gov/PDD/Search/PermitDetails?permitNum=FPST-26003,FPST-26003,2550 W NORTH FOOTHILLS DR,PHOENIX,2/2/2026 3:50:42 PM,Commercial,0.00,APEX FIRE PROTECTION AND SAFETY LLC,,,Trash,negative=fire
FPST,26002,FPST-26002,https://apps-secure.phoenix.gov/PDD/Search/PermitDetails?permitNum=FPST-26002,FPST-26002,2550 W NORTH FOOTHILLS DR,PHOENIX,2/2/2026 3:48:00 PM,Commercial,0.00,APEX FIRE PROTECTION AND SAFETY LLC,,,Trash,negative=fire
F809,26001591,F809-26001591,https://apps-secure.phoenix.gov/PDD/Search/PermitDetails?permitNum=F809-26001591,F809-26001591,711 E MISSOURI AVE,PHOENIX,2/2/2026 3:46:51 PM,Commercial,0.00,AMERICAN EAGLE FIRE PROTECTION LLC,,,Trash,negative=fire
LPSG,260112,LPSG-260112,https://apps-secure.phoenix.gov/PDD/Search/PermitDetails?permitNum=LPSG-260112,LPSG-260112,10625 N TATUM BLVD,PHOENIX,2/2/2026 3:38:00 PM,Commercial,5000.00,D'S SIGNS & LIGHTING LLC,,,Trash,negative=lighting
FPPD,260174,FPPD-260174,https://apps-secure.phoenix.gov/PDD/Search/PermitDetails?permitNum=FPPD-260174,FPPD-260174,739 W LINCOLN ST,PHOENIX,2/2/2026 3:31:08 PM,Commercial,0.00,KERNS PLUMBING L L C,SPAD-2500912,,Trash,negative=plumb(?:ing)?
LPRT,2600606,LPRT-2600606,https://apps-secure.phoenix.gov/PDD/Search/PermitDetails?permitNum=LPRT-2600606,LPRT-2600606,13832 N 32ND ST,PHOENIX,2/2/2026 3:17:12 PM,Commercial,438400.00,TO BE BID,,,Trash,no_hvac_signal
CRSC,2600605,CRSC-2600605,https://apps-secure.phoenix.gov/PDD/Search/PermitDetails?permitNum=CRSC-2600605,CRSC-2600605,13021 N 69TH ST,PHOENIX,2/2/2026 3:16:28 PM,Residential,0.00,TO BE BID,,,Trash,no_hvac_signal
CRSC,2600604,CRSC-2600604,https://apps-secure.phoenix.gov/PDD/Search/PermitDetails?permitNum=CRSC-2600604,CRSC-2600604,5925 E CALLE TUBERIA,PHOENIX,2/2/2026 3:13:17 PM,Residential,0.00,TO BE BID,,,Trash,no_hvac_signal
CPST,2600603,CPST-2600603,https://apps-secure.phoenix.gov/PDD/Search/PermitDetails?permitNum=CPST-2600603,CPST-2600603,18017 N 64TH ST,PHOENIX,2/2/2026 3:08:11 PM,Residential,0.00,TO BE BID,,,Trash,no_hvac_signal
WSDC,26001588,WSDC-26001588,https://apps-secure.phoenix.gov/PDD/Search/PermitDetails?permitNum=WSDC-26001588,WSDC-26001588,,PHOENIX,2/2/2026 3:03:27 PM,Commercial,0.00,"PULICE CONSTRUCTION, INC",SDEV-2400476,,Trash,no_hvac_signal
WSDC,26001589,WSDC-26001589,https://apps-secure.phoenix.gov/PDD/Search/PermitDetails?permitNum=WSDC-26001589,WSDC-26001589,,PHOENIX,2/2/2026 3:03:27 PM,Commercial,0.00,"PULICE CONSTRUCTION, INC",CCPH-2300062,,Trash,no_hvac_signal
WSDC,26001590,WSDC-26001590,https://apps-secure.phoenix.gov/PDD/Search/PermitDetails?permitNum=WSDC-26001590,WSDC-26001590,32200 N 43RD AVE,PHOENIX,2/2/2026 3:03:27 PM,Commercial,0.00,"PULICE CONSTRUCTION, INC",CCPH-2500316,,Trash,no_hvac_signal
AMND,21-23A13,AMND-21-23A13,https://apps-secure.phoenix.gov/PDD/Search/PermitDetails?permitNum=AMND-21-23A13,AMND-21-23A13,3301 N 99TH AVE,PHOENIX,2/2/2026 2:55:24 PM,Commercial,0.00,TO BE BID,,,Trash,no_hvac_signal
LPSG,260111,LPSG-260111,https://apps-secure.phoenix.gov/PDD/Search/PermitDetails?permitNum=LPSG-260111,LPSG-260111,18404 N TATUM BLVD,PHOENIX,2/2/2026 2:47:39 PM,Commercial,63335.00,TRADEMARK VISUAL INC,,,Trash,no_hvac_signal
FPPD,260173,FPPD-260173,https://apps-secure.phoenix.gov/PDD/Search/PermitDetails?permitNum=FPPD-260173,FPPD-260173,5625 N 45TH ST,PHOENIX,2/2/2026 2:46:50 PM,Residential,0.00,U S A FIRE PROTECTION,,,Trash,negative=fire
LSLO,2600602,LSLO-2600602,https://apps-secure.phoenix.gov/PDD/Search/PermitDetails?permitNum=LSLO-2600602,LSLO-2600602,1720 E PLEASANT DR,PHOENIX,2/2/2026 2:46:36 PM,Residential,0.00,TO BE BID,,,Trash,no_hvac_signal
F143,2600415,F143-2600415,https://apps-secure.phoenix.gov/PDD/Search/PermitDetails?permitNum=F143-2600415,F143-2600415,8787 W BUCKEYE RD,PHOENIX,2/2/2026 2:42:42 PM,Commercial,0.00,GEMCO CONSTRUCTORS LLC,FPPR-251266,,Trash,no_hvac_signal
F134,26001587,F134-26001587,https://apps-secure.phoenix.gov/PDD/Search/PermitDetails?permitNum=F134-26001587,F134-26001587,5124 W MCDOWELL RD,PHOENIX,2/2/2026 2:41:44 PM,Commercial,0.00,ALACRAN HOODS LLC,FPPD-260033,,Trash,no_hvac_signal
LPSG,260110,LPSG-260110,https://apps-secure.phoenix.gov/PDD/Search/PermitDetails?permitNum=LPSG-260110,LPSG-260110,2331 W LIBERTY LN,PHOENIX,2/2/2026 2:32:40 PM,Commercial,179000.00,TRADEMARK VISUAL INC,,,Trash,no_hvac_signal
S,26001586,S-26001586,https://apps-secure.phoenix.gov/PDD/Search/PermitDetails?permitNum=S-26001586,S-26001586,720 N 40TH ST,PHOENIX,2/2/2026 2:10:59 PM,Commercial,1000000.00,POWER CONTRACTING LLC,LPRM-2500998,,Trash,no_hvac_signal
CPGD,2600600,CPGD-2600600,https://apps-secure.phoenix.gov/PDD/Search/PermitDetails?permitNum=CPGD-2600600,CPGD-2600600,101 W ELWOOD ST,PHOENIX,2/2/2026 2:10:17 PM,Commercial,0.00,TO BE BID,,,Trash,no_hvac_signal
LPRR,2600599,LPRR-2600599,https://apps-secure.phoenix.gov/PDD/Search/PermitDetails?permitNum=LPRR-2600599,LPRR-2600599,21407 N CENTRAL AVE,PHOENIX,2/2/2026 2:05:45 PM,Commercial,1000000.00,BASSPERFORMANCE LLC,,,Trash,no_hvac_signal
AMND,0121191A13,AMND-0121191A13,https://apps-secure.phoenix.gov/PDD/Search/PermitDetails?permitNum=AMND-0121191A13,AMND-0121191A13,32648 N CAVE CREEK RD,PHOENIX,2/2/2026 2:03:35 PM,Residential,0.00,TO BE BID,,,Trash,no_hvac_signal
F171,2600414,F171-2600414,https://apps-secure.phoenix.gov/PDD/Search/PermitDetails?permitNum=F171-2600414,F171-2600414,,PHOENIX,2/2/2026 1:47:39 PM,Commercial,0.00,AP CONTRACTING INC,SPAD-2300297,,Trash,no_hvac_signal
RPV,26001585,RPV-26001585,https://apps-secure.phoenix.gov/PDD/Search/PermitDetails?permitNum=RPV-26001585,RPV-26001585,3658 E LOS GATOS DR,PHOENIX,2/2/2026 1:47:13 PM,Commercial,26460.00,TESLA,SPAD-0516596,,Trash,no_hvac_signal
CGD,26001584,CGD-26001584,https://apps-secure.phoenix.gov/PDD/Search/PermitDetails?permitNum=CGD-26001584,CGD-26001584,,PHOENIX,2/2/2026 1:41:22 PM,Commercial,0.00,COPPER STATE PAVEMENT INC.,CPGD-2504786,,Trash,no_hvac_signal
FPPD,260172,FPPD-260172,https://apps-secure.phoenix.gov/PDD/Search/PermitDetails?permitNum=FPPD-260172,FPPD-260172,7425 S 19TH AVE,PHOENIX,2/2/2026 1:25:34 PM,Commercial,0.00,BLAZE FIRE PROTECTION LLC,,,Trash,negative=fire
CRSC,2600598,CRSC-2600598,https://apps-secure.phoenix.gov/PDD/Search/PermitDetails?permitNum=CRSC-2600598,CRSC-2600598,4211 E STANFORD DR,PHOENIX,2/2/2026 1:23:29 PM,Commercial,0.00,TO BE BID,,,Trash,no_hvac_signal
CRSC,2600597,CRSC-2600597,https://apps-secure.phoenix.gov/PDD/Search/PermitDetails?permitNum=CRSC-2600597,CRSC-2600597,521 W MARLETTE AVE,PHOENIX,2/2/2026 1:22:55 PM,Residential,0.00,TO BE BID,,,Trash,no_hvac_signal
CRSC,2600596,CRSC-2600596,https://apps-secure.phoenix.gov/PDD/Search/PermitDetails?permitNum=CRSC-2600596,CRSC-2600596,2811 E MINNEZONA AVE,PHOENIX,2/2/2026 1:21:31 PM,Commercial,0.00,TO BE BID,,,Trash,no_hvac_signal
LPSG,260109,LPSG-260109,https://apps-secure.phoenix.gov/PDD/Search/PermitDetails?permitNum=LPSG-260109,LPSG-260109,1949 E CAMELBACK RD,PHOENIX,2/2/2026 1:20:57 PM,Commercial,2000.00,BOOTZ & DUKE SIGN COMPANY,,,Trash,negative=sign
CPMC,2600595,CPMC-2600595,https://apps-secure.phoenix.gov/PDD/Search/PermitDetails?permitNum=CPMC-2600595,CPMC-2600595,4950 E BRILL ST,PHOENIX,2/2/2026 1:08:51 PM,Commercial,0.00,YELLOW JACKET DRILLING SERVICES L L C,,,Trash,no_hvac_signal
LPRN,2600594,LPRN-2600594,https://apps-secure.phoenix.gov/PDD/Search/PermitDetails?permitNum=LPRN-2600594,LPRN-2600594,709 N 6TH ST,PHOENIX,2/2/2026 12:54:26 PM,Commercial,852320.00,CALIENTE CONSTRUCTION INC,,,Trash,no_hvac_signal
FPST,26001,FPST-26001,https://apps-secure.phoenix.gov/PDD/Search/PermitDetails?permitNum=FPST-26001,FPST-26001,2550 W NORTH FOOTHILLS DR,PHOENIX,2/2/2026 12:52:39 PM,Commercial,0.00,APEX FIRE PROTECTION AND SAFETY LLC,,,Trash,negative=fire
CMC,26001583,CMC-26001583,https://apps-secure.phoenix.gov/PDD/Search/PermitDetails?permitNum=CMC-26001583,CMC-26001583,625 N 47TH AVE,PHOENIX,2/2/2026 12:51:44 PM,Commercial,0.00,A E CONCRETE LLC,CCPH-2200377,,Trash,no_hvac_signal
RPV,26001582,RPV-26001582,https://apps-secure.phoenix.gov/PDD/Search/PermitDetails?permitNum=RPV-26001582,RPV-26001582,1808 N PALMCROFT WAY NW,PHOENIX,2/2/2026 12:50:20 PM,Commercial,26716.00,APOLLO SOLAR LLC,SPAD-0713966,,Trash,negative=solar(?: pv)?
F800,2600413,F800-2600413,https://apps-secure.phoenix.gov/PDD/Search/PermitDetails?permitNum=F800-2600413,F800-2600413,1808 N PALMCROFT WAY NW,PHOENIX,2/2/2026 12:50:20 PM,Commercial,0.00,APOLLO SOLAR LLC,SPAD-0713966,,Trash,negative=solar(?: pv)?
PRLM,2600593,PRLM-2600593,https://apps-secure.phoenix.gov/PDD/Search/PermitDetails?permitNum=PRLM-2600593,PRLM-2600593,2121 W PINNACLE PEAK RD,PHOENIX,2/2/2026 12:49:54 PM,Residential,0.00,GROMATZKY DUPREE SOUTHWEST,SDEV-99000864,,Trash,no_hvac_signal
PRLM,2600593,PRLM-2600593,https://apps-secure.phoenix.gov/PDD/Search/PermitDetails?permitNum=PRLM-2600593,PRLM-2600593,2121 W PINNACLE PEAK RD,PHOENIX,2/2/2026 12:49:54 PM,Residential,0.00,GROMATZKY DUPREE SOUTHWEST,SDEV-99000864,,Trash,no_hvac_signal
RPDR,2600592,RPDR-2600592,https://apps-secure.phoenix.gov/PDD/Search/PermitDetails?permitNum=RPDR-2600592,RPDR-2600592,345 W PALO VERDE DR,PHOENIX,2/2/2026 12:47:48 PM,Residential,0.00,OWNER,,,Trash,no_hvac_signal
F100,26001581,F100-26001581,https://apps-secure.phoenix.gov/PDD/Search/PermitDetails?permitNum=F100-26001581,F100-26001581,9225 W INDIAN SCHOOL RD,PHOENIX,2/2/2026 12:47:13 PM,Commercial,0.00,VALLEY FIRE SPRINKLER INC,FPPD-260039,,Trash,negative=fire|sprinkler
CPSE,2600591,CPSE-2600591,https://apps-secure.phoenix.gov/PDD/Search/PermitDetails?permitNum=CPSE-2600591,CPSE-2600591,4035 W GLENROSA AVE,PHOENIX,2/2/2026 12:44:05 PM,Commercial,0.00,TO BE BID,,,Trash,no_hvac_signal
F802,26001580,F802-26001580,https://apps-secure.phoenix.gov/PDD/Search/PermitDetails?permitNum=F802-26001580,F802-26001580,802 N 1ST AVE,PHOENIX,2/2/2026 12:39:36 PM,Commercial,0.00,API GROUP LIFE SAFETY USA LLC,,,Trash,no_hvac_signal
WSHM,26001579,WSHM-26001579,https://apps-secure.phoenix.gov/PDD/Search/PermitDetails?permitNum=WSHM-26001579,WSHM-26001579,N/A,PHOENIX,2/2/2026 12:37:37 PM,Commercial,0.00,FELIX CONSTRUCTION COMPANY,SDEV-2600010,,Trash,no_hvac_signal
CUT,26001578,CUT-26001578,https://apps-secure.phoenix.gov/PDD/Search/PermitDetails?permitNum=CUT-26001578,CUT-26001578,8050 N 3RD AVE 1,PHOENIX,2/2/2026 12:35:49 PM,Commercial,0.00,FHP BUILDERS LLC,CSPH-2200024,,Trash,no_hvac_signal
F802,26001577,F802-26001577,https://apps-secure.phoenix.gov/PDD/Search/PermitDetails?permitNum=F802-26001577,F802-26001577,4075 S 32ND ST,PHOENIX,2/2/2026 12:34:22 PM,Commercial,0.00,API GROUP LIFE SAFETY USA LLC,,,Trash,no_hvac_signal
F176,2600411,F176-2600411,https://apps-secure.phoenix.gov/PDD/Search/PermitDetails?permitNum=F176-2600411,F176-2600411,5718 E BECK LN,PHOENIX,2/2/2026 12:12:47 PM,Residential,0.00,CONSTRUCTION RESTORATION SERVICES,FPPR-260053,,Trash,no_hvac_signal
F875,26001576,F875-26001576,https://apps-secure.phoenix.gov/PDD/Search/PermitDetails?permitNum=F875-26001576,F875-26001576,3450 W BETHANY HOME RD,PHOENIX,2/2/2026 12:09:19 PM,Commercial,0.00,EVERON LLC,,,Trash,no_hvac_signal
F177,2600410,F177-2600410,https://apps-secure.phoenix.gov/PDD/Search/PermitDetails?permitNum=F177-2600410,F177-2600410,6338 E CLINTON ST,PHOENIX,2/2/2026 12:02:21 PM,Commercial,0.00,PROPANE SERVICES LLC,FPPX-260106,,Trash,no_hvac_signal
CPWT,2600590,CPWT-2600590,https://apps-secure.phoenix.gov/PDD/Search/PermitDetails?permitNum=CPWT-2600590,CPWT-2600590,10029 S 27TH AVE,PHOENIX,2/2/2026 11:59:59 AM,Residential,0.00,TO BE BID,,,Trash,no_hvac_signal
BLD,26001574,BLD-26001574,https://apps-secure.phoenix.gov/PDD/Search/PermitDetails?permitNum=BLD-26001574,BLD-26001574,9820 W INDIAN SCHOOL RD,PHOENIX,2/2/2026 11:54:38 AM,Commercial,400000.00,BIRKMEYER GENERAL CONTRACTORS LLC,LPRT-2503205,,Trash,no_hvac_signal
WSHM,26001573,WSHM-26001573,https://apps-secure.phoenix.gov/PDD/Search/PermitDetails?permitNum=WSHM-26001573,WSHM-26001573,,PHOENIX,2/2/2026 11:53:44 AM,Residential,0.00,B & F CONTRACTING,SDEV-2600004,,Trash,no_hvac_signal
CMW,26001571,CMW-26001571,https://apps-secure.phoenix.gov/PDD/Search/PermitDetails?permitNum=CMW-26001571,CMW-26001571,1801 N 21ST ST,PHOENIX,2/2/2026 11:44:04 AM,Residential,0.00,CASCADE DRILLING LP,CPMC-2600494,,Trash,no_hvac_signal
PAPP,2600589,PAPP-2600589,https://apps-secure.phoenix.gov/PDD/Search/PermitDetails?permitNum=PAPP-2600589,PAPP-2600589,,PHOENIX,2/2/2026 11:39:01 AM,Residential,0.00,TO BE BID,,,Trash,no_hvac_signal
CPA,26001568,CPA-26001568,https://apps-secure.phoenix.gov/PDD/Search/PermitDetails?permitNum=CPA-26001568,CPA-26001568,2275 W PINNACLE PEAK RD,PHOENIX,2/2/2026 11:37:18 AM,Commercial,0.00,SWIFT PIPELINE LLC,CPPA-2505198,,Trash,no_hvac_signal
CPA,26001568,CPA-26001568,https://apps-secure.phoenix.gov/PDD/Search/PermitDetails?permitNum=CPA-26001568,CPA-26001568,2275 W PINNACLE PEAK RD,PHOENIX,2/2/2026 11:37:18 AM,Commercial,0.00,SWIFT PIPELINE LLC,CPPA-2505198,,Trash,no_hvac_signal
CCO,26001569,CCO-26001569,https://apps-secure.phoenix.gov/PDD/Search/PermitDetails?permitNum=CCO-26001569,CCO-26001569,2275 W PINNACLE PEAK RD,PHOENIX,2/2/2026 11:37:18 AM,Commercial,0.00,GREAT WESTERN CONCRETE LLC,CPPA-2505198,,Trash,no_hvac_signal
CPR,26001570,CPR-26001570,https://apps-secure.phoenix.gov/PDD/Search/PermitDetails?permitNum=CPR-26001570,CPR-26001570,2275 W PINNACLE PEAK RD,PHOENIX,2/2/2026 11:37:18 AM,Commercial,0.00,SWIFT PIPELINE LLC,CPPA-2505198,,Trash,no_hvac_signal
CPR,26001570,CPR-26001570,https://apps-secure.phoenix.gov/PDD/Search/PermitDetails?permitNum=CPR-26001570,CPR-26001570,2275 W PINNACLE PEAK RD,PHOENIX,2/2/2026 11:37:18 AM,Commercial,0.00,SWIFT PIPELINE LLC,CPPA-2505198,,Trash,no_hvac_signal
AMND,00-151A18,AMND-00-151A18,https://apps-secure.phoenix.gov/PDD/Search/PermitDetails?permitNum=AMND-00-151A18,AMND-00-151A18,25800 N NORTERRA PKWY,PHOENIX,2/2/2026 11:36:45 AM,Commercial,0.00,TO BE BID,,,Trash,no_hvac_signal
CSW,26001567,CSW-26001567,https://apps-secure.phoenix.gov/PDD/Search/PermitDetails?permitNum=CSW-26001567,CSW-26001567,,PHOENIX,2/2/2026 11:36:16 AM,Commercial,0.00,DESERT SERVICES S W P P P SOLUTIONS,CPSW-2504787,,Trash,no_hvac_signal
CRSC,2600587,CRSC-2600587,https://apps-secure.phoenix.gov/PDD/Search/PermitDetails?permitNum=CRSC-2600587,CRSC-2600587,2433 E WIER AVE,PHOENIX,2/2/2026 11:30:20 AM,Commercial,0.00,TO BE BID,,,Trash,no_hvac_signal
CRSC,2600588,CRSC-2600588,https://apps-secure.phoenix.gov/PDD/Search/PermitDetails?permitNum=CRSC-2600588,CRSC-2600588,2435 E WIER AVE,PHOENIX,2/2/2026 11:30:20 AM,Commercial,0.00,TO BE BID,,,Trash,no_hvac_signal
WSIC,26001566,WSIC-26001566,https://apps-secure.phoenix.gov/PDD/Search/PermitDetails?permitNum=WSIC-26001566,WSIC-26001566,4800 N 7TH AVE,PHOENIX,2/2/2026 11:29:29 AM,Commercial,0.00,OWNER,SDEV-2600001,,Trash,no_hvac_signal
S,26001564,S-26001564,https://apps-secure.phoenix.gov/PDD/Search/PermitDetails?permitNum=S-26001564,S-26001564,4001 W BEARDSLEY RD,PHOENIX,2/2/2026 11:21:06 AM,Commercial,30000.00,HILOCONSTRUCTION LLC,LPRM-2507006,,Trash,no_hvac_signal
CPGD,2600585,CPGD-2600585,https://apps-secure.phoenix.gov/PDD/Search/PermitDetails?permitNum=CPGD-2600585,CPGD-2600585,6335 E JOAN DE ARC AVE,PHOENIX,2/2/2026 11:19:38 AM,Residential,0.00,PRESTIGE CONSTRUCTION CO.,,,Trash,no_hvac_signal
F171,2600409,F171-2600409,https://apps-secure.phoenix.gov/PDD/Search/PermitDetails?permitNum=F171-2600409,F171-2600409,3107 W VIRGINIA AVE,PHOENIX,2/2/2026 11:16:01 AM,Commercial,0.00,HILLER COMPANIES INC (THE),SPAD-0011598,,Trash,no_hvac_signal
PAPP,2600584,PAPP-2600584,https://apps-secure.phoenix.gov/PDD/Search/PermitDetails?permitNum=PAPP-2600584,PAPP-2600584,,PHOENIX,2/2/2026 11:11:18 AM,Residential,0.00,TO BE BID,,,Trash,no_hvac_signal
RPV,26001563,RPV-26001563,https://apps-secure.phoenix.gov/PDD/Search/PermitDetails?permitNum=RPV-26001563,RPV-26001563,3964 W DESERT HILLS DR,PHOENIX,2/2/2026 11:10:46 AM,Commercial,39866.00,PROSTRUCT SOLAR LLC,SPAD-2600111,,Trash,negative=solar(?: pv)?
F123,2600408,F123-2600408,https://apps-secure.phoenix.gov/PDD/Search/PermitDetails?permitNum=F123-2600408,F123-2600408,100 S 48TH ST,PHOENIX,2/2/2026 11:09:30 AM,Commercial,0.00,MC SHANE CONSTRUCTION COMPANY L L C,FPPX-260131,,Trash,no_hvac_signal
FPPD,260171,FPPD-260171,https://apps-secure.phoenix.gov/PDD/Search/PermitDetails?permitNum=FPPD-260171,FPPD-260171,2250 W HAPPY VALLEY RD,PHOENIX,2/2/2026 11:08:25 AM,Commercial,0.00,TO BE BID,,,Trash,no_hvac_signal
SCSR,2600582,SCSR-2600582,https://apps-secure.phoenix.gov/PDD/Search/PermitDetails?permitNum=SCSR-2600582,SCSR-2600582,4106 N 27TH AVE,PHOENIX,2/2/2026 11:06:46 AM,Commercial,0.00,TO BE BID,,,Trash,no_hvac_signal
F360,2600407,F360-2600407,https://apps-secure.phoenix.gov/PDD/Search/PermitDetails?permitNum=F360-2600407,F360-2600407,4000 E SKY HARBOR BLVD,PHOENIX,2/2/2026 11:06:19 AM,Commercial,0.00,EASTERN FIRE & SAFETY LIMITED LIABILITY COMPANY,FPSR-2308626,,Trash,negative=fire
SCSR,2600581,SCSR-2600581,https://apps-secure.phoenix.gov/PDD/Search/PermitDetails?permitNum=SCSR-2600581,SCSR-2600581,10435 N 35TH AVE,PHOENIX,2/2/2026 11:04:03 AM,Commercial,0.00,TO BE BID,,,Trash,no_hvac_signal
PAPP,2600580,PAPP-2600580,https://apps-secure.phoenix.gov/PDD/Search/PermitDetails?permitNum=PAPP-2600580,PAPP-2600580,701 W DOBBINS RD,PHOENIX,2/2/2026 11:00:46 AM,Commercial,0.00,TO BE BID,,,Trash,no_hvac_signal
F800,2600406,F800-2600406,https://apps-secure.phoenix.gov/PDD/Search/PermitDetails?permitNum=F800-2600406,F800-2600406,15238 S 37TH PL,PHOENIX,2/2/2026 10:59:57 AM,Commercial,0.00,INTY SOLAR LLC,SPAD-2600137,,Trash,negative=solar(?: pv)?
CPMC,2600579,CPMC-2600579,https://apps-secure.phoenix.gov/PDD/Search/PermitDetails?permitNum=CPMC-2600579,CPMC-2600579,4840 W BUCKEYE RD,PHOENIX,2/2/2026 10:56:20 AM,Commercial,0.00,MCCARTHY BUILDING COMPANIES,,,Trash,no_hvac_signal
PAPP,2600578,PAPP-2600578,https://apps-secure.phoenix.gov/PDD/Search/PermitDetails?permitNum=PAPP-2600578,PAPP-2600578,16440 N 25TH ST,PHOENIX,2/2/2026 10:52:56 AM,Residential,0.00,TO BE BID,,,Trash,no_hvac_signal
CPSW,2600577,CPSW-2600577,https://apps-secure.phoenix.gov/PDD/Search/PermitDetails?permitNum=CPSW-2600577,CPSW-2600577,1204 E ROESER RD,PHOENIX,2/2/2026 10:50:21 AM,Commercial,0.00,TO BE BID,,,Trash,no_hvac_signal
OP,26001562,OP-26001562,https://apps-secure.phoenix.gov/PDD/Search/PermitDetails?permitNum=OP-26001562,OP-26001562,2669 W CHANDLER BLVD,PHOENIX,2/2/2026 10:49:05 AM,Residential,150.00,SITEWORKS LANDSCAPE DEVELOPMENT L L C,SPAD-2502643,,Trash,no_hvac_signal
F800,2600404,F800-2600404,https://apps-secure.phoenix.gov/PDD/Search/PermitDetails?permitNum=F800-2600404,F800-2600404,5340 W ENCANTO BLVD,PHOENIX,2/2/2026 10:47:27 AM,Commercial,0.00,POSITIVE SYNERGY LLC,SPAD-0014238,,Trash,no_hvac_signal
F800,2600405,F800-2600405,https://apps-secure.phoenix.gov/PDD/Search/PermitDetails?permitNum=F800-2600405,F800-2600405,2343 W CORTEZ AVE,PHOENIX,2/2/2026 10:47:27 AM,Commercial,0.00,POSITIVE SYNERGY LLC,SPAD-2300656,,Trash,no_hvac_signal
F802,26001561,F802-26001561,https://apps-secure.phoenix.gov/PDD/Search/PermitDetails?permitNum=F802-26001561,F802-26001561,3815 E BELL RD,PHOENIX,2/2/2026 10:46:39 AM,Commercial,0.00,INTEGRITY FIRE SYSTEMS LLC,,,Trash,negative=fire
OP,26001560,OP-26001560,https://apps-secure.phoenix.gov/PDD/Search/PermitDetails?permitNum=OP-26001560,OP-26001560,,PHOENIX,2/2/2026 10:45:43 AM,Residential,150.00,SITEWORKS LANDSCAPE DEVELOPMENT L L C,SPAD-2502643,,Trash,no_hvac_signal
CPSW,2600575,CPSW-2600575,https://apps-secure.phoenix.gov/PDD/Search/PermitDetails?permitNum=CPSW-2600575,CPSW-2600575,7777 W ALAMEDA RD,PHOENIX,2/2/2026 10:42:20 AM,Commercial,0.00,TO BE BID,,,Trash,no_hvac_signal
TCO,26001559,TCO-26001559,https://apps-secure.phoenix.gov/PDD/Search/PermitDetails?permitNum=TCO-26001559,TCO-26001559,7730 S 59TH AVE,PHOENIX,2/2/2026 10:41:12 AM,Commercial,600000.00,MERIDIAN CONSTRUCTION L L C,BLD-25009748,,Trash,no_hvac_signal
WSSD,26001557,WSSD-26001557,https://apps-secure.phoenix.gov/PDD/Search/PermitDetails?permitNum=WSSD-26001557,WSSD-26001557,3622 W CAMBRIDGE AVE,PHOENIX,2/2/2026 10:33:59 AM,Commercial,0.00,GANEM CONSTRUCTION LLC,CCPH-2500059,,Trash,no_hvac_signal
FACT,2600574,FACT-2600574,https://apps-secure.phoenix.gov/PDD/Search/PermitDetails?permitNum=FACT-2600574,FACT-2600574,21015 N CITY NORTH DR,PHOENIX,2/2/2026 10:33:20 AM,Commercial,0.00,TO BE BID,,,Trash,no_hvac_signal
CPGD,2600573,CPGD-2600573,https://apps-secure.phoenix.gov/PDD/Search/PermitDetails?permitNum=CPGD-2600573,CPGD-2600573,20711 N 54TH ST,PHOENIX,2/2/2026 10:21:08 AM,Commercial,0.00,TO BE BID,,,Trash,no_hvac_signal
RPDR,2600572,RPDR-2600572,https://apps-secure.phoenix.gov/PDD/Search/PermitDetails?permitNum=RPDR-2600572,RPDR-2600572,4141 N 41ST PL,PHOENIX,2/2/2026 10:17:16 AM,Residential,0.00,TO BE BID,,,Trash,no_hvac_signal
CLS,26001556,CLS-26001556,https://apps-secure.phoenix.gov/PDD/Search/PermitDetails?permitNum=CLS-26001556,CLS-26001556,2225 W PINNACLE PEAK RD,PHOENIX,2/2/2026 10:13:55 AM,Residential,0.00,FREEBIRD LANDSCAPING,LSPL-2503698,,Trash,no_hvac_signal
F105,26001555,F105-26001555,https://apps-secure.phoenix.gov/PDD/Search/PermitDetails?permitNum=F105-26001555,F105-26001555,13430 N BLACK CANYON HWY,PHOENIX,2/2/2026 10:09:34 AM,Commercial,0.00,SUMMIT FIRE PROTECTION CO,FPPD-252718,,Trash,negative=fire
BLD,26001554,BLD-26001554,https://apps-secure.phoenix.gov/PDD/Search/PermitDetails?permitNum=BLD-26001554,BLD-26001554,2019 W BETHANY HOME RD,PHOENIX,2/2/2026 10:02:24 AM,Commercial,117600.00,RODCON LLC,LPRR-2506682,,Trash,no_hvac_signal
CPGD,2600570,CPGD-2600570,https://apps-secure.phoenix.gov/PDD/Search/PermitDetails?permitNum=CPGD-2600570,CPGD-2600570,1204 E ROESER RD,PHOENIX,2/2/2026 9:58:38 AM,Commercial,0.00,TO BE BID,,,Trash,no_hvac_signal
LPRM,2600569,LPRM-2600569,https://apps-secure.phoenix.gov/PDD/Search/PermitDetails?permitNum=LPRM-2600569,LPRM-2600569,4580 E CACTUS RD,PHOENIX,2/2/2026 9:55:12 AM,Commercial,48240.00,TO BE BID,,,Trash,no_hvac_signal
CPPA,2600567,CPPA-2600567,https://apps-secure.phoenix.gov/PDD/Search/PermitDetails?permitNum=CPPA-2600567,CPPA-2600567,2045 W HILTON AVE,PHOENIX,2/2/2026 9:52:57 AM,Commercial,11.00,COMMERCE CONSTRUCTION CO LIMITED PARTNERSHIP,,,Trash,no_hvac_signal
CPST,2600565,CPST-2600565,https://apps-secure.phoenix.gov/PDD/Search/PermitDetails?permitNum=CPST-2600565,CPST-2600565,2045 W HILTON AVE,PHOENIX,2/2/2026 9:52:57 AM,Commercial,0.00,COMMERCE CONSTRUCTION CO LIMITED PARTNERSHIP,,,Trash,no_hvac_signal
CPWT,2600566,CPWT-2600566,https://apps-secure.phoenix.gov/PDD/Search/PermitDetails?permitNum=CPWT-2600566,CPWT-2600566,2045 W HILTON AVE,PHOENIX,2/2/2026 9:52:57 AM,Commercial,0.00,COMMERCE CONSTRUCTION CO LIMITED PARTNERSHIP,,,Trash,no_hvac_signal
CPSW,2600568,CPSW-2600568,https://apps-secure.phoenix.gov/PDD/Search/PermitDetails?permitNum=CPSW-2600568,CPSW-2600568,2045 W HILTON AVE,PHOENIX,2/2/2026 9:52:57 AM,Commercial,0.00,COMMERCE CONSTRUCTION CO LIMITED PARTNERSHIP,,,Trash,no_hvac_signal
WSFT,26001553,WSFT-26001553,https://apps-secure.phoenix.gov/PDD/Search/PermitDetails?permitNum=WSFT-26001553,WSFT-26001553,1115 N 47TH AVE,PHOENIX,2/2/2026 9:49:26 AM,Commercial,0.00,ADANAC FIRE PROTECTION INC.,SPAD-0007542,,Trash,negative=fire
CPGD,2600563,CPGD-2600563,https://apps-secure.phoenix.gov/PDD/Search/PermitDetails?permitNum=CPGD-2600563,CPGD-2600563,2045 W HILTON AVE,PHOENIX,2/2/2026 9:44:58 AM,Commercial,0.00,COMMERCE CONSTRUCTION CO LIMITED PARTNERSHIP,,,Trash,no_hvac_signal
CPGD,2600562,CPGD-2600562,https://apps-secure.phoenix.gov/PDD/Search/PermitDetails?permitNum=CPGD-2600562,CPGD-2600562,10630 W SAN MIGUEL AVE,PHOENIX,2/2/2026 9:43:48 AM,Residential,0.00,OWNER,,,Trash,no_hvac_signal
CPFL,2600561,CPFL-2600561,https://apps-secure.phoenix.gov/PDD/Search/PermitDetails?permitNum=CPFL-2600561,CPFL-2600561,10025 W CAMELBACK RD,PHOENIX,2/2/2026 9:37:52 AM,Commercial,0.00,TO BE BID,,,Trash,no_hvac_signal
WSFT,26001552,WSFT-26001552,https://apps-secure.phoenix.gov/PDD/Search/PermitDetails?permitNum=WSFT-26001552,WSFT-26001552,1248 E BROADWAY RD,PHOENIX,2/2/2026 9:37:45 AM,Residential,0.00,STOP FIRE,CCPH-2500352,,Trash,negative=fire
CGD,26001548,CGD-26001548,https://apps-secure.phoenix.gov/PDD/Search/PermitDetails?permitNum=CGD-26001548,CGD-26001548,2225 W PINNACLE PEAK RD,PHOENIX,2/2/2026 9:32:42 AM,Commercial,0.00,AZ UNLIMITED CONSTRUCTION LLC,CPGD-2503538,,Trash,no_hvac_signal
CCO,26001549,CCO-26001549,https://apps-secure.phoenix.gov/PDD/Search/PermitDetails?permitNum=CCO-26001549,CCO-26001549,2225 W PINNACLE PEAK RD,PHOENIX,2/2/2026 9:32:42 AM,Commercial,0.00,GREAT WESTERN CONCRETE LLC,CPGD-2503538,,Trash,no_hvac_signal
CPR,26001550,CPR-26001550,https://apps-secure.phoenix.gov/PDD/Search/PermitDetails?permitNum=CPR-26001550,CPR-26001550,2225 W PINNACLE PEAK RD,PHOENIX,2/2/2026 9:32:42 AM,Commercial,0.00,SWIFT PIPELINE LLC,CPGD-2503538,,Trash,no_hvac_signal
CPR,26001550,CPR-26001550,https://apps-secure.phoenix.gov/PDD/Search/PermitDetails?permitNum=CPR-26001550,CPR-26001550,2225 W PINNACLE PEAK RD,PHOENIX,2/2/2026 9:32:42 AM,Commercial,0.00,SWIFT PIPELINE LLC,CPGD-2503538,,Trash,no_hvac_signal
CDF,26001551,CDF-26001551,https://apps-secure.phoenix.gov/PDD/Search/PermitDetails?permitNum=CDF-26001551,CDF-26001551,2225 W PINNACLE PEAK RD,PHOENIX,2/2/2026 9:32:42 AM,Commercial,0.00,SWIFT PIPELINE LLC,CPGD-2503538,,Trash,no_hvac_signal
FPPD,260170,FPPD-260170,https://apps-secure.phoenix.gov/PDD/Search/PermitDetails?permitNum=FPPD-260170,FPPD-260170,4326 N 57TH PL,PHOENIX,2/2/2026 9:32:31 AM,Residential,0.00,TO BE BID,,,Trash,no_hvac_signal
CMC,26001545,CMC-26001545,https://apps-secure.phoenix.gov/PDD/Search/PermitDetails?permitNum=CMC-26001545,CMC-26001545,720 N 40TH ST,PHOENIX,2/2/2026 9:31:52 AM,Commercial,0.00,POWER CONTRACTING LLC,CCSC-2504314,,Trash,no_hvac_signal
CMC,26001546,CMC-26001546,https://apps-secure.phoenix.gov/PDD/Search/PermitDetails?permitNum=CMC-26001546,CMC-26001546,720 N 40TH ST,PHOENIX,2/2/2026 9:31:52 AM,Commercial,0.00,POWER CONTRACTING LLC,CCSC-2504314,,Trash,no_hvac_signal
CGDC,26001547,CGDC-26001547,https://apps-secure.phoenix.gov/PDD/Search/PermitDetails?permitNum=CGDC-26001547,CGDC-26001547,720 N 40TH ST,PHOENIX,2/2/2026 9:31:52 AM,Commercial,0.00,POWER CONTRACTING LLC,CCSC-2504314,,Trash,no_hvac_signal
LPRN,2600560,LPRN-2600560,https://apps-secure.phoenix.gov/PDD/Search/PermitDetails?permitNum=LPRN-2600560,LPRN-2600560,111 N 17TH ST 2A,PHOENIX,2/2/2026 9:31:44 AM,Commercial,27490752.00,GORMAN GENERAL CONTRACTORS LLC,,,Trash,no_hvac_signal
RPV,26001542,RPV-26001542,https://apps-secure.phoenix.gov/PDD/Search/PermitDetails?permitNum=RPV-26001542,RPV-26001542,26217 N 56TH DR,PHOENIX,2/2/2026 9:25:56 AM,Commercial,32860.00,ARIZONA SOLAR WAVE & ENERGY LLC,SPAD-0607375,,Trash,negative=solar(?: pv)?
CPSW,2600559,CPSW-2600559,https://apps-secure.phoenix.gov/PDD/Search/PermitDetails?permitNum=CPSW-2600559,CPSW-2600559,101 W ELWOOD ST,PHOENIX,2/2/2026 9:25:08 AM,Commercial,1.00,TO BE BID,,,Trash,no_hvac_signal
CWT,26001541,CWT-26001541,https://apps-secure.phoenix.gov/PDD/Search/PermitDetails?permitNum=CWT-26001541,CWT-26001541,4027 S 13TH ST,PHOENIX,2/2/2026 9:17:37 AM,Commercial,0.00,PETRA CONTRACTING,CPWT-2501439,,Trash,no_hvac_signal
CPFL,2600558,CPFL-2600558,https://apps-secure.phoenix.gov/PDD/Search/PermitDetails?permitNum=CPFL-2600558,CPFL-2600558,26810 N 27TH AVE,PHOENIX,2/2/2026 9:17:22 AM,Commercial,0.00,TO BE BID,,,Trash,no_hvac_signal
CRSC,2600557,CRSC-2600557,https://apps-secure.phoenix.gov/PDD/Search/PermitDetails?permitNum=CRSC-2600557,CRSC-2600557,6719 N 10TH ST,PHOENIX,2/2/2026 9:16:32 AM,Residential,0.00,TO BE BID,,,Trash,no_hvac_signal
F800,2600403,F800-2600403,https://apps-secure.phoenix.gov/PDD/Search/PermitDetails?permitNum=F800-2600403,F800-2600403,6142 E CAMPO BELLO DR,PHOENIX,2/2/2026 9:14:09 AM,Commercial,0.00,SOLAR TECH ENERGY SYSTEMS INC.,SPAD-0903168,,Trash,negative=solar(?: pv)?
CWT,26001540,CWT-26001540,https://apps-secure.phoenix.gov/PDD/Search/PermitDetails?permitNum=CWT-26001540,CWT-26001540,4027 S 13TH ST,PHOENIX,2/2/2026 9:10:19 AM,Commercial,0.00,PETRA CONTRACTING,CPWT-2506617,,Trash,no_hvac_signal
CPR,26001539,CPR-26001539,https://apps-secure.phoenix.gov/PDD/Search/PermitDetails?permitNum=CPR-26001539,CPR-26001539,9605 N 37TH ST,PHOENIX,2/2/2026 9:08:31 AM,Commercial,0.00,"SUNLAND ASPHALT, INC.",SPAD-2400776,,Trash,no_hvac_signal
F100,26001538,F100-26001538,https://apps-secure.phoenix.gov/PDD/Search/PermitDetails?permitNum=F100-26001538,F100-26001538,1525 E ADAMS ST,PHOENIX,2/2/2026 9:07:55 AM,Commercial,0.00,COMPLETE FIRE PROTECTION INC,FPPD-260048,,Trash,negative=fire
WSHM,26001537,WSHM-26001537,https://apps-secure.phoenix.gov/PDD/Search/PermitDetails?permitNum=WSHM-26001537,WSHM-26001537,,PHOENIX,2/2/2026 8:58:15 AM,Commercial,0.00,ENE CONSTRUCTION LLC,SDEV-2600004,,Trash,no_hvac_signal
RPV,26001536,RPV-26001536,https://apps-secure.phoenix.gov/PDD/Search/PermitDetails?permitNum=RPV-26001536,RPV-26001536,6312 N 37TH DR,PHOENIX,2/2/2026 8:53:55 AM,Commercial,0.00,SOLAR FIX LLC,SPAD-2208241,,Trash,negative=solar(?: pv)?
OE,26001535,OE-26001535,https://apps-secure.phoenix.gov/PDD/Search/PermitDetails?permitNum=OE-26001535,OE-26001535,2450 E BEARDSLEY RD,PHOENIX,2/2/2026 8:20:48 AM,Residential,1000.00,DP ELECTRIC,,,Trash,no_hvac_signal
WSFT,26001534,WSFT-26001534,https://apps-secure.phoenix.gov/PDD/Search/PermitDetails?permitNum=WSFT-26001534,WSFT-26001534,4121 W INNOVATIVE DR,PHOENIX,2/2/2026 8:02:10 AM,Commercial,0.00,VALLEY FIRE SPRINKLER INC,CCPH-2400480,,Trash,negative=fire|sprinkler
F193,2600401,F193-2600401,https://apps-secure.phoenix.gov/PDD/Search/PermitDetails?permitNum=F193-2600401,F193-2600401,6281 W WOLF ST,PHOENIX,2/2/2026 7:52:44 AM,Commercial,0.00,CAPITAL ENERGY LLC,SPAD-2600127,,Trash,no_hvac_signal
FPPR,260074,FPPR-260074,https://apps-secure.phoenix.gov/PDD/Search/PermitDetails?permitNum=FPPR-260074,FPPR-260074,1115 N 47TH AVE,PHOENIX,2/2/2026 7:50:46 AM,Commercial,0.00,ADANAC FIRE PROTECTION INC.,SPAD-2401010,,Trash,negative=fire
F875,26001533,F875-26001533,https://apps-secure.phoenix.gov/PDD/Search/PermitDetails?permitNum=F875-26001533,F875-26001533,1534 W KNUDSEN DR,PHOENIX,2/2/2026 7:39:45 AM,Commercial,0.00,API GROUP LIFE SAFETY USA LLC,,,Trash,no_hvac_signal
LPRR,2600555,LPRR-2600555,https://apps-secure.phoenix.gov/PDD/Search/PermitDetails?permitNum=LPRR-2600555,LPRR-2600555,5550 N 12TH ST,PHOENIX,2/2/2026 7:35:43 AM,Commercial,9849.00,REBATH LLC,,,Trash,no_hvac_signal
LPSG,260108,LPSG-260108,https://apps-secure.phoenix.gov/PDD/Search/PermitDetails?permitNum=LPSG-260108,LPSG-260108,15810 S 45TH ST 150,PHOENIX,2/2/2026 7:30:43 AM,Commercial,5020.00,SIGN A RAMA,,,Trash,negative=sign
F800,2600400,F800-2600400,https://apps-secure.phoenix.gov/PDD/Search/PermitDetails?permitNum=F800-2600400,F800-2600400,7340 W GLENROSA AVE,PHOENIX,2/2/2026 5:47:04 AM,Commercial,0.00,ONEWORLDENERGY LLC,SPAD-2600102,,Trash,no_hvac_signal
OP,26001532,OP-26001532,https://apps-secure.phoenix.gov/PDD/Search/PermitDetails?permitNum=OP-26001532,OP-26001532,1805 N 31ST ST,PHOENIX,2/2/2026 4:54:15 AM,Commercial,4680.00,ZZONE CONSTRUCTION LLC,,,Trash,no_hvac_signal
SGNP,215024,SGNP-215024,https://apps-secure.phoenix.gov/PDD/Search/PermitDetails?permitNum=SGNP-215024,SGNP-215024,3831 E LA SALLE ST,PHOENIX,2/2/2026 12:00:00 AM,Commercial,2500.00,FAST SIGNS,LPSG-260070,,Trash,no_hvac_signal
SGNP,215025,SGNP-215025,https://apps-secure.phoenix.gov/PDD/Search/PermitDetails?permitNum=SGNP-215025,SGNP-215025,1 E DEER VALLEY DR,PHOENIX,2/2/2026 12:00:00 AM,Commercial,2500.00,FAST SIGNS,LPSG-260069,,Trash,no_hvac_signal
F800,2600399,F800-2600399,https://apps-secure.phoenix.gov/PDD/Search/PermitDetails?permitNum=F800-2600399,F800-2600399,940 E PIEDMONT RD,PHOENIX,1/31/2026 8:10:46 PM,Commercial,0.00,ONEWORLDENERGY LLC,SPAD-2101901,,Trash,no_hvac_signal
F800,2600398,F800-2600398,https://apps-secure.phoenix.gov/PDD/Search/PermitDetails?permitNum=F800-2600398,F800-2600398,820 W LUKE AVE,PHOENIX,1/31/2026 8:03:45 PM,Commercial,0.00,ONEWORLDENERGY LLC,SPAD-2600115,,Trash,no_hvac_signal
F800,2600397,F800-2600397,https://apps-secure.phoenix.gov/PDD/Search/PermitDetails?permitNum=F800-2600397,F800-2600397,1404 E CLARENDON AVE,PHOENIX,1/31/2026 7:56:22 PM,Commercial,0.00,ONEWORLDENERGY LLC,SPAD-1505105,,Trash,no_hvac_signal
F800,2600396,F800-2600396,https://apps-secure.phoenix.gov/PDD/Search/PermitDetails?permitNum=F800-2600396,F800-2600396,9030 W GLOBE AVE,PHOENIX,1/31/2026 7:38:31 PM,Commercial,0.00,ONEWORLDENERGY LLC,SPAD-0707672,,Trash,no_hvac_signal
F800,2600395,F800-2600395,https://apps-secure.phoenix.gov/PDD/Search/PermitDetails?permitNum=F800-2600395,F800-2600395,4114 W MAGDALENA LN,PHOENIX,1/31/2026 7:24:32 PM,Commercial,0.00,ONEWORLDENERGY LLC,SPAD-1401367,,Trash,no_hvac_signal
F100,26001530,F100-26001530,https://apps-secure.phoenix.gov/PDD/Search/PermitDetails?permitNum=F100-26001530,F100-26001530,5088 W INNOVATION CIR,PHOENIX,1/31/2026 6:01:02 PM,Residential,0.00,OLYMPIC WEST FIRE PROTECTION,FPPD-252576,,Trash,negative=fire
F100,26001530,F100-26001530,https://apps-secure.phoenix.gov/PDD/Search/PermitDetails?permitNum=F100-26001530,F100-26001530,5088 W INNOVATION CIR,PHOENIX,1/31/2026 6:01:02 PM,Residential,0.00,OLYMPIC WEST FIRE PROTECTION,FPPD-252576,,Trash,negative=fire
FPST,26007,FPST-26007,https://apps-secure.phoenix.gov/PDD/Search/PermitDetails?permitNum=FPST-26007,FPST-26007,18017 N 64TH ST,PHOENIX,1/31/2026 12:03:57 PM,Commercial,0.00,APEX FIRE PROTECTION AND SAFETY LLC,,,Trash,negative=fire
F193,2600394,F193-2600394,https://apps-secure.phoenix.gov/PDD/Search/PermitDetails?permitNum=F193-2600394,F193-2600394,10225 W CAMELBACK RD 37,PHOENIX,1/31/2026 9:51:03 AM,Commercial,0.00,"VECTOR ENERGY, LLC",SPAD-0520007,,Trash,no_hvac_signal
FPPD,260168,FPPD-260168,https://apps-secure.phoenix.gov/PDD/Search/PermitDetails?permitNum=FPPD-260168,FPPD-260168,1631 E CARSON RD,PHOENIX,1/31/2026 6:04:50 AM,Residential,0.00,TO BE BID,,,Trash,no_hvac_signal
F800,2600392,F800-2600392,https://apps-secure.phoenix.gov/PDD/Search/PermitDetails?permitNum=F800-2600392,F800-2600392,3146 N 81ST AVE,PHOENIX,1/30/2026 4:56:34 PM,Commercial,0.00,ONEWORLDENERGY LLC,SPAD-1707180,,Trash,no_hvac_signal
RPV,26001529,RPV-26001529,https://apps-secure.phoenix.gov/PDD/Search/PermitDetails?permitNum=RPV-26001529,RPV-26001529,3146 N 81ST AVE,PHOENIX,1/30/2026 4:49:22 PM,Commercial,15700.00,ONEWORLDENERGY LLC,SPAD-1707180,,Trash,no_hvac_signal
F800,2600391,F800-2600391,https://apps-secure.phoenix.gov/PDD/Search/PermitDetails?permitNum=F800-2600391,F800-2600391,122 W ILLINI ST,PHOENIX,1/30/2026 4:37:49 PM,Commercial,0.00,ONEWORLDENERGY LLC,SPAD-2600110,,Trash,no_hvac_signal
RPV,26001528,RPV-26001528,https://apps-secure.phoenix.gov/PDD/Search/PermitDetails?permitNum=RPV-26001528,RPV-26001528,122 W ILLINI ST,PHOENIX,1/30/2026 4:17:38 PM,Commercial,23370.00,ONEWORLDENERGY LLC,SPAD-2600110,,Trash,no_hvac_signal
F802,26001527,F802-26001527,https://apps-secure.phoenix.gov/PDD/Search/PermitDetails?permitNum=F802-26001527,F802-26001527,12414 N 38TH ST,PHOENIX,1/30/2026 4:14:54 PM,Commercial,0.00,"JOHNSON CONTROL SECURITY SOLUTIONS, LLC.",,,Trash,no_hvac_signal
FPPD,260167,FPPD-260167,https://apps-secure.phoenix.gov/PDD/Search/PermitDetails?permitNum=FPPD-260167,FPPD-260167,4141 S 91ST AVE,PHOENIX,1/30/2026 4:04:38 PM,Commercial,0.00,TO BE BID,,,Trash,no_hvac_signal
FPPD,260167,FPPD-260167,https://apps-secure.phoenix.gov/PDD/Search/PermitDetails?permitNum=FPPD-260167,FPPD-260167,4141 S 91ST AVE,PHOENIX,1/30/2026 4:04:38 PM,Commercial,0.00,TO BE BID,,,Trash,no_hvac_signal
LPRR,2600553,LPRR-2600553,https://apps-secure.phoenix.gov/PDD/Search/PermitDetails?permitNum=LPRR-2600553,LPRR-2600553,17 E DUNLAP AVE,PHOENIX,1/30/2026 3:55:08 PM,Commercial,180000.00,F M AND M CONSTRUCTION,SPAD-0013265,,Trash,no_hvac_signal
F227,2600390,F227-2600390,https://apps-secure.phoenix.gov/PDD/Search/PermitDetails?permitNum=F227-2600390,F227-2600390,26309 N 49TH GLN,PHOENIX,1/30/2026 3:43:10 PM,Residential,0.00,SUN VALLEY SOLAR SOLUTIONS L L C,SPAD-0615248,,Trash,negative=solar(?: pv)?
WSFT,26001525,WSFT-26001525,https://apps-secure.phoenix.gov/PDD/Search/PermitDetails?permitNum=WSFT-26001525,WSFT-26001525,1946 W MORNINGSIDE DR,PHOENIX,1/30/2026 3:40:08 PM,Commercial,0.00,JACOBS ENGINEERING GROUP,CCPR-0802983,,Trash,no_hvac_signal
CPGD,2600552,CPGD-2600552,https://apps-secure.phoenix.gov/PDD/Search/PermitDetails?permitNum=CPGD-2600552,CPGD-2600552,6115 E CALLE ROSA,PHOENIX,1/30/2026 3:33:57 PM,Residential,0.00,TO BE BID,,,Trash,no_hvac_signal
F159,26001524,F159-26001524,https://apps-secure.phoenix.gov/PDD/Search/PermitDetails?permitNum=F159-26001524,F159-26001524,2225 E SOLAR DR,PHOENIX,1/30/2026 3:33:14 PM,Commercial,0.00,ALPHA FIRE PROTECTION INC,FPPD-260047,,Trash,negative=solar(?: pv)?|fire
LPRR,2600551,LPRR-2600551,https://apps-secure.phoenix.gov/PDD/Search/PermitDetails?permitNum=LPRR-2600551,LPRR-2600551,440 S 51ST AVE,PHOENIX,1/30/2026 3:29:59 PM,Commercial,8000000.00,TO BE BID,,,Trash,no_hvac_signal
CPGD,2600549,CPGD-2600549,https://apps-secure.phoenix.gov/PDD/Search/PermitDetails?permitNum=CPGD-2600549,CPGD-2600549,242 W CODY DR,PHOENIX,1/30/2026 3:25:28 PM,Residential,0.00,TO BE BID,,,Trash,no_hvac_signal
F134,26001523,F134-26001523,https://apps-secure.phoenix.gov/PDD/Search/PermitDetails?permitNum=F134-26001523,F134-26001523,5950 W MCDOWELL RD,PHOENIX,1/30/2026 3:25:06 PM,Commercial,0.00,METRO VALLEY SYSTEMS LLC,FPPD-252048,,Trash,no_hvac_signal
PRLM,2600548,PRLM-2600548,https://apps-secure.phoenix.gov/PDD/Search/PermitDetails?permitNum=PRLM-2600548,PRLM-2600548,2102 W BASELINE RD,PHOENIX,1/30/2026 3:16:53 PM,Residential,0.00,TO BE BID,,,Trash,no_hvac_signal
OE,26001522,OE-26001522,https://apps-secure.phoenix.gov/PDD/Search/PermitDetails?permitNum=OE-26001522,OE-26001522,3034 N 37TH ST,PHOENIX,1/30/2026 3:13:29 PM,Commercial,2620.00,A QUALITY ELECTRIC COMPANY,SPAD-2008950,,Trash,no_hvac_signal
F800,2600389,F800-2600389,https://apps-secure.phoenix.gov/PDD/Search/PermitDetails?permitNum=F800-2600389,F800-2600389,26217 N 56TH DR,PHOENIX,1/30/2026 3:03:02 PM,Commercial,0.00,ARIZONA SOLAR WAVE & ENERGY LLC,SPAD-0607375,,Trash,negative=solar(?: pv)?
LPSG,260107,LPSG-260107,https://apps-secure.phoenix.gov/PDD/Search/PermitDetails?permitNum=LPSG-260107,LPSG-260107,9796 W MCDOWELL RD,PHOENIX,1/30/2026 2:43:48 PM,Commercial,4000.00,BOOTZ & DUKE SIGN COMPANY,,,Trash,negative=sign
SGNP,215020,SGNP-215020,https://apps-secure.phoenix.gov/PDD/Search/PermitDetails?permitNum=SGNP-215020,SGNP-215020,4640 E MCDOWELL RD,PHOENIX,1/30/2026 2:32:43 PM,Commercial,8318.00,LJL VISUAL SOLUTIONS LLC,LPSG-260074,,Trash,no_hvac_signal
OE,26001521,OE-26001521,https://apps-secure.phoenix.gov/PDD/Search/PermitDetails?permitNum=OE-26001521,OE-26001521,13220 N SCOTTSDALE RD,PHOENIX,1/30/2026 2:21:50 PM,Commercial,2000.00,MCSHANE CONSTRUCTION COMPANY LLC,,,Trash,no_hvac_signal
BLD,26001520,BLD-26001520,https://apps-secure.phoenix.gov/PDD/Search/PermitDetails?permitNum=BLD-26001520,BLD-26001520,32200 N 43RD AVE,PHOENIX,1/30/2026 2:21:39 PM,Commercial,1168750.00,OKLAND CONSTRUCTION COMPANY,PHAS-2503922-04,,Trash,no_hvac_signal
BLD,26001520,BLD-26001520,https://apps-secure.phoenix.gov/PDD/Search/PermitDetails?permitNum=BLD-26001520,BLD-26001520,32200 N 43RD AVE,PHOENIX,1/30/2026 2:21:39 PM,Commercial,1168750.00,OKLAND CONSTRUCTION COMPANY,PHAS-2503922-04,,Trash,no_hvac_signal
LPSG,260106,LPSG-260106,https://apps-secure.phoenix.gov/PDD/Search/PermitDetails?permitNum=LPSG-260106,LPSG-260106,748 E BELL RD,PHOENIX,1/30/2026 2:14:51 PM,Commercial,2000.00,TAGTEAM GRAFIX L L C,,,Trash,no_hvac_signal
BLD,26001519,BLD-26001519,https://apps-secure.phoenix.gov/PDD/Search/PermitDetails?permitNum=BLD-26001519,BLD-26001519,32200 N 43RD AVE,PHOENIX,1/30/2026 2:14:49 PM,Commercial,370203.00,OKLAND CONSTRUCTION COMPANY,PHAS-2503922-03,,Trash,no_hvac_signal
BLD,26001519,BLD-26001519,https://apps-secure.phoenix.gov/PDD/Search/PermitDetails?permitNum=BLD-26001519,BLD-26001519,32200 N 43RD AVE,PHOENIX,1/30/2026 2:14:49 PM,Commercial,370203.00,OKLAND CONSTRUCTION COMPANY,PHAS-2503922-03,,Trash,no_hvac_signal
ELEC,26001518,ELEC-26001518,https://apps-secure.phoenix.gov/PDD/Search/PermitDetails?permitNum=ELEC-26001518,ELEC-26001518,5101 W THOMAS RD,PHOENIX,1/30/2026 2:14:18 PM,Commercial,15000.00,AZ ULTIMATE DEVELOPEMENT LLC,LPRM-2507276,,Trash,no_hvac_signal
RPV,26001517,RPV-26001517,https://apps-secure.phoenix.gov/PDD/Search/PermitDetails?permitNum=RPV-26001517,RPV-26001517,31916 N 19TH AVE,PHOENIX,1/30/2026 2:12:10 PM,Commercial,62614.00,INTEGRITY ELECTRICAL CONTRACTING LLC,SPAD-0306636,,Trash,no_hvac_signal
F193,2600387,F193-2600387,https://apps-secure.phoenix.gov/PDD/Search/PermitDetails?permitNum=F193-2600387,F193-2600387,31916 N 19TH AVE,PHOENIX,1/30/2026 2:12:10 PM,Commercial,0.00,INTEGRITY ELECTRICAL CONTRACTING LLC,SPAD-0306636,,Trash,no_hvac_signal
F800,2600386,F800-2600386,https://apps-secure.phoenix.gov/PDD/Search/PermitDetails?permitNum=F800-2600386,F800-2600386,4539 E DESERT TRUMPET RD,PHOENIX,1/30/2026 2:06:48 PM,Commercial,0.00,INTY SOLAR LLC,SPAD-2600123,,Trash,negative=solar(?: pv)?
SE,26001516,SE-26001516,https://apps-secure.phoenix.gov/PDD/Search/PermitDetails?permitNum=SE-26001516,SE-26001516,137 S 1ST AVE,PHOENIX,1/30/2026 2:04:55 PM,Commercial,100000.00,EAST MESA ELECTRIC LLC,LPRM-2600063,,Trash,no_hvac_signal
ELEV,26001515,ELEV-26001515,https://apps-secure.phoenix.gov/PDD/Search/PermitDetails?permitNum=ELEV-26001515,ELEV-26001515,18000 N SCOTTSDALE RD,PHOENIX,1/30/2026 2:03:07 PM,Commercial,122265.00,ARIZONA ELEVATOR SOLUTIONS INCORPORATED,LPBE-2600464,,Trash,no_hvac_signal
OPBF,26001513,OPBF-26001513,https://apps-secure.phoenix.gov/PDD/Search/PermitDetails?permitNum=OPBF-26001513,OPBF-26001513,5770 E EXETER BLVD,PHOENIX,1/30/2026 1:41:48 PM,Residential,150.00,G M HUNT,SPAD-2600122,,Trash,no_hvac_signal
CPSE,2600545,CPSE-2600545,https://apps-secure.phoenix.gov/PDD/Search/PermitDetails?permitNum=CPSE-2600545,CPSE-2600545,3222 W ROOSEVELT ST,PHOENIX,1/30/2026 1:19:20 PM,Commercial,0.00,OWNER,SPAD-0504787,,Trash,no_hvac_signal
TCO,26001509,TCO-26001509,https://apps-secure.phoenix.gov/PDD/Search/PermitDetails?permitNum=TCO-26001509,TCO-26001509,,PHOENIX,1/30/2026 1:17:49 PM,Commercial,700000.00,GABLE FAMILY BUILDERS LLC,BLD-25011205,,Trash,no_hvac_signal
ELEC,26001508,ELEC-26001508,https://apps-secure.phoenix.gov/PDD/Search/PermitDetails?permitNum=ELEC-26001508,ELEC-26001508,1841 W LINDEN ST,PHOENIX,1/30/2026 1:15:34 PM,Commercial,8000.00,EAAA CONSTRUCTION LLC,LPRM-2507232,,Trash,no_hvac_signal
F800,2600384,F800-2600384,https://apps-secure.phoenix.gov/PDD/Search/PermitDetails?permitNum=F800-2600384,F800-2600384,15226 N 52ND ST,PHOENIX,1/30/2026 1:15:32 PM,Residential,0.00,TESLA,SPAD-2600117,,Trash,no_hvac_signal
CUT,26001507,CUT-26001507,https://apps-secure.phoenix.gov/PDD/Search/PermitDetails?permitNum=CUT-26001507,CUT-26001507,,PHOENIX,1/30/2026 1:13:29 PM,Commercial,0.00,WILLIAM CHARLES CONSTRUCTION COMPANY LLC,SDEV-2600001,,Trash,no_hvac_signal
F875,26001506,F875-26001506,https://apps-secure.phoenix.gov/PDD/Search/PermitDetails?permitNum=F875-26001506,F875-26001506,3434 W GREENWAY RD,PHOENIX,1/30/2026 12:57:49 PM,Commercial,0.00,METRO FIRE EQ,,,Trash,negative=fire
SE,26001505,SE-26001505,https://apps-secure.phoenix.gov/PDD/Search/PermitDetails?permitNum=SE-26001505,SE-26001505,215 N CENTRAL AVE,PHOENIX,1/30/2026 12:53:05 PM,Commercial,100000.00,EAST MESA ELECTRIC LLC,LPRM-2600062,,Trash,no_hvac_signal
DEM,26001504,DEM-26001504,https://apps-secure.phoenix.gov/PDD/Search/PermitDetails?permitNum=DEM-26001504,DEM-26001504,1945 W CHERYL DR,PHOENIX,1/30/2026 12:31:41 PM,Commercial,17822.00,C&C ALLIANCE LLC,SPAD-0802603,,Trash,no_hvac_signal
RVSN,2503407-01,RVSN-2503407-01,https://apps-secure.phoenix.gov/PDD/Search/PermitDetails?permitNum=RVSN-2503407-01,RVSN-2503407-01,3416 N 24TH LN,PHOENIX,1/30/2026 12:29:21 PM,Residential,5000.00,TO BE BID,LPBI-2503407,,Trash,no_hvac_signal
F809,26001503,F809-26001503,https://apps-secure.phoenix.gov/PDD/Search/PermitDetails?permitNum=F809-26001503,F809-26001503,3230 E BROADWAY RD,PHOENIX,1/30/2026 12:27:44 PM,Commercial,0.00,FOOTHILLS FIRE PROTECTION INC,,,Trash,negative=fire
FPPR,260071,FPPR-260071,https://apps-secure.phoenix.gov/PDD/Search/PermitDetails?permitNum=FPPR-260071,FPPR-260071,3550 E PINCHOT AVE,PHOENIX,1/30/2026 11:58:10 AM,Commercial,0.00,K12 DEFENSE CONSULTANTS LLC,SPAD-1008854,,Trash,no_hvac_signal
FPPR,260070,FPPR-260070,https://apps-secure.phoenix.gov/PDD/Search/PermitDetails?permitNum=FPPR-260070,FPPR-260070,525 S CENTRAL AVE,PHOENIX,1/30/2026 11:58:02 AM,Commercial,0.00,JK ALARMS OF AZ INC,FITM-T159531,,Trash,no_hvac_signal
SE,26001502,SE-26001502,https://apps-secure.phoenix.gov/PDD/Search/PermitDetails?permitNum=SE-26001502,SE-26001502,2121 N 83RD AVE,PHOENIX,1/30/2026 11:44:38 AM,Commercial,100000.00,KARY ENVIRONMENTAL SERVICES INC,LPRM-2506280,,Trash,no_hvac_signal
FPPD,260166,FPPD-260166,https://apps-secure.phoenix.gov/PDD/Search/PermitDetails?permitNum=FPPD-260166,FPPD-260166,5135 W MISTY WILLOW LN,PHOENIX,1/30/2026 11:36:44 AM,Residential,0.00,TO BE BID,,,Trash,no_hvac_signal
LSPL,2600542,LSPL-2600542,https://apps-secure.phoenix.gov/PDD/Search/PermitDetails?permitNum=LSPL-2600542,LSPL-2600542,7000 E MAYO BLVD,PHOENIX,1/30/2026 11:29:17 AM,Commercial,0.00,TO BE BID,,,Trash,no_hvac_signal
LPSC,2600541,LPSC-2600541,https://apps-secure.phoenix.gov/PDD/Search/PermitDetails?permitNum=LPSC-2600541,LPSC-2600541,3820 E RAY RD,PHOENIX,1/30/2026 11:22:44 AM,Commercial,1193400.00,TO BE BID,,,Trash,no_hvac_signal
CPMC,2600540,CPMC-2600540,https://apps-secure.phoenix.gov/PDD/Search/PermitDetails?permitNum=CPMC-2600540,CPMC-2600540,7447 W BUCKEYE RD,PHOENIX,1/30/2026 11:11:21 AM,Commercial,0.00,TO BE BID,,,Trash,no_hvac_signal
BLD,26001501,BLD-26001501,https://apps-secure.phoenix.gov/PDD/Search/PermitDetails?permitNum=BLD-26001501,BLD-26001501,2942 W BUCKEYE RD,PHOENIX,1/30/2026 10:57:57 AM,Commercial,85680.00,ARIZ-SON LLC,LPRN-2205702,,Trash,no_hvac_signal
F157,26001500,F157-26001500,https://apps-secure.phoenix.gov/PDD/Search/PermitDetails?permitNum=F157-26001500,F157-26001500,1919 W WHISPERING WIND DR,PHOENIX,1/30/2026 10:51:53 AM,Commercial,0.00,SUN STATE BUILDERS,FPPD-260053,,Trash,no_hvac_signal
F157,26001499,F157-26001499,https://apps-secure.phoenix.gov/PDD/Search/PermitDetails?permitNum=F157-26001499,F157-26001499,7246 N 41ST DR,PHOENIX,1/30/2026 10:49:35 AM,Commercial,0.00,WESTERN FENCE CO INC,SPAD-2503937,,Trash,negative=fence
CLS,26001498,CLS-26001498,https://apps-secure.phoenix.gov/PDD/Search/PermitDetails?permitNum=CLS-26001498,CLS-26001498,18017 N 64TH ST,PHOENIX,1/30/2026 10:48:45 AM,Commercial,0.00,K HOVNANIAN GREAT WESTERN BUILDING COMPANY LLC,LSPL-2505225,,Trash,no_hvac_signal
CPGD,2600539,CPGD-2600539,https://apps-secure.phoenix.gov/PDD/Search/PermitDetails?permitNum=CPGD-2600539,CPGD-2600539,1235 W RUTH AVE,PHOENIX,1/30/2026 10:42:24 AM,Commercial,1.00,AZAP ELECTRIC LLC,,,Trash,no_hvac_signal
BLD,26001497,BLD-26001497,https://apps-secure.phoenix.gov/PDD/Search/PermitDetails?permitNum=BLD-26001497,BLD-26001497,845 W SOUTHERN AVE,PHOENIX,1/30/2026 10:42:11 AM,Commercial,75000.00,X I T CONSTRUCTION LLC,LPRR-2506610,,Trash,no_hvac_signal
LPRR,2600538,LPRR-2600538,https://apps-secure.phoenix.gov/PDD/Search/PermitDetails?permitNum=LPRR-2600538,LPRR-2600538,2327 E JONES AVE,PHOENIX,1/30/2026 10:39:41 AM,Commercial,730864.00,ARIZONA POWELL COMPANY LLC,,,Trash,no_hvac_signal
F122,26001496,F122-26001496,https://apps-secure.phoenix.gov/PDD/Search/PermitDetails?permitNum=F122-26001496,F122-26001496,100 N 18TH ST 2B,PHOENIX,1/30/2026 10:33:59 AM,Commercial,0.00,FELIX FIRE PROTECTION LLC,FPPD-260008,,Trash,negative=fire
PAPP,2600537,PAPP-2600537,https://apps-secure.phoenix.gov/PDD/Search/PermitDetails?permitNum=PAPP-2600537,PAPP-2600537,1001 E MCKINLEY ST,PHOENIX,1/30/2026 10:25:59 AM,Commercial,0.00,TO BE BID,,,Trash,no_hvac_signal
WSFT,26001495,WSFT-26001495,https://apps-secure.phoenix.gov/PDD/Search/PermitDetails?permitNum=WSFT-26001495,WSFT-26001495,310 W THOMAS RD,PHOENIX,1/30/2026 10:25:35 AM,Commercial,0.00,COMPLETE FIRE PROTECTION INC,SDEV-2600006,,Trash,negative=fire
OE,26001494,OE-26001494,https://apps-secure.phoenix.gov/PDD/Search/PermitDetails?permitNum=OE-26001494,OE-26001494,5121 E LA PUENTE AVE,PHOENIX,1/30/2026 10:25:15 AM,Commercial,7500.00,CARLA-RUTH LLC,SPAD-0009414,,Trash,no_hvac_signal
F875,26001493,F875-26001493,https://apps-secure.phoenix.gov/PDD/Search/PermitDetails?permitNum=F875-26001493,F875-26001493,3875 W ADAMS ST,PHOENIX,1/30/2026 10:15:08 AM,Commercial,0.00,TITAN ALARM INC,,,Trash,negative=alarm
OE,26001492,OE-26001492,https://apps-secure.phoenix.gov/PDD/Search/PermitDetails?permitNum=OE-26001492,OE-26001492,2021 E CAMELBACK RD,PHOENIX,1/30/2026 10:05:56 AM,Commercial,40136.00,JFK ELECTRIC LLC,,,Trash,no_hvac_signal
TCO,26001491,TCO-26001491,https://apps-secure.phoenix.gov/PDD/Search/PermitDetails?permitNum=TCO-26001491,TCO-26001491,50 W VAN BUREN ST,PHOENIX,1/30/2026 10:04:21 AM,Commercial,22117572.00,LAYTON CONSTRUCTION COMPANY LLC,BLD-23004320,,Trash,no_hvac_signal
LPRM,2600535,LPRM-2600535,https://apps-secure.phoenix.gov/PDD/Search/PermitDetails?permitNum=LPRM-2600535,LPRM-2600535,4701 N CENTRAL AVE,PHOENIX,1/30/2026 10:03:14 AM,Commercial,50000.00,TO BE BID,,,Trash,no_hvac_signal
CES,26001490,CES-26001490,https://apps-secure.phoenix.gov/PDD/Search/PermitDetails?permitNum=CES-26001490,CES-26001490,31308 N 26TH GLN,PHOENIX,1/30/2026 10:01:13 AM,Commercial,0.00,LEON AZ CONSTRUCTION LLC,LSAL-2302141,,Trash,no_hvac_signal
F800,2600378,F800-2600378,https://apps-secure.phoenix.gov/PDD/Search/PermitDetails?permitNum=F800-2600378,F800-2600378,2244 W ROWEL RD,PHOENIX,1/30/2026 9:57:11 AM,Commercial,0.00,CAPITAL ENERGY LLC,SPAD-2600103,,Trash,no_hvac_signal
OP,26001489,OP-26001489,https://apps-secure.phoenix.gov/PDD/Search/PermitDetails?permitNum=OP-26001489,OP-26001489,6202 N 24TH ST,PHOENIX,1/30/2026 9:47:04 AM,Commercial,15000.00,RCI SYSTEMS INC,AFPF-060250,,Trash,no_hvac_signal
OP,26001489,OP-26001489,https://apps-secure.phoenix.gov/PDD/Search/PermitDetails?permitNum=OP-26001489,OP-26001489,6202 N 24TH ST,PHOENIX,1/30/2026 9:47:04 AM,Commercial,15000.00,RCI SYSTEMS INC,AFPF-060250,,Trash,no_hvac_signal
F800,2600377,F800-2600377,https://apps-secure.phoenix.gov/PDD/Search/PermitDetails?permitNum=F800-2600377,F800-2600377,20257 N 10TH AVE,PHOENIX,1/30/2026 9:45:47 AM,Commercial,0.00,CAPITAL ENERGY LLC,SPAD-2600119,,Trash,no_hvac_signal
F800,2600376,F800-2600376,https://apps-secure.phoenix.gov/PDD/Search/PermitDetails?permitNum=F800-2600376,F800-2600376,4626 E BRILLIANT SKY DR,PHOENIX,1/30/2026 9:42:31 AM,Commercial,0.00,CAPITAL ENERGY LLC,SPAD-0102670,,Trash,no_hvac_signal
F800,2600375,F800-2600375,https://apps-secure.phoenix.gov/PDD/Search/PermitDetails?permitNum=F800-2600375,F800-2600375,23510 N 25TH ST,PHOENIX,1/30/2026 9:37:23 AM,Commercial,0.00,CAPITAL ENERGY LLC,SPAD-0614925,,Trash,no_hvac_signal
F175,26001487,F175-26001487,https://apps-secure.phoenix.gov/PDD/Search/PermitDetails?permitNum=F175-26001487,F175-26001487,10100 N 25TH AVE,PHOENIX,1/30/2026 9:31:19 AM,Commercial,0.00,AERO AUTOMATIC SPRINKLER COMPANY,FPPD-260030,,Trash,negative=sprinkler
F175,26001488,F175-26001488,https://apps-secure.phoenix.gov/PDD/Search/PermitDetails?permitNum=F175-26001488,F175-26001488,10200 N 25TH AVE,PHOENIX,1/30/2026 9:31:19 AM,Commercial,0.00,AERO AUTOMATIC SPRINKLER COMPANY,FPPD-260029,,Trash,negative=sprinkler
BLD,26001486,BLD-26001486,https://apps-secure.phoenix.gov/PDD/Search/PermitDetails?permitNum=BLD-26001486,BLD-26001486,4515 N 16TH ST,PHOENIX,1/30/2026 9:23:06 AM,Commercial,179740.00,COMMERCIAL BUILDERS ASSOCIATES LLC,LPBI-2600488,,Trash,no_hvac_signal
F105,26001485,F105-26001485,https://apps-secure.phoenix.gov/PDD/Search/PermitDetails?permitNum=F105-26001485,F105-26001485,645 E MISSOURI AVE,PHOENIX,1/30/2026 9:20:30 AM,Commercial,0.00,SUMMIT FIRE PROTECTION CO,FPPD-260049,,Trash,negative=fire
SGNP,215018,SGNP-215018,https://apps-secure.phoenix.gov/PDD/Search/PermitDetails?permitNum=SGNP-215018,SGNP-215018,1605 N 7TH AVE,PHOENIX,1/30/2026 9:16:53 AM,Commercial,2500.00,MAS COLORS LLC,LPSG-260055,,Trash,no_hvac_signal
PAPP,2600533,PAPP-2600533,https://apps-secure.phoenix.gov/PDD/Search/PermitDetails?permitNum=PAPP-2600533,PAPP-2600533,5660 W ORANGE BLOSSOM LN,PHOENIX,1/30/2026 9:15:09 AM,Commercial,0.00,TO BE BID,,,Trash,no_hvac_signal
F875,26001484,F875-26001484,https://apps-secure.phoenix.gov/PDD/Search/PermitDetails?permitNum=F875-26001484,F875-26001484,811 S 16TH ST,PHOENIX,1/30/2026 9:13:00 AM,Commercial,0.00,HILLER COMPANIES INC (THE),AFPF-100131,,Trash,no_hvac_signal
F875,26001484,F875-26001484,https://apps-secure.phoenix.gov/PDD/Search/PermitDetails?permitNum=F875-26001484,F875-26001484,811 S 16TH ST,PHOENIX,1/30/2026 9:13:00 AM,Commercial,0.00,HILLER COMPANIES INC (THE),AFPF-100131,,Trash,no_hvac_signal
CUT,26001483,CUT-26001483,https://apps-secure.phoenix.gov/PDD/Search/PermitDetails?permitNum=CUT-26001483,CUT-26001483,,PHOENIX,1/30/2026 9:12:52 AM,Residential,0.00,RHINO CONTRACTING L L C,SDEV-2600001,,Trash,no_hvac_signal
F122,26001482,F122-26001482,https://apps-secure.phoenix.gov/PDD/Search/PermitDetails?permitNum=F122-26001482,F122-26001482,1525 E ADAMS ST,PHOENIX,1/30/2026 9:06:23 AM,Commercial,0.00,COMPLETE FIRE PROTECTION INC,FPPD-260009,,Trash,negative=fire
SE,26001481,SE-26001481,https://apps-secure.phoenix.gov/PDD/Search/PermitDetails?permitNum=SE-26001481,SE-26001481,4118 E ELWOOD ST,PHOENIX,1/30/2026 9:04:52 AM,Commercial,40000.00,DLR ELECTRIC LLC,LPRM-2504742,,Trash,no_hvac_signal
F217,2600374,F217-2600374,https://apps-secure.phoenix.gov/PDD/Search/PermitDetails?permitNum=F217-2600374,F217-2600374,2212 N 27TH AVE,PHOENIX,1/30/2026 8:58:14 AM,Residential,0.00,OWNER,FSH3-2301504,,Trash,no_hvac_signal
LPRX,2600531,LPRX-2600531,https://apps-secure.phoenix.gov/PDD/Search/PermitDetails?permitNum=LPRX-2600531,LPRX-2600531,100 N 3RD ST,PHOENIX,1/30/2026 8:56:51 AM,Commercial,100000.00,PRIDE GROUP LLC,AFPF-060324,,Trash,no_hvac_signal
LPRX,2600531,LPRX-2600531,https://apps-secure.phoenix.gov/PDD/Search/PermitDetails?permitNum=LPRX-2600531,LPRX-2600531,100 N 3RD ST,PHOENIX,1/30/2026 8:56:51 AM,Commercial,100000.00,PRIDE GROUP LLC,AFPF-060324,,Trash,no_hvac_signal
CUT,26001480,CUT-26001480,https://apps-secure.phoenix.gov/PDD/Search/PermitDetails?permitNum=CUT-26001480,CUT-26001480,,PHOENIX,1/30/2026 8:56:21 AM,Commercial,0.00,X CONTRACTING LLC,SDEV-2100034,,Trash,no_hvac_signal
F824,2600373,F824-2600373,https://apps-secure.phoenix.gov/PDD/Search/PermitDetails?permitNum=F824-2600373,F824-2600373,6125 E JOAN DE ARC AVE,PHOENIX,1/30/2026 8:55:28 AM,Residential,0.00,ARIZONA PROPANE,SPAD-0115803,,Trash,no_hvac_signal
F481,26001479,F481-26001479,https://apps-secure.phoenix.gov/PDD/Search/PermitDetails?permitNum=F481-26001479,F481-26001479,20345 N 56TH ST,PHOENIX,1/30/2026 8:55:04 AM,Commercial,0.00,COLORADO STRUCTURES INC,FPPD-252708,,Trash,no_hvac_signal
F824,2600372,F824-2600372,https://apps-secure.phoenix.gov/PDD/Search/PermitDetails?permitNum=F824-2600372,F824-2600372,4536 E BECK LN,PHOENIX,1/30/2026 8:54:27 AM,Residential,0.00,ARIZONA PROPANE,SPAD-0105341,,Trash,no_hvac_signal
SGNP,215017,SGNP-215017,https://apps-secure.phoenix.gov/PDD/Search/PermitDetails?permitNum=SGNP-215017,SGNP-215017,777 N CENTRAL AVE,PHOENIX,1/30/2026 8:47:07 AM,Commercial,20000.00,SIGNS OF THE TIMES,LPSG-251264,,Trash,no_hvac_signal
SGNP,215016,SGNP-215016,https://apps-secure.phoenix.gov/PDD/Search/PermitDetails?permitNum=SGNP-215016,SGNP-215016,777 N CENTRAL AVE,PHOENIX,1/30/2026 8:46:19 AM,Commercial,20000.00,SIGNS OF THE TIMES,LPSG-251264,,Trash,no_hvac_signal
SGNP,215015,SGNP-215015,https://apps-secure.phoenix.gov/PDD/Search/PermitDetails?permitNum=SGNP-215015,SGNP-215015,777 N CENTRAL AVE,PHOENIX,1/30/2026 8:45:36 AM,Commercial,20000.00,SIGNS OF THE TIMES,LPSG-251264,,Trash,no_hvac_signal
SGNP,215014,SGNP-215014,https://apps-secure.phoenix.gov/PDD/Search/PermitDetails?permitNum=SGNP-215014,SGNP-215014,777 N CENTRAL AVE,PHOENIX,1/30/2026 8:44:48 AM,Commercial,20000.00,SIGNS OF THE TIMES,LPSG-251264,,Trash,no_hvac_signal
WSSD,26001478,WSSD-26001478,https://apps-secure.phoenix.gov/PDD/Search/PermitDetails?permitNum=WSSD-26001478,WSSD-26001478,26224 N TATUM BLVD,PHOENIX,1/30/2026 8:43:19 AM,Residential,0.00,METRO FIRE EQ,SPAD-0006451,,Trash,negative=fire
LPSG,260102,LPSG-260102,https://apps-secure.phoenix.gov/PDD/Search/PermitDetails?permitNum=LPSG-260102,LPSG-260102,502 W VAN BUREN ST,PHOENIX,1/30/2026 8:29:36 AM,Commercial,39000.00,SIGNS OF THE TIMES,,,Trash,no_hvac_signal
ELEC,26001476,ELEC-26001476,https://apps-secure.phoenix.gov/PDD/Search/PermitDetails?permitNum=ELEC-26001476,ELEC-26001476,1555 GRAND AVE,PHOENIX,1/30/2026 8:25:05 AM,Commercial,6500.00,UPTOWN ELECTRIC LLC,LPRM-2506536,,Trash,no_hvac_signal
FPPD,260164,FPPD-260164,https://apps-secure.phoenix.gov/PDD/Search/PermitDetails?permitNum=FPPD-260164,FPPD-260164,1739 W MYRTLE AVE,PHOENIX,1/30/2026 8:24:57 AM,Commercial,0.00,API GROUP LIFE SAFETY USA LLC,,,Trash,no_hvac_signal
F802,26001475,F802-26001475,https://apps-secure.phoenix.gov/PDD/Search/PermitDetails?permitNum=F802-26001475,F802-26001475,22600 N 19TH AVE,PHOENIX,1/30/2026 8:17:02 AM,Commercial,0.00,API GROUP LIFE SAFETY USA LLC,,,Trash,no_hvac_signal
ELEC,26001474,ELEC-26001474,https://apps-secure.phoenix.gov/PDD/Search/PermitDetails?permitNum=ELEC-26001474,ELEC-26001474,5088 W INNOVATION CIR,PHOENIX,1/30/2026 8:10:02 AM,Commercial,5278979.12,MARKETECH INT'L CORP. USA,PHAS-2500672-05,,Trash,no_hvac_signal
ELEC,26001474,ELEC-26001474,https://apps-secure.phoenix.gov/PDD/Search/PermitDetails?permitNum=ELEC-26001474,ELEC-26001474,5088 W INNOVATION CIR,PHOENIX,1/30/2026 8:10:02 AM,Commercial,5278979.12,MARKETECH INT'L CORP. USA,PHAS-2500672-05,,Trash,no_hvac_signal
OE,26001473,OE-26001473,https://apps-secure.phoenix.gov/PDD/Search/PermitDetails?permitNum=OE-26001473,OE-26001473,13413 N 35TH AVE,PHOENIX,1/30/2026 8:07:15 AM,Commercial,2400.00,ELITE PRO SERVICES LLC,,,Trash,no_hvac_signal
OME,26001472,OME-26001472,https://apps-secure.phoenix.gov/PDD/Search/PermitDetails?permitNum=OME-26001472,OME-26001472,4402 N 51ST AVE,PHOENIX,1/30/2026 5:33:53 AM,Commercial,69000.00,PUBLIC WORKS I88,AFPF-100111,,Trash,no_hvac_signal
F129,26001470,F129-26001470,https://apps-secure.phoenix.gov/PDD/Search/PermitDetails?permitNum=F129-26001470,F129-26001470,4900 E DEER VALLEY DR,PHOENIX,1/30/2026 5:16:39 AM,Commercial,0.00,PAVION CORP.,FPPD-252421,,Trash,no_hvac_signal
F129,26001471,F129-26001471,https://apps-secure.phoenix.gov/PDD/Search/PermitDetails?permitNum=F129-26001471,F129-26001471,4900 E DEER VALLEY DR,PHOENIX,1/30/2026 5:16:39 AM,Commercial,0.00,PAVION CORP.,FPPD-252421,,Trash,no_hvac_signal
F129,26001464,F129-26001464,https://apps-secure.phoenix.gov/PDD/Search/PermitDetails?permitNum=F129-26001464,F129-26001464,4900 E DEER VALLEY DR,PHOENIX,1/30/2026 5:16:38 AM,Commercial,0.00,PAVION CORP.,FPPD-252421,,Trash,no_hvac_signal
F129,26001465,F129-26001465,https://apps-secure.phoenix.gov/PDD/Search/PermitDetails?permitNum=F129-26001465,F129-26001465,4900 E DEER VALLEY DR,PHOENIX,1/30/2026 5:16:38 AM,Commercial,0.00,PAVION CORP.,FPPD-252421,,Trash,no_hvac_signal
F129,26001466,F129-26001466,https://apps-secure.phoenix.gov/PDD/Search/PermitDetails?permitNum=F129-26001466,F129-26001466,4900 E DEER VALLEY DR,PHOENIX,1/30/2026 5:16:38 AM,Commercial,0.00,PAVION CORP.,FPPD-252421,,Trash,no_hvac_signal
F129,26001467,F129-26001467,https://apps-secure.phoenix.gov/PDD/Search/PermitDetails?permitNum=F129-26001467,F129-26001467,4900 E DEER VALLEY DR,PHOENIX,1/30/2026 5:16:38 AM,Commercial,0.00,PAVION CORP.,FPPD-252421,,Trash,no_hvac_signal
F129,26001468,F129-26001468,https://apps-secure.phoenix.gov/PDD/Search/PermitDetails?permitNum=F129-26001468,F129-26001468,4900 E DEER VALLEY DR,PHOENIX,1/30/2026 5:16:38 AM,Commercial,0.00,PAVION CORP.,FPPD-252421,,Trash,no_hvac_signal
F129,26001469,F129-26001469,https://apps-secure.phoenix.gov/PDD/Search/PermitDetails?permitNum=F129-26001469,F129-26001469,4900 E DEER VALLEY DR,PHOENIX,1/30/2026 5:16:38 AM,Commercial,0.00,PAVION CORP.,FPPD-252421,,Trash,no_hvac_signal
RPV,26001511,RPV-26001511,https://apps-secure.phoenix.gov/PDD/Search/PermitDetails?permitNum=RPV-26001511,RPV-26001511,33018 N 53RD PL,PHOENIX,1/30/2026 12:00:00 AM,Commercial,33210.00,CAPITAL ENERGY LLC,SPAD-0306559,,Trash,no_hvac_signal
RPV,26001512,RPV-26001512,https://apps-secure.phoenix.gov/PDD/Search/PermitDetails?permitNum=RPV-26001512,RPV-26001512,1724 W CITRUS WAY,PHOENIX,1/30/2026 12:00:00 AM,Commercial,15840.00,CAPITAL ENERGY LLC,SPAD-1907823,,Trash,no_hvac_signal
LPSG,260103,LPSG-260103,https://apps-secure.phoenix.gov/PDD/Search/PermitDetails?permitNum=LPSG-260103,LPSG-260103,3820 W VINEYARD RD,PHOENIX,1/30/2026 12:00:00 AM,Commercial,2900.00,ASSOCIATED SIGN COMPANY,,,Trash,negative=sign
SGNP,215019,SGNP-215019,https://apps-secure.phoenix.gov/PDD/Search/PermitDetails?permitNum=SGNP-215019,SGNP-215019,1625 W PINNACLE PEAK RD,PHOENIX,1/30/2026 12:00:00 AM,Commercial,2500.00,ASSOCIATED SIGN COMPANY,LPSG-260049,,Trash,negative=sign
SGNP,215021,SGNP-215021,https://apps-secure.phoenix.gov/PDD/Search/PermitDetails?permitNum=SGNP-215021,SGNP-215021,1975 S 99TH AVE,PHOENIX,1/30/2026 12:00:00 AM,Commercial,0.00,D A HERNDON LLC,LPSG-260081,,Trash,no_hvac_signal
SGNP,215022,SGNP-215022,https://apps-secure.phoenix.gov/PDD/Search/PermitDetails?permitNum=SGNP-215022,SGNP-215022,1975 S 99TH AVE,PHOENIX,1/30/2026 12:00:00 AM,Commercial,0.00,D A HERNDON LLC,LPSG-260081,,Trash,no_hvac_signal
SGNP,215023,SGNP-215023,https://apps-secure.phoenix.gov/PDD/Search/PermitDetails?permitNum=SGNP-215023,SGNP-215023,1975 S 99TH AVE,PHOENIX,1/30/2026 12:00:00 AM,Commercial,0.00,D A HERNDON LLC,LPSG-260081,,Trash,no_hvac_signal
SE,26001463,SE-26001463,https://apps-secure.phoenix.gov/PDD/Search/PermitDetails?permitNum=SE-26001463,SE-26001463,4410 W UNION HILLS DR,PHOENIX,1/29/2026 10:54:23 PM,Commercial,250000.00,MASTEC NETWORK SOLUTIONS LLC,LPRM-2600133,,Trash,no_hvac_signal
CRSC,2600528,CRSC-2600528,https://apps-secure.phoenix.gov/PDD/Search/PermitDetails?permitNum=CRSC-2600528,CRSC-2600528,10055 N 40TH ST,PHOENIX,1/29/2026 8:12:19 PM,Residential,0.00,TO BE BID,,,Trash,no_hvac_signal
RPV,26001462,RPV-26001462,https://apps-secure.phoenix.gov/PDD/Search/PermitDetails?permitNum=RPV-26001462,RPV-26001462,2244 W ROWEL RD,PHOENIX,1/29/2026 5:45:25 PM,Commercial,21915.00,CAPITAL ENERGY LLC,SPAD-2600103,,Trash,no_hvac_signal
F800,2600370,F800-2600370,https://apps-secure.phoenix.gov/PDD/Search/PermitDetails?permitNum=F800-2600370,F800-2600370,4428 E MOUNTAIN SAGE DR,PHOENIX,1/29/2026 5:18:16 PM,Commercial,0.00,INTY SOLAR LLC,SPAD-2600116,,Trash,negative=solar(?: pv)?
CRSC,2600527,CRSC-2600527,https://apps-secure.phoenix.gov/PDD/Search/PermitDetails?permitNum=CRSC-2600527,CRSC-2600527,3101 E ROMA AVE,PHOENIX,1/29/2026 5:10:10 PM,Residential,0.00,TO BE BID,,,Trash,no_hvac_signal
F209,2600369,F209-2600369,https://apps-secure.phoenix.gov/PDD/Search/PermitDetails?permitNum=F209-2600369,F209-2600369,2747 E REDFIELD RD,PHOENIX,1/29/2026 5:07:26 PM,Commercial,0.00,INTY SOLAR LLC,FPPR-260008,,Trash,negative=solar(?: pv)?
CRSC,2600526,CRSC-2600526,https://apps-secure.phoenix.gov/PDD/Search/PermitDetails?permitNum=CRSC-2600526,CRSC-2600526,3301 E ORANGE DR,PHOENIX,1/29/2026 4:46:46 PM,Commercial,0.00,TO BE BID,,,Trash,no_hvac_signal
CPGD,2600525,CPGD-2600525,https://apps-secure.phoenix.gov/PDD/Search/PermitDetails?permitNum=CPGD-2600525,CPGD-2600525,32400 N 51ST AVE,PHOENIX,1/29/2026 4:46:30 PM,Residential,0.00,OAKLAND CONSTRUCTION CO,,,Trash,no_hvac_signal
CPGD,2600525,CPGD-2600525,https://apps-secure.phoenix.gov/PDD/Search/PermitDetails?permitNum=CPGD-2600525,CPGD-2600525,32400 N 51ST AVE,PHOENIX,1/29/2026 4:46:30 PM,Residential,0.00,OAKLAND CONSTRUCTION CO,,,Trash,no_hvac_signal
F175,26001460,F175-26001460,https://apps-secure.phoenix.gov/PDD/Search/PermitDetails?permitNum=F175-26001460,F175-26001460,10000 N 25TH AVE,PHOENIX,1/29/2026 4:45:35 PM,Commercial,0.00,AERO AUTOMATIC SPRINKLER COMPANY,FPPD-260031,,Trash,negative=sprinkler
F175,26001461,F175-26001461,https://apps-secure.phoenix.gov/PDD/Search/PermitDetails?permitNum=F175-26001461,F175-26001461,9900 N 25TH AVE,PHOENIX,1/29/2026 4:45:35 PM,Commercial,0.00,AERO AUTOMATIC SPRINKLER COMPANY,FPPD-260032,,Trash,negative=sprinkler
FPPX,260163,FPPX-260163,https://apps-secure.phoenix.gov/PDD/Search/PermitDetails?permitNum=FPPX-260163,FPPX-260163,25800 N NORTERRA PKWY,PHOENIX,1/29/2026 4:34:57 PM,Commercial,0.00,AERO AUTOMATIC SPRINKLER COMPANY,,,Trash,negative=sprinkler
LPBI,2600524,LPBI-2600524,https://apps-secure.phoenix.gov/PDD/Search/PermitDetails?permitNum=LPBI-2600524,LPBI-2600524,12445 N 21ST AVE 9,PHOENIX,1/29/2026 4:19:38 PM,Commercial,71000.00,TO BE BID,,,Trash,no_hvac_signal
LPRM,2600523,LPRM-2600523,https://apps-secure.phoenix.gov/PDD/Search/PermitDetails?permitNum=LPRM-2600523,LPRM-2600523,8145 S 63RD AVE,PHOENIX,1/29/2026 4:00:42 PM,Commercial,2425500.00,COMMERCIAL SOLAR ARIZONA LLC,,,Trash,negative=solar(?: pv)?
FPPD,260162,FPPD-260162,https://apps-secure.phoenix.gov/PDD/Search/PermitDetails?permitNum=FPPD-260162,FPPD-260162,2601 E MCDOWELL RD,PHOENIX,1/29/2026 3:53:12 PM,Commercial,0.00,EVERON LLC,,,Trash,no_hvac_signal
CPMC,2600522,CPMC-2600522,https://apps-secure.phoenix.gov/PDD/Search/PermitDetails?permitNum=CPMC-2600522,CPMC-2600522,2215 W UNION ST,PHOENIX,1/29/2026 3:45:20 PM,Commercial,0.00,TO BE BID,,,Trash,no_hvac_signal
PAPP,2600521,PAPP-2600521,https://apps-secure.phoenix.gov/PDD/Search/PermitDetails?permitNum=PAPP-2600521,PAPP-2600521,8800 S 26TH ST,PHOENIX,1/29/2026 3:44:06 PM,Commercial,0.00,TO BE BID,,,Trash,no_hvac_signal
PRLM,2600520,PRLM-2600520,https://apps-secure.phoenix.gov/PDD/Search/PermitDetails?permitNum=PRLM-2600520,PRLM-2600520,5088 W INNOVATION CIR,PHOENIX,1/29/2026 3:36:25 PM,Residential,0.00,TO BE BID,,,Trash,no_hvac_signal
PRLM,2600520,PRLM-2600520,https://apps-secure.phoenix.gov/PDD/Search/PermitDetails?permitNum=PRLM-2600520,PRLM-2600520,5088 W INNOVATION CIR,PHOENIX,1/29/2026 3:36:25 PM,Residential,0.00,TO BE BID,,,Trash,no_hvac_signal
MDHM,2600519,MDHM-2600519,https://apps-secure.phoenix.gov/PDD/Search/PermitDetails?permitNum=MDHM-2600519,MDHM-2600519,18017 N 64TH ST,PHOENIX,1/29/2026 3:32:43 PM,Residential,0.00,TO BE BID,,,Trash,no_hvac_signal
WSFT,26001458,WSFT-26001458,https://apps-secure.phoenix.gov/PDD/Search/PermitDetails?permitNum=WSFT-26001458,WSFT-26001458,32200 N 43RD AVE,PHOENIX,1/29/2026 3:29:28 PM,Commercial,0.00,OLYMPIC WEST FIRE & SECURITY LLC,CCPH-2200094,,Trash,negative=fire
F800,2600367,F800-2600367,https://apps-secure.phoenix.gov/PDD/Search/PermitDetails?permitNum=F800-2600367,F800-2600367,8413 W MIAMI ST,PHOENIX,1/29/2026 3:27:14 PM,Commercial,0.00,ONEWORLDENERGY LLC,SPAD-0403421,,Trash,no_hvac_signal
RPV,26001457,RPV-26001457,https://apps-secure.phoenix.gov/PDD/Search/PermitDetails?permitNum=RPV-26001457,RPV-26001457,8413 W MIAMI ST,PHOENIX,1/29/2026 3:19:21 PM,Commercial,15500.00,ONEWORLDENERGY LLC,SPAD-0403421,,Trash,no_hvac_signal
TIBU,26001456,TIBU-26001456,https://apps-secure.phoenix.gov/PDD/Search/PermitDetails?permitNum=TIBU-26001456,TIBU-26001456,317 S 9TH AVE,PHOENIX,1/29/2026 3:10:42 PM,Commercial,150.00,OWNER,SPAD-0301630,,Trash,no_hvac_signal
TCO,26001455,TCO-26001455,https://apps-secure.phoenix.gov/PDD/Search/PermitDetails?permitNum=TCO-26001455,TCO-26001455,2323 W ROSE GARDEN LN,PHOENIX,1/29/2026 3:02:13 PM,Commercial,5500000.00,HAYDON COMPANIES LLC,BLD-25003904,,Trash,no_hvac_signal
F800,2600366,F800-2600366,https://apps-secure.phoenix.gov/PDD/Search/PermitDetails?permitNum=F800-2600366,F800-2600366,746 E SUNNYSLOPE LN,PHOENIX,1/29/2026 3:01:09 PM,Commercial,0.00,ONEWORLDENERGY LLC,SPAD-0901501,,Trash,no_hvac_signal
CUT,26001454,CUT-26001454,https://apps-secure.phoenix.gov/PDD/Search/PermitDetails?permitNum=CUT-26001454,CUT-26001454,6012 E LUDLOW DR,PHOENIX,1/29/2026 2:59:59 PM,Commercial,0.00,NORTHSTAR COMMUNICATIONS INC,SPAD-2017713,,Trash,no_hvac_signal
F194,2600365,F194-2600365,https://apps-secure.phoenix.gov/PDD/Search/PermitDetails?permitNum=F194-2600365,F194-2600365,2419 W WINCHCOMB DR,PHOENIX,1/29/2026 2:59:41 PM,Commercial,0.00,ALTERNATIVE POWER SOLUTIONS INC,FPPR-251175,,Trash,no_hvac_signal
F802,26001453,F802-26001453,https://apps-secure.phoenix.gov/PDD/Search/PermitDetails?permitNum=F802-26001453,F802-26001453,835 N 47TH AVE,PHOENIX,1/29/2026 2:58:17 PM,Commercial,0.00,"JOHNSON CONTROL SECURITY SOLUTIONS, LLC.",,,Trash,no_hvac_signal
RPV,26001452,RPV-26001452,https://apps-secure.phoenix.gov/PDD/Search/PermitDetails?permitNum=RPV-26001452,RPV-26001452,5431 E ACOMA DR,PHOENIX,1/29/2026 2:41:50 PM,Commercial,21870.00,CAPITAL ENERGY LLC,SPAD-0807994,,Trash,no_hvac_signal
F800,2600364,F800-2600364,https://apps-secure.phoenix.gov/PDD/Search/PermitDetails?permitNum=F800-2600364,F800-2600364,5431 E ACOMA DR,PHOENIX,1/29/2026 2:41:50 PM,Commercial,0.00,CAPITAL ENERGY LLC,SPAD-0807994,,Trash,no_hvac_signal
OE,26001451,OE-26001451,https://apps-secure.phoenix.gov/PDD/Search/PermitDetails?permitNum=OE-26001451,OE-26001451,13413 N 35TH AVE,PHOENIX,1/29/2026 2:41:16 PM,Commercial,1000.00,ELITE PRO SERVICES LLC,,,Trash,no_hvac_signal
WSSD,26001450,WSSD-26001450,https://apps-secure.phoenix.gov/PDD/Search/PermitDetails?permitNum=WSSD-26001450,WSSD-26001450,4650 E SHEA BLVD,PHOENIX,1/29/2026 2:37:38 PM,Commercial,0.00,ATWATER CONSTRUCTION COMPANY INC,CCPH-2400456,,Trash,no_hvac_signal
F143,2600363,F143-2600363,https://apps-secure.phoenix.gov/PDD/Search/PermitDetails?permitNum=F143-2600363,F143-2600363,32200 N 43RD AVE,PHOENIX,1/29/2026 2:35:01 PM,Commercial,0.00,POWERSECURE INC,FPPR-251037,,Trash,no_hvac_signal
FEN,26001449,FEN-26001449,https://apps-secure.phoenix.gov/PDD/Search/PermitDetails?permitNum=FEN-26001449,FEN-26001449,3411 N 5TH AVE,PHOENIX,1/29/2026 2:34:38 PM,Commercial,28002.60,PHOENICIAN CONSTRUCTION L L C,SPAD-0709683,,Trash,no_hvac_signal
BLD,26001448,BLD-26001448,https://apps-secure.phoenix.gov/PDD/Search/PermitDetails?permitNum=BLD-26001448,BLD-26001448,2225 W WHISPERING WIND DR,PHOENIX,1/29/2026 2:15:23 PM,Commercial,250672.80,SHARP CONSTRUCTION LLC,LPBI-2600489,,Trash,no_hvac_signal
F105,26001447,F105-26001447,https://apps-secure.phoenix.gov/PDD/Search/PermitDetails?permitNum=F105-26001447,F105-26001447,1840 N 95TH AVE,PHOENIX,1/29/2026 2:14:19 PM,Commercial,0.00,MAXIMUM FIRE PROTECTION L L C,FPPD-252328,,Trash,negative=fire
LPRM,2600514,LPRM-2600514,https://apps-secure.phoenix.gov/PDD/Search/PermitDetails?permitNum=LPRM-2600514,LPRM-2600514,7400 W BUCKEYE RD,PHOENIX,1/29/2026 2:06:48 PM,Commercial,237000.00,JENCO INC,SPAD-1301429,,Trash,no_hvac_signal
LPRR,2600513,LPRR-2600513,https://apps-secure.phoenix.gov/PDD/Search/PermitDetails?permitNum=LPRR-2600513,LPRR-2600513,320 N 44TH ST,PHOENIX,1/29/2026 2:06:20 PM,Commercial,500000.00,TO BE BID,,,Trash,no_hvac_signal
WSDC,26001446,WSDC-26001446,https://apps-secure.phoenix.gov/PDD/Search/PermitDetails?permitNum=WSDC-26001446,WSDC-26001446,15875 N 34TH ST,PHOENIX,1/29/2026 2:04:58 PM,Commercial,0.00,JAG CONSTRUCTION LLC,CSPH-2300041,,Trash,no_hvac_signal
WSDC,26001445,WSDC-26001445,https://apps-secure.phoenix.gov/PDD/Search/PermitDetails?permitNum=WSDC-26001445,WSDC-26001445,6401 S 8TH PL,PHOENIX,1/29/2026 2:03:55 PM,Commercial,0.00,TRINITY UNDERGROUND LLC,CCPH-2300183,,Trash,no_hvac_signal
LPRM,2600512,LPRM-2600512,https://apps-secure.phoenix.gov/PDD/Search/PermitDetails?permitNum=LPRM-2600512,LPRM-2600512,9816 W TAMARISK AVE,PHOENIX,1/29/2026 1:58:56 PM,Commercial,12904.50,TO BE BID,,,Trash,no_hvac_signal
S,26001444,S-26001444,https://apps-secure.phoenix.gov/PDD/Search/PermitDetails?permitNum=S-26001444,S-26001444,32400 N 51ST AVE,PHOENIX,1/29/2026 1:52:53 PM,Commercial,500000.00,"EXCEL CONTRACTORS, LLC",LPRM-2600077,,Trash,no_hvac_signal
S,26001444,S-26001444,https://apps-secure.phoenix.gov/PDD/Search/PermitDetails?permitNum=S-26001444,S-26001444,32400 N 51ST AVE,PHOENIX,1/29/2026 1:52:53 PM,Commercial,500000.00,"EXCEL CONTRACTORS, LLC",LPRM-2600077,,Trash,no_hvac_signal
F171,2600361,F171-2600361,https://apps-secure.phoenix.gov/PDD/Search/PermitDetails?permitNum=F171-2600361,F171-2600361,,PHOENIX,1/29/2026 1:43:16 PM,Commercial,0.00,INDUSTRY STANDARD FIRE PROTECTION LLC,SPAD-2300297,,Trash,negative=fire
CES,26001440,CES-26001440,https://apps-secure.phoenix.gov/PDD/Search/PermitDetails?permitNum=CES-26001440,CES-26001440,5314 N 7TH ST,PHOENIX,1/29/2026 1:42:49 PM,Commercial,0.00,CRUX CONSTRUCTION LLC,LSIS-2504665,,Trash,no_hvac_signal
RVSN,2102670-37,RVSN-2102670-37,https://apps-secure.phoenix.gov/PDD/Search/PermitDetails?permitNum=RVSN-2102670-37,RVSN-2102670-37,32200 N 43RD AVE,PHOENIX,1/29/2026 1:39:59 PM,Commercial,0.00,MARKETECH INT'L CORP. USA,PHAS-2102670-27,,Trash,no_hvac_signal
RVSN,2102670-37,RVSN-2102670-37,https://apps-secure.phoenix.gov/PDD/Search/PermitDetails?permitNum=RVSN-2102670-37,RVSN-2102670-37,32200 N 43RD AVE,PHOENIX,1/29/2026 1:39:59 PM,Commercial,0.00,MARKETECH INT'L CORP. USA,PHAS-2102670-27,,Trash,no_hvac_signal
LPSG,260098,LPSG-260098,https://apps-secure.phoenix.gov/PDD/Search/PermitDetails?permitNum=LPSG-260098,LPSG-260098,1606 W WHISPERING WIND DR,PHOENIX,1/29/2026 1:39:45 PM,Commercial,6970.00,SIGN COMPANY OF ARIZONA LLC (THE),,,Trash,negative=sign
SE,26001438,SE-26001438,https://apps-secure.phoenix.gov/PDD/Search/PermitDetails?permitNum=SE-26001438,SE-26001438,1600 E NORTHERN AVE,PHOENIX,1/29/2026 1:38:39 PM,Commercial,789000.00,OBODO ENERGY PARTNERS LLC,LPRM-2505399,,Trash,no_hvac_signal
SE,26001439,SE-26001439,https://apps-secure.phoenix.gov/PDD/Search/PermitDetails?permitNum=SE-26001439,SE-26001439,1600 E NORTHERN AVE,PHOENIX,1/29/2026 1:38:39 PM,Commercial,789000.00,OBODO ENERGY PARTNERS LLC,LPRM-2505399,,Trash,no_hvac_signal
RPV,26001437,RPV-26001437,https://apps-secure.phoenix.gov/PDD/Search/PermitDetails?permitNum=RPV-26001437,RPV-26001437,3920 W LAUREL LN,PHOENIX,1/29/2026 1:37:12 PM,Commercial,30918.60,CAPITAL ENERGY LLC,SPAD-2600078,,Trash,no_hvac_signal
OE,26001436,OE-26001436,https://apps-secure.phoenix.gov/PDD/Search/PermitDetails?permitNum=OE-26001436,OE-26001436,12900 N TATUM BLVD,PHOENIX,1/29/2026 1:25:58 PM,Commercial,50000.00,CANYON STATE ELECTRIC,SPAD-0303671,,Trash,no_hvac_signal
WSHM,26001434,WSHM-26001434,https://apps-secure.phoenix.gov/PDD/Search/PermitDetails?permitNum=WSHM-26001434,WSHM-26001434,5027 W PARADISE LN,PHOENIX,1/29/2026 1:16:36 PM,Commercial,0.00,"TF CONTRACTING SERVICES, LLC",SDEV-2600004,,Trash,no_hvac_signal
PLMB,26001433,PLMB-26001433,https://apps-secure.phoenix.gov/PDD/Search/PermitDetails?permitNum=PLMB-26001433,PLMB-26001433,2949 N 43RD AVE,PHOENIX,1/29/2026 1:09:22 PM,Commercial,180000.00,COMPLETE PLUMBING SERVICES INC,LPRM-2503211,,Trash,negative=plumb(?:ing)?
LPRR,2600510,LPRR-2600510,https://apps-secure.phoenix.gov/PDD/Search/PermitDetails?permitNum=LPRR-2600510,LPRR-2600510,5950 W MCDOWELL RD,PHOENIX,1/29/2026 1:09:13 PM,Commercial,209602.80,TO BE BID,,,Trash,no_hvac_signal
FPPD,260160,FPPD-260160,https://apps-secure.phoenix.gov/PDD/Search/PermitDetails?permitNum=FPPD-260160,FPPD-260160,3152 E BELL RD,PHOENIX,1/29/2026 1:05:50 PM,Commercial,0.00,AMS FIRE PROTECTION LLC,,,Trash,negative=fire
F875,26001432,F875-26001432,https://apps-secure.phoenix.gov/PDD/Search/PermitDetails?permitNum=F875-26001432,F875-26001432,500 W CAMELBACK RD,PHOENIX,1/29/2026 12:54:36 PM,Commercial,0.00,TITAN ALARM INC,,,Trash,negative=alarm
OE,26001431,OE-26001431,https://apps-secure.phoenix.gov/PDD/Search/PermitDetails?permitNum=OE-26001431,OE-26001431,211 S 49TH AVE,PHOENIX,1/29/2026 12:51:20 PM,Commercial,5240.00,360 ELECTRIC LLC,SPAD-0616044,,Trash,no_hvac_signal
CPGD,2600509,CPGD-2600509,https://apps-secure.phoenix.gov/PDD/Search/PermitDetails?permitNum=CPGD-2600509,CPGD-2600509,3024 E WINCHCOMB DR,PHOENIX,1/29/2026 12:50:57 PM,Commercial,3.00,TO BE BID,,,Trash,no_hvac_signal
RPV,26001430,RPV-26001430,https://apps-secure.phoenix.gov/PDD/Search/PermitDetails?permitNum=RPV-26001430,RPV-26001430,4214 E BROOKWOOD CT,PHOENIX,1/29/2026 12:44:47 PM,Commercial,34500.00,INTY SOLAR LLC,SPAD-2600108,,Trash,negative=solar(?: pv)?
RPV,26001430,RPV-26001430,https://apps-secure.phoenix.gov/PDD/Search/PermitDetails?permitNum=RPV-26001430,RPV-26001430,4214 E BROOKWOOD CT,PHOENIX,1/29/2026 12:44:47 PM,Commercial,34500.00,INTY SOLAR LLC,SPAD-2600108,,Trash,negative=solar(?: pv)?
CES,26001428,CES-26001428,https://apps-secure.phoenix.gov/PDD/Search/PermitDetails?permitNum=CES-26001428,CES-26001428,4121 W INNOVATIVE DR,PHOENIX,1/29/2026 12:40:57 PM,Commercial,0.00,XTERIOR INNOVATIONS LLC,LSIS-2501511,,Trash,no_hvac_signal
CLS,26001429,CLS-26001429,https://apps-secure.phoenix.gov/PDD/Search/PermitDetails?permitNum=CLS-26001429,CLS-26001429,4121 W INNOVATIVE DR,PHOENIX,1/29/2026 12:40:57 PM,Commercial,0.00,XTERIOR INNOVATIONS LLC,LSPL-2501512,,Trash,no_hvac_signal
CFB,26001421,CFB-26001421,https://apps-secure.phoenix.gov/PDD/Search/PermitDetails?permitNum=CFB-26001421,CFB-26001421,4638 W DOBBINS RD,PHOENIX,1/29/2026 12:22:39 PM,Commercial,0.00,CLEARWATER PIPELINES LLC,WSPR-2400051,,Trash,no_hvac_signal
WSSD,26001420,WSSD-26001420,https://apps-secure.phoenix.gov/PDD/Search/PermitDetails?permitNum=WSSD-26001420,WSSD-26001420,4275 W BASELINE RD,PHOENIX,1/29/2026 12:22:36 PM,Commercial,0.00,METRO FIRE EQUIPMENT,CCPH-2007631,,Trash,negative=fire
CPST,2600506,CPST-2600506,https://apps-secure.phoenix.gov/PDD/Search/PermitDetails?permitNum=CPST-2600506,CPST-2600506,3715 N 31ST ST 20,PHOENIX,1/29/2026 12:22:06 PM,Commercial,0.00,TO BE BID,,,Trash,no_hvac_signal
F112,26001419,F112-26001419,https://apps-secure.phoenix.gov/PDD/Search/PermitDetails?permitNum=F112-26001419,F112-26001419,4638 W DOBBINS RD,PHOENIX,1/29/2026 12:21:37 PM,Commercial,0.00,CLEARWATER PIPELINES LLC,WSPR-2400051,,Trash,no_hvac_signal
WSFT,26001417,WSFT-26001417,https://apps-secure.phoenix.gov/PDD/Search/PermitDetails?permitNum=WSFT-26001417,WSFT-26001417,32225 N 51ST AVE,PHOENIX,1/29/2026 12:16:45 PM,Residential,0.00,KIMLEY-HORN & ASSOCIATES,CCPH-2500316,,Trash,no_hvac_signal
BLD,26001416,BLD-26001416,https://apps-secure.phoenix.gov/PDD/Search/PermitDetails?permitNum=BLD-26001416,BLD-26001416,21031 N CAVE CREEK RD 1,PHOENIX,1/29/2026 12:10:59 PM,Commercial,30000.00,AMERICAN BUILDERS AND GENERAL CONTRACTORS LLC,LPRR-2507082,,Trash,no_hvac_signal
F134,26001415,F134-26001415,https://apps-secure.phoenix.gov/PDD/Search/PermitDetails?permitNum=F134-26001415,F134-26001415,6535 W HAPPY VALLEY RD,PHOENIX,1/29/2026 12:09:21 PM,Commercial,0.00,METRO FIRE EQUIPMENT,FPPD-251483,,Trash,negative=fire
SE,26001414,SE-26001414,https://apps-secure.phoenix.gov/PDD/Search/PermitDetails?permitNum=SE-26001414,SE-26001414,281 E MCKINLEY ST,PHOENIX,1/29/2026 11:57:22 AM,Commercial,100000.00,EAST MESA ELECTRIC LLC,LPRM-2600214,,Trash,no_hvac_signal
SGNP,215013,SGNP-215013,https://apps-secure.phoenix.gov/PDD/Search/PermitDetails?permitNum=SGNP-215013,SGNP-215013,2837 E CHAMBERS ST,PHOENIX,1/29/2026 11:47:21 AM,Commercial,0.00,ASSOCIATED SIGN COMPANY,LPSG-260046,,Trash,negative=sign
PAPP,2600505,PAPP-2600505,https://apps-secure.phoenix.gov/PDD/Search/PermitDetails?permitNum=PAPP-2600505,PAPP-2600505,2033 N 48TH ST,PHOENIX,1/29/2026 11:41:29 AM,Residential,0.00,TO BE BID,,,Trash,no_hvac_signal
CRSC,2600504,CRSC-2600504,https://apps-secure.phoenix.gov/PDD/Search/PermitDetails?permitNum=CRSC-2600504,CRSC-2600504,3210 E OREGON AVE,PHOENIX,1/29/2026 11:38:49 AM,Residential,0.00,TO BE BID,,,Trash,no_hvac_signal
LPRR,2600503,LPRR-2600503,https://apps-secure.phoenix.gov/PDD/Search/PermitDetails?permitNum=LPRR-2600503,LPRR-2600503,824 E UNIVERSITY DR,PHOENIX,1/29/2026 11:38:19 AM,Commercial,100000.00,APEX AZ CONTRACTING LLC,,,Trash,no_hvac_signal
CPFL,2600502,CPFL-2600502,https://apps-secure.phoenix.gov/PDD/Search/PermitDetails?permitNum=CPFL-2600502,CPFL-2600502,2943 E BECK LN,PHOENIX,1/29/2026 11:08:24 AM,Commercial,0.00,SBL ENGINEERING LLC,,,Trash,no_hvac_signal
SPE,26001412,SPE-26001412,https://apps-secure.phoenix.gov/PDD/Search/PermitDetails?permitNum=SPE-26001412,SPE-26001412,3609 N 27TH ST,PHOENIX,1/29/2026 10:51:16 AM,Commercial,43840.00,CONCORD GENERAL CONTRACTING INC,LPRN-2505840,,Trash,no_hvac_signal
PAPP,2600501,PAPP-2600501,https://apps-secure.phoenix.gov/PDD/Search/PermitDetails?permitNum=PAPP-2600501,PAPP-2600501,19500 N SCOTTSDALE RD,PHOENIX,1/29/2026 10:46:35 AM,Residential,0.00,TO BE BID,,,Trash,no_hvac_signal
BLD,26001410,BLD-26001410,https://apps-secure.phoenix.gov/PDD/Search/PermitDetails?permitNum=BLD-26001410,BLD-26001410,8112 N 7TH ST,PHOENIX,1/29/2026 10:45:03 AM,Commercial,1200000.00,ARCADIA BUILDING SOLUTIONS LLC,LPRN-2405783,,Trash,no_hvac_signal
CCO,26001409,CCO-26001409,https://apps-secure.phoenix.gov/PDD/Search/PermitDetails?permitNum=CCO-26001409,CCO-26001409,28012 N 37TH AVE,PHOENIX,1/29/2026 10:43:41 AM,Commercial,0.00,BP CONSTRUCTION LLC,CPGD-2404595,,Trash,no_hvac_signal
RVSN,2502424-01,RVSN-2502424-01,https://apps-secure.phoenix.gov/PDD/Search/PermitDetails?permitNum=RVSN-2502424-01,RVSN-2502424-01,32300 N 51ST AVE,PHOENIX,1/29/2026 10:36:31 AM,Residential,0.00,SUNDT CONSTRUCTION,PHAS-2502424-01,,Trash,no_hvac_signal
RVSN,2502424-01,RVSN-2502424-01,https://apps-secure.phoenix.gov/PDD/Search/PermitDetails?permitNum=RVSN-2502424-01,RVSN-2502424-01,32300 N 51ST AVE,PHOENIX,1/29/2026 10:36:31 AM,Residential,0.00,SUNDT CONSTRUCTION,PHAS-2502424-01,,Trash,no_hvac_signal
F105,26001407,F105-26001407,https://apps-secure.phoenix.gov/PDD/Search/PermitDetails?permitNum=F105-26001407,F105-26001407,2020 N 75TH AVE,PHOENIX,1/29/2026 10:35:04 AM,Commercial,0.00,HALO FIRE PROTECTION L L C,FPPX-260109,,Trash,negative=fire
F100,26001404,F100-26001404,https://apps-secure.phoenix.gov/PDD/Search/PermitDetails?permitNum=F100-26001404,F100-26001404,10100 N 25TH AVE,PHOENIX,1/29/2026 10:27:37 AM,Commercial,0.00,AERO AUTOMATIC SPRINKLER COMPANY,FPPD-260006,,Trash,negative=sprinkler
F117,26001405,F117-26001405,https://apps-secure.phoenix.gov/PDD/Search/PermitDetails?permitNum=F117-26001405,F117-26001405,10100 N 25TH AVE,PHOENIX,1/29/2026 10:27:37 AM,Commercial,0.00,AERO AUTOMATIC SPRINKLER COMPANY,FPPD-260006,,Trash,negative=sprinkler
LPBI,2600500,LPBI-2600500,https://apps-secure.phoenix.gov/PDD/Search/PermitDetails?permitNum=LPBI-2600500,LPBI-2600500,9305 W THOMAS RD,PHOENIX,1/29/2026 10:26:34 AM,Commercial,500000.00,WRIGHT BROTHERS INTERIOR CONSTRUCTION INC,,,Trash,no_hvac_signal
F171,2600355,F171-2600355,https://apps-secure.phoenix.gov/PDD/Search/PermitDetails?permitNum=F171-2600355,F171-2600355,,PHOENIX,1/29/2026 10:08:27 AM,Commercial,0.00,CLEARWATER PIPELINES LLC,SPAD-2300297,,Trash,no_hvac_signal
OE,26001402,OE-26001402,https://apps-secure.phoenix.gov/PDD/Search/PermitDetails?permitNum=OE-26001402,OE-26001402,4701 E BELL RD,PHOENIX,1/29/2026 10:01:20 AM,Commercial,7690.00,SNAP ELECTRIC LLC,SPAD-0712542,,Trash,no_hvac_signal
F809,26001401,F809-26001401,https://apps-secure.phoenix.gov/PDD/Search/PermitDetails?permitNum=F809-26001401,F809-26001401,14614 N KIERLAND BLVD,PHOENIX,1/29/2026 10:00:22 AM,Commercial,0.00,RCI SYSTEMS INC,,,Trash,no_hvac_signal
PHAS,2500672-05,PHAS-2500672-05,https://apps-secure.phoenix.gov/PDD/Search/PermitDetails?permitNum=PHAS-2500672-05,PHAS-2500672-05,5088 W INNOVATION CIR,PHOENIX,1/29/2026 9:53:03 AM,Commercial,5278979.12,MARKETECH INT'L CORP. USA,LPRN-2500672,,Trash,no_hvac_signal
PHAS,2500672-05,PHAS-2500672-05,https://apps-secure.phoenix.gov/PDD/Search/PermitDetails?permitNum=PHAS-2500672-05,PHAS-2500672-05,5088 W INNOVATION CIR,PHOENIX,1/29/2026 9:53:03 AM,Commercial,5278979.12,MARKETECH INT'L CORP. USA,LPRN-2500672,,Trash,no_hvac_signal
RVSN,2102670-36,RVSN-2102670-36,https://apps-secure.phoenix.gov/PDD/Search/PermitDetails?permitNum=RVSN-2102670-36,RVSN-2102670-36,32200 N 43RD AVE,PHOENIX,1/29/2026 9:47:57 AM,Commercial,0.00,MARKETECH INT'L CORP. USA,PHAS-2102670-36,,Trash,no_hvac_signal
RVSN,2102670-36,RVSN-2102670-36,https://apps-secure.phoenix.gov/PDD/Search/PermitDetails?permitNum=RVSN-2102670-36,RVSN-2102670-36,32200 N 43RD AVE,PHOENIX,1/29/2026 9:47:57 AM,Commercial,0.00,MARKETECH INT'L CORP. USA,PHAS-2102670-36,,Trash,no_hvac_signal
F227,2600354,F227-2600354,https://apps-secure.phoenix.gov/PDD/Search/PermitDetails?permitNum=F227-2600354,F227-2600354,3740 W WILLOW AVE,PHOENIX,1/29/2026 9:40:40 AM,Commercial,0.00,FIRST ELECTRIC LLC,SPAD-1700039,,Trash,no_hvac_signal
LPSG,260097,LPSG-260097,https://apps-secure.phoenix.gov/PDD/Search/PermitDetails?permitNum=LPSG-260097,LPSG-260097,6239 N 7TH ST,PHOENIX,1/29/2026 9:31:19 AM,Commercial,20000.00,YESCO LLC,,,Trash,no_hvac_signal
F809,26001399,F809-26001399,https://apps-secure.phoenix.gov/PDD/Search/PermitDetails?permitNum=F809-26001399,F809-26001399,4330 W UNION HILLS DR,PHOENIX,1/29/2026 9:26:14 AM,Commercial,0.00,PYROGUARD ALARMS L L C,,,Trash,no_hvac_signal
S,26001398,S-26001398,https://apps-secure.phoenix.gov/PDD/Search/PermitDetails?permitNum=S-26001398,S-26001398,2021 E JONES AVE,PHOENIX,1/29/2026 9:25:51 AM,Commercial,52189.00,THE STRUCTURES GROUP SOUTHWEST INC,LPRM-2507265,,Trash,no_hvac_signal
F171,2600353,F171-2600353,https://apps-secure.phoenix.gov/PDD/Search/PermitDetails?permitNum=F171-2600353,F171-2600353,,PHOENIX,1/29/2026 9:19:09 AM,Commercial,0.00,INDUSTRY STANDARD FIRE PROTECTION LLC,SPAD-2300297,,Trash,negative=fire
FPPD,260159,FPPD-260159,https://apps-secure.phoenix.gov/PDD/Search/PermitDetails?permitNum=FPPD-260159,FPPD-260159,2002 E EUGIE TER,PHOENIX,1/29/2026 9:13:26 AM,Commercial,0.00,FIRE SPRINKLER INSTALLERS LLC,,,Trash,negative=fire|sprinkler
OE,26001395,OE-26001395,https://apps-secure.phoenix.gov/PDD/Search/PermitDetails?permitNum=OE-26001395,OE-26001395,4125 E BASELINE RD,PHOENIX,1/29/2026 9:10:50 AM,Commercial,12589197.00,ARCO DB COMPANIES INC,SPAD-2502204,,Trash,no_hvac_signal
WSHM,26001394,WSHM-26001394,https://apps-secure.phoenix.gov/PDD/Search/PermitDetails?permitNum=WSHM-26001394,WSHM-26001394,10027 W CAMPBELL AVE,PHOENIX,1/29/2026 8:55:50 AM,Residential,0.00,TORRENT RESOURCES INCORPORATED,CSPH-1900063,,Trash,no_hvac_signal
F809,26001393,F809-26001393,https://apps-secure.phoenix.gov/PDD/Search/PermitDetails?permitNum=F809-26001393,F809-26001393,1950 S 91ST AVE,PHOENIX,1/29/2026 8:52:08 AM,Commercial,0.00,NOLIN FIRE SPRINKLERS INC,LPRM-2505981,,Trash,negative=fire
F809,26001393,F809-26001393,https://apps-secure.phoenix.gov/PDD/Search/PermitDetails?permitNum=F809-26001393,F809-26001393,1950 S 91ST AVE,PHOENIX,1/29/2026 8:52:08 AM,Commercial,0.00,NOLIN FIRE SPRINKLERS INC,LPRM-2505981,,Trash,negative=fire
F809,26001393,F809-26001393,https://apps-secure.phoenix.gov/PDD/Search/PermitDetails?permitNum=F809-26001393,F809-26001393,1950 S 91ST AVE,PHOENIX,1/29/2026 8:52:08 AM,Commercial,0.00,NOLIN FIRE SPRINKLERS INC,LPRM-2505981,,Trash,negative=fire
F802,26001391,F802-26001391,https://apps-secure.phoenix.gov/PDD/Search/PermitDetails?permitNum=F802-26001391,F802-26001391,15625 S 48TH ST,PHOENIX,1/29/2026 8:41:11 AM,Commercial,0.00,RCI SYSTEMS INC,,,Trash,no_hvac_signal
F802,26001390,F802-26001390,https://apps-secure.phoenix.gov/PDD/Search/PermitDetails?permitNum=F802-26001390,F802-26001390,4475 E VAN BUREN ST,PHOENIX,1/29/2026 8:35:13 AM,Commercial,0.00,RCI SYSTEMS INC,,,Trash,no_hvac_signal
OSE,26001389,OSE-26001389,https://apps-secure.phoenix.gov/PDD/Search/PermitDetails?permitNum=OSE-26001389,OSE-26001389,305 W WASHINGTON ST,PHOENIX,1/29/2026 8:32:38 AM,Commercial,0.00,L L R ELECTRIC INC,AFPF-060505,,Trash,no_hvac_signal
OSE,26001389,OSE-26001389,https://apps-secure.phoenix.gov/PDD/Search/PermitDetails?permitNum=OSE-26001389,OSE-26001389,305 W WASHINGTON ST,PHOENIX,1/29/2026 8:32:38 AM,Commercial,0.00,L L R ELECTRIC INC,AFPF-060505,,Trash,no_hvac_signal
FPPX,260158,FPPX-260158,https://apps-secure.phoenix.gov/PDD/Search/PermitDetails?permitNum=FPPX-260158,FPPX-260158,300 W CLARENDON AVE,PHOENIX,1/29/2026 8:30:00 AM,Commercial,0.00,RCI SYSTEMS INC,,,Trash,no_hvac_signal
F802,26001387,F802-26001387,https://apps-secure.phoenix.gov/PDD/Search/PermitDetails?permitNum=F802-26001387,F802-26001387,2650 W ROSS DR,PHOENIX,1/29/2026 8:26:29 AM,Commercial,0.00,RCI SYSTEMS INC,,,Trash,no_hvac_signal
AMND,01-20588A9,AMND-01-20588A9,https://apps-secure.phoenix.gov/PDD/Search/PermitDetails?permitNum=AMND-01-20588A9,AMND-01-20588A9,4730 E RAY RD,PHOENIX,1/29/2026 8:25:55 AM,Commercial,0.00,TO BE BID,,,Trash,no_hvac_signal
CUT,26001386,CUT-26001386,https://apps-secure.phoenix.gov/PDD/Search/PermitDetails?permitNum=CUT-26001386,CUT-26001386,1221 N 48TH ST,PHOENIX,1/29/2026 8:21:52 AM,Commercial,0.00,STAR CONSTRUCTION GROUP L L C,CSPH-2200014,,Trash,no_hvac_signal
F800,2600352,F800-2600352,https://apps-secure.phoenix.gov/PDD/Search/PermitDetails?permitNum=F800-2600352,F800-2600352,6362 N 19TH ST,PHOENIX,1/29/2026 8:18:17 AM,Commercial,0.00,INTY SOLAR LLC,SPAD-2504278,,Trash,negative=solar(?: pv)?
F802,26001384,F802-26001384,https://apps-secure.phoenix.gov/PDD/Search/PermitDetails?permitNum=F802-26001384,F802-26001384,1505 E SOUTHERN AVE,PHOENIX,1/29/2026 8:17:30 AM,Commercial,0.00,RCI SYSTEMS INC,,,Trash,no_hvac_signal
PLAT,260004,PLAT-260004,https://apps-secure.phoenix.gov/PDD/Search/PermitDetails?permitNum=PLAT-260004,PLAT-260004,821 N 11TH AVE,PHOENIX,1/29/2026 8:16:53 AM,Commercial,0.00,TO BE BID,,,Trash,no_hvac_signal
F800,2600351,F800-2600351,https://apps-secure.phoenix.gov/PDD/Search/PermitDetails?permitNum=F800-2600351,F800-2600351,4214 E BROOKWOOD CT,PHOENIX,1/29/2026 8:13:05 AM,Commercial,0.00,INTY SOLAR LLC,SPAD-2600108,,Trash,negative=solar(?: pv)?
LPRR,2600498,LPRR-2600498,https://apps-secure.phoenix.gov/PDD/Search/PermitDetails?permitNum=LPRR-2600498,LPRR-2600498,2501 W HAPPY VALLEY RD 10,PHOENIX,1/29/2026 7:47:30 AM,Commercial,251636.00,DONALD B WEBB,,,Trash,no_hvac_signal
F802,26001383,F802-26001383,https://apps-secure.phoenix.gov/PDD/Search/PermitDetails?permitNum=F802-26001383,F802-26001383,333 N 44TH ST,PHOENIX,1/29/2026 7:37:50 AM,Commercial,0.00,RCI SYSTEMS INC,,,Trash,no_hvac_signal
F875,26001382,F875-26001382,https://apps-secure.phoenix.gov/PDD/Search/PermitDetails?permitNum=F875-26001382,F875-26001382,16610 N BLACK CANYON HWY,PHOENIX,1/29/2026 7:33:11 AM,Commercial,0.00,METRO FIRE EQ,,,Trash,negative=fire
F875,26001380,F875-26001380,https://apps-secure.phoenix.gov/PDD/Search/PermitDetails?permitNum=F875-26001380,F875-26001380,16605 N 28TH AVE,PHOENIX,1/29/2026 7:27:15 AM,Commercial,0.00,METRO FIRE EQ,,,Trash,negative=fire
F227,2600350,F227-2600350,https://apps-secure.phoenix.gov/PDD/Search/PermitDetails?permitNum=F227-2600350,F227-2600350,19020 N 12TH DR,PHOENIX,1/29/2026 6:45:44 AM,Commercial,0.00,EMPOWER ELECTRIC INC,SPAD-1403746,,Trash,no_hvac_signal
F800,2600349,F800-2600349,https://apps-secure.phoenix.gov/PDD/Search/PermitDetails?permitNum=F800-2600349,F800-2600349,10119 W RAYMOND ST,PHOENIX,1/29/2026 6:41:47 AM,Commercial,0.00,EMPOWER ELECTRIC INC,SPAD-0703049,,Trash,no_hvac_signal
SGNP,215004,SGNP-215004,https://apps-secure.phoenix.gov/PDD/Search/PermitDetails?permitNum=SGNP-215004,SGNP-215004,9110 W LOWER BUCKEYE RD,PHOENIX,1/29/2026 12:00:00 AM,Commercial,9500.00,"PEARSON'S (PHOENIX) ENT, INC.",LPSG-251079,,Trash,no_hvac_signal
SGNP,215005,SGNP-215005,https://apps-secure.phoenix.gov/PDD/Search/PermitDetails?permitNum=SGNP-215005,SGNP-215005,9110 W LOWER BUCKEYE RD,PHOENIX,1/29/2026 12:00:00 AM,Commercial,9500.00,"PEARSON'S (PHOENIX) ENT, INC.",LPSG-251079,,Trash,no_hvac_signal
SGNP,215006,SGNP-215006,https://apps-secure.phoenix.gov/PDD/Search/PermitDetails?permitNum=SGNP-215006,SGNP-215006,9110 W LOWER BUCKEYE RD,PHOENIX,1/29/2026 12:00:00 AM,Commercial,9500.00,"PEARSON'S (PHOENIX) ENT, INC.",LPSG-251079,,Trash,no_hvac_signal
SGNP,215007,SGNP-215007,https://apps-secure.phoenix.gov/PDD/Search/PermitDetails?permitNum=SGNP-215007,SGNP-215007,9110 W LOWER BUCKEYE RD,PHOENIX,1/29/2026 12:00:00 AM,Commercial,9500.00,"PEARSON'S (PHOENIX) ENT, INC.",LPSG-251079,,Trash,no_hvac_signal
SGNP,215008,SGNP-215008,https://apps-secure.phoenix.gov/PDD/Search/PermitDetails?permitNum=SGNP-215008,SGNP-215008,9110 W LOWER BUCKEYE RD,PHOENIX,1/29/2026 12:00:00 AM,Commercial,9500.00,"PEARSON'S (PHOENIX) ENT, INC.",LPSG-251079,,Trash,no_hvac_signal
SGNP,215009,SGNP-215009,https://apps-secure.phoenix.gov/PDD/Search/PermitDetails?permitNum=SGNP-215009,SGNP-215009,9110 W LOWER BUCKEYE RD,PHOENIX,1/29/2026 12:00:00 AM,Commercial,9500.00,"PEARSON'S (PHOENIX) ENT, INC.",LPSG-251079,,Trash,no_hvac_signal
SGNP,215010,SGNP-215010,https://apps-secure.phoenix.gov/PDD/Search/PermitDetails?permitNum=SGNP-215010,SGNP-215010,9110 W LOWER BUCKEYE RD,PHOENIX,1/29/2026 12:00:00 AM,Commercial,9500.00,"PEARSON'S (PHOENIX) ENT, INC.",LPSG-251079,,Trash,no_hvac_signal
SGNP,215011,SGNP-215011,https://apps-secure.phoenix.gov/PDD/Search/PermitDetails?permitNum=SGNP-215011,SGNP-215011,9110 W LOWER BUCKEYE RD,PHOENIX,1/29/2026 12:00:00 AM,Commercial,9500.00,"PEARSON'S (PHOENIX) ENT, INC.",LPSG-251079,,Trash,no_hvac_signal
SGNP,215012,SGNP-215012,https://apps-secure.phoenix.gov/PDD/Search/PermitDetails?permitNum=SGNP-215012,SGNP-215012,9110 W LOWER BUCKEYE RD,PHOENIX,1/29/2026 12:00:00 AM,Commercial,9500.00,"PEARSON'S (PHOENIX) ENT, INC.",LPSG-251079,,Trash,no_hvac_signal
CSL,26001408,CSL-26001408,https://apps-secure.phoenix.gov/PDD/Search/PermitDetails?permitNum=CSL-26001408,CSL-26001408,28012 N 37TH AVE,PHOENIX,1/29/2026 12:00:00 AM,Residential,0.00,OWNER,CPGD-2404595,,Trash,no_hvac_signal
F801,26001423,F801-26001423,https://apps-secure.phoenix.gov/PDD/Search/PermitDetails?permitNum=F801-26001423,F801-26001423,2215 W UNION ST,PHOENIX,1/29/2026 12:00:00 AM,Commercial,0.00,MCCAIN CONSTRUCTION LLC,SPAD-2502132,,Trash,no_hvac_signal
F801,26001424,F801-26001424,https://apps-secure.phoenix.gov/PDD/Search/PermitDetails?permitNum=F801-26001424,F801-26001424,2215 W UNION ST,PHOENIX,1/29/2026 12:00:00 AM,Commercial,0.00,MCCAIN CONSTRUCTION LLC,SPAD-2502132,,Trash,no_hvac_signal
F801,26001425,F801-26001425,https://apps-secure.phoenix.gov/PDD/Search/PermitDetails?permitNum=F801-26001425,F801-26001425,2215 W UNION ST,PHOENIX,1/29/2026 12:00:00 AM,Commercial,0.00,MCCAIN CONSTRUCTION LLC,SPAD-2502132,,Trash,no_hvac_signal
F801,26001426,F801-26001426,https://apps-secure.phoenix.gov/PDD/Search/PermitDetails?permitNum=F801-26001426,F801-26001426,2215 W UNION ST,PHOENIX,1/29/2026 12:00:00 AM,Commercial,0.00,MCCAIN CONSTRUCTION LLC,SPAD-2502132,,Trash,no_hvac_signal
F801,26001427,F801-26001427,https://apps-secure.phoenix.gov/PDD/Search/PermitDetails?permitNum=F801-26001427,F801-26001427,2215 W UNION ST,PHOENIX,1/29/2026 12:00:00 AM,Commercial,0.00,MCCAIN CONSTRUCTION LLC,SPAD-2502132,,Trash,no_hvac_signal
CCO,26001441,CCO-26001441,https://apps-secure.phoenix.gov/PDD/Search/PermitDetails?permitNum=CCO-26001441,CCO-26001441,2942 W BUCKEYE RD,PHOENIX,1/29/2026 12:00:00 AM,Commercial,0.00,ARIZ-SON LLC,CPGD-2402972,,Trash,no_hvac_signal
CGD,26001442,CGD-26001442,https://apps-secure.phoenix.gov/PDD/Search/PermitDetails?permitNum=CGD-26001442,CGD-26001442,2942 W BUCKEYE RD,PHOENIX,1/29/2026 12:00:00 AM,Commercial,0.00,ARIZ-SON LLC,CPGD-2402972,,Trash,no_hvac_signal
CPR,26001443,CPR-26001443,https://apps-secure.phoenix.gov/PDD/Search/PermitDetails?permitNum=CPR-26001443,CPR-26001443,2942 W BUCKEYE RD,PHOENIX,1/29/2026 12:00:00 AM,Commercial,0.00,ARIZ-SON LLC,CPGD-2402972,,Trash,no_hvac_signal
FPPD,260157,FPPD-260157,https://apps-secure.phoenix.gov/PDD/Search/PermitDetails?permitNum=FPPD-260157,FPPD-260157,32000 N 29TH AVE,PHOENIX,1/28/2026 6:27:45 PM,Commercial,0.00,GENESIS BUILDERS LLC,,,Trash,no_hvac_signal
LPRM,2600497,LPRM-2600497,https://apps-secure.phoenix.gov/PDD/Search/PermitDetails?permitNum=LPRM-2600497,LPRM-2600497,2140 E BASELINE RD,PHOENIX,1/28/2026 6:11:54 PM,Commercial,93000.00,CMS/NEXTECH LLC,,,Trash,no_hvac_signal
CES,26001379,CES-26001379,https://apps-secure.phoenix.gov/PDD/Search/PermitDetails?permitNum=CES-26001379,CES-26001379,4745 E ELLIOT RD,PHOENIX,1/28/2026 5:43:15 PM,Residential,0.00,SUN VALLEY SOLAR SOLUTIONS L L C,LSIS-2400830,,Trash,negative=solar(?: pv)?
CLS,26001378,CLS-26001378,https://apps-secure.phoenix.gov/PDD/Search/PermitDetails?permitNum=CLS-26001378,CLS-26001378,4745 E ELLIOT RD,PHOENIX,1/28/2026 5:42:07 PM,Residential,0.00,SUN VALLEY SOLAR SOLUTIONS L L C,LSPL-2405838,,Trash,negative=solar(?: pv)?
CES,26001376,CES-26001376,https://apps-secure.phoenix.gov/PDD/Search/PermitDetails?permitNum=CES-26001376,CES-26001376,4040 E CHANDLER BLVD,PHOENIX,1/28/2026 5:40:58 PM,Residential,0.00,SUN VALLEY SOLAR SOLUTIONS L L C,LSPL-2405185,,Trash,negative=solar(?: pv)?
CLS,26001377,CLS-26001377,https://apps-secure.phoenix.gov/PDD/Search/PermitDetails?permitNum=CLS-26001377,CLS-26001377,4040 E CHANDLER BLVD,PHOENIX,1/28/2026 5:40:58 PM,Residential,0.00,SUN VALLEY SOLAR SOLUTIONS L L C,LSPL-2405185,,Trash,negative=solar(?: pv)?
CLS,26001374,CLS-26001374,https://apps-secure.phoenix.gov/PDD/Search/PermitDetails?permitNum=CLS-26001374,CLS-26001374,15415 N 65TH PL,PHOENIX,1/28/2026 5:39:44 PM,Residential,0.00,SUN VALLEY SOLAR SOLUTIONS L L C,LSPL-2405112,,Trash,negative=solar(?: pv)?
CES,26001375,CES-26001375,https://apps-secure.phoenix.gov/PDD/Search/PermitDetails?permitNum=CES-26001375,CES-26001375,15415 N 65TH PL,PHOENIX,1/28/2026 5:39:44 PM,Residential,0.00,SUN VALLEY SOLAR SOLUTIONS L L C,LSPL-2405112,,Trash,negative=solar(?: pv)?
RPV,26001373,RPV-26001373,https://apps-secure.phoenix.gov/PDD/Search/PermitDetails?permitNum=RPV-26001373,RPV-26001373,4223 E MOLLY LN,PHOENIX,1/28/2026 5:37:25 PM,Commercial,31304.00,CAPITAL ENERGY LLC,SPAD-2600086,,Trash,no_hvac_signal
PLAT,260003,PLAT-260003,https://apps-secure.phoenix.gov/PDD/Search/PermitDetails?permitNum=PLAT-260003,PLAT-260003,33111 N 29TH AVE,PHOENIX,1/28/2026 5:10:15 PM,Commercial,0.00,TO BE BID,,,Trash,no_hvac_signal
LSPL,2600496,LSPL-2600496,https://apps-secure.phoenix.gov/PDD/Search/PermitDetails?permitNum=LSPL-2600496,LSPL-2600496,1525 E ADAMS ST,PHOENIX,1/28/2026 4:44:12 PM,Residential,0.00,TO BE BID,,,Trash,no_hvac_signal
CGD,26001372,CGD-26001372,https://apps-secure.phoenix.gov/PDD/Search/PermitDetails?permitNum=CGD-26001372,CGD-26001372,4701 N CENTRAL AVE,PHOENIX,1/28/2026 4:14:17 PM,Commercial,0.00,"WESTGRO, LLC",CPGD-2506846,,Trash,no_hvac_signal
CPMC,2600494,CPMC-2600494,https://apps-secure.phoenix.gov/PDD/Search/PermitDetails?permitNum=CPMC-2600494,CPMC-2600494,1801 N 21ST ST,PHOENIX,1/28/2026 4:06:47 PM,Residential,0.00,TO BE BID,,,Trash,no_hvac_signal
CFB,26001370,CFB-26001370,https://apps-secure.phoenix.gov/PDD/Search/PermitDetails?permitNum=CFB-26001370,CFB-26001370,3800 S 38TH ST,PHOENIX,1/28/2026 4:01:36 PM,Commercial,0.00,MIDWEST CONTRACTING INC,CPFL-2600197,,Trash,no_hvac_signal
SGNP,215003,SGNP-215003,https://apps-secure.phoenix.gov/PDD/Search/PermitDetails?permitNum=SGNP-215003,SGNP-215003,21050 N TATUM BLVD,PHOENIX,1/28/2026 3:41:18 PM,Commercial,4445.00,ROCKART INDUSTRIES LLC,LPSG-260044,,Trash,no_hvac_signal
FPPD,260156,FPPD-260156,https://apps-secure.phoenix.gov/PDD/Search/PermitDetails?permitNum=FPPD-260156,FPPD-260156,1840 N 95TH AVE,PHOENIX,1/28/2026 3:39:14 PM,Commercial,0.00,METRO FIRE EQUIPMENT,,,Trash,negative=fire
FPPD,260155,FPPD-260155,https://apps-secure.phoenix.gov/PDD/Search/PermitDetails?permitNum=FPPD-260155,FPPD-260155,32200 N 43RD AVE,PHOENIX,1/28/2026 3:29:24 PM,Commercial,0.00,MARKETECH INT'L CORP. USA,,,Trash,no_hvac_signal
FPPD,260155,FPPD-260155,https://apps-secure.phoenix.gov/PDD/Search/PermitDetails?permitNum=FPPD-260155,FPPD-260155,32200 N 43RD AVE,PHOENIX,1/28/2026 3:29:24 PM,Commercial,0.00,MARKETECH INT'L CORP. USA,,,Trash,no_hvac_signal
FPPD,260155,FPPD-260155,https://apps-secure.phoenix.gov/PDD/Search/PermitDetails?permitNum=FPPD-260155,FPPD-260155,32200 N 43RD AVE,PHOENIX,1/28/2026 3:29:24 PM,Commercial,0.00,MARKETECH INT'L CORP. USA,,,Trash,no_hvac_signal
PAPP,2600493,PAPP-2600493,https://apps-secure.phoenix.gov/PDD/Search/PermitDetails?permitNum=PAPP-2600493,PAPP-2600493,2546 W THOMAS RD,PHOENIX,1/28/2026 3:26:29 PM,Commercial,0.00,TO BE BID,,,Trash,no_hvac_signal
CPFL,2600492,CPFL-2600492,https://apps-secure.phoenix.gov/PDD/Search/PermitDetails?permitNum=CPFL-2600492,CPFL-2600492,20711 N 54TH ST,PHOENIX,1/28/2026 3:21:20 PM,Commercial,0.00,TO BE BID,,,Trash,no_hvac_signal
PAPP,2600491,PAPP-2600491,https://apps-secure.phoenix.gov/PDD/Search/PermitDetails?permitNum=PAPP-2600491,PAPP-2600491,3141 N 3RD AVE,PHOENIX,1/28/2026 3:00:41 PM,Commercial,0.00,TO BE BID,,,Trash,no_hvac_signal
RPV,26001368,RPV-26001368,https://apps-secure.phoenix.gov/PDD/Search/PermitDetails?permitNum=RPV-26001368,RPV-26001368,2205 W RED RANGE WAY,PHOENIX,1/28/2026 2:58:50 PM,Commercial,39240.00,PROSTRUCT SOLAR LLC,SPAD-0309214,,Trash,negative=solar(?: pv)?
BLDS,26001364,BLDS-26001364,https://apps-secure.phoenix.gov/PDD/Search/PermitDetails?permitNum=BLDS-26001364,BLDS-26001364,4908 W BASELINE RD,PHOENIX,1/28/2026 2:56:51 PM,Commercial,1200000.00,DYNAMIC NETWORKS LLC,LPRN-2500346,,Trash,no_hvac_signal
BLD,26001365,BLD-26001365,https://apps-secure.phoenix.gov/PDD/Search/PermitDetails?permitNum=BLD-26001365,BLD-26001365,4908 W BASELINE RD,PHOENIX,1/28/2026 2:56:51 PM,Commercial,400000.00,DYNAMIC NETWORKS LLC,LPRN-2500346,,Trash,no_hvac_signal
BLD,26001366,BLD-26001366,https://apps-secure.phoenix.gov/PDD/Search/PermitDetails?permitNum=BLD-26001366,BLD-26001366,4908 W BASELINE RD,PHOENIX,1/28/2026 2:56:51 PM,Commercial,200000.00,DYNAMIC NETWORKS LLC,LPRN-2500346,,Trash,no_hvac_signal
BLD,26001367,BLD-26001367,https://apps-secure.phoenix.gov/PDD/Search/PermitDetails?permitNum=BLD-26001367,BLD-26001367,4908 W BASELINE RD,PHOENIX,1/28/2026 2:56:51 PM,Commercial,200000.00,DYNAMIC NETWORKS LLC,LPRN-2500346,,Trash,no_hvac_signal
F805,26001363,F805-26001363,https://apps-secure.phoenix.gov/PDD/Search/PermitDetails?permitNum=F805-26001363,F805-26001363,3410 S 51ST AVE,PHOENIX,1/28/2026 2:52:46 PM,Commercial,0.00,"JOHNSON CONTROL SECURITY SOLUTIONS, LLC.",SPAD-0102979,,Trash,no_hvac_signal
BLD,26001362,BLD-26001362,https://apps-secure.phoenix.gov/PDD/Search/PermitDetails?permitNum=BLD-26001362,BLD-26001362,3230 E BROADWAY RD,PHOENIX,1/28/2026 2:51:23 PM,Commercial,486164.00,METHOD CONSTRUCTION LLC,LPRR-2504708,,Trash,no_hvac_signal
WSFT,26001361,WSFT-26001361,https://apps-secure.phoenix.gov/PDD/Search/PermitDetails?permitNum=WSFT-26001361,WSFT-26001361,16650 S 18TH AVE,PHOENIX,1/28/2026 2:50:36 PM,Commercial,0.00,"WOOD, PATEL & ASSOCIATES INC",CSPH-2300012,,Trash,no_hvac_signal
F824,2600348,F824-2600348,https://apps-secure.phoenix.gov/PDD/Search/PermitDetails?permitNum=F824-2600348,F824-2600348,5408 E KINGS AVE,PHOENIX,1/28/2026 2:44:54 PM,Commercial,0.00,CANYON STATE PROPANE LLC,SPAD-2015546,,Trash,no_hvac_signal
WSHM,26001360,WSHM-26001360,https://apps-secure.phoenix.gov/PDD/Search/PermitDetails?permitNum=WSHM-26001360,WSHM-26001360,2501 E UNIVERSITY DR,PHOENIX,1/28/2026 2:42:25 PM,Commercial,0.00,WILLMENG CONSTRUCTION,CCPH-2500244,,Trash,no_hvac_signal
ELEC,26001358,ELEC-26001358,https://apps-secure.phoenix.gov/PDD/Search/PermitDetails?permitNum=ELEC-26001358,ELEC-26001358,2550 W NORTH FOOTHILLS DR,PHOENIX,1/28/2026 2:38:53 PM,Commercial,8750.00,GOTHIC LANDSCAPING INC,LPRM-2406381,,Trash,no_hvac_signal
LSPX,2600490,LSPX-2600490,https://apps-secure.phoenix.gov/PDD/Search/PermitDetails?permitNum=LSPX-2600490,LSPX-2600490,19500 N SCOTTSDALE RD,PHOENIX,1/28/2026 2:35:13 PM,Commercial,0.00,NATIVE RESOURCES INTERNATIONAL INC,,,Trash,no_hvac_signal
LPBI,2600489,LPBI-2600489,https://apps-secure.phoenix.gov/PDD/Search/PermitDetails?permitNum=LPBI-2600489,LPBI-2600489,2225 W WHISPERING WIND DR,PHOENIX,1/28/2026 2:33:18 PM,Commercial,250672.80,SHARP CONSTRUCTION LLC,,,Trash,no_hvac_signal
LPBI,2600488,LPBI-2600488,https://apps-secure.phoenix.gov/PDD/Search/PermitDetails?permitNum=LPBI-2600488,LPBI-2600488,4515 N 16TH ST,PHOENIX,1/28/2026 2:28:21 PM,Commercial,179740.00,COMMERCIAL BUILDERS ASSOCIATES LLC,,,Trash,no_hvac_signal
CPMC,2600486,CPMC-2600486,https://apps-secure.phoenix.gov/PDD/Search/PermitDetails?permitNum=CPMC-2600486,CPMC-2600486,25150 N 13TH AVE,PHOENIX,1/28/2026 2:07:59 PM,Residential,0.00,TO BE BID,,,Trash,no_hvac_signal
ELEC,26001357,ELEC-26001357,https://apps-secure.phoenix.gov/PDD/Search/PermitDetails?permitNum=ELEC-26001357,ELEC-26001357,1815 W PARSONS RD,PHOENIX,1/28/2026 2:06:06 PM,Commercial,5000.00,HANCOCK BUILDERS LLC,LPRM-2403211,,Trash,no_hvac_signal
ELEC,26001356,ELEC-26001356,https://apps-secure.phoenix.gov/PDD/Search/PermitDetails?permitNum=ELEC-26001356,ELEC-26001356,1815 W PARSONS RD,PHOENIX,1/28/2026 2:05:22 PM,Commercial,5000.00,HANCOCK BUILDERS LLC,LPRM-2403211,,Trash,no_hvac_signal
ELEC,26001355,ELEC-26001355,https://apps-secure.phoenix.gov/PDD/Search/PermitDetails?permitNum=ELEC-26001355,ELEC-26001355,1815 W PARSONS RD,PHOENIX,1/28/2026 2:04:40 PM,Commercial,5000.00,HANCOCK BUILDERS LLC,LPRM-2403211,,Trash,no_hvac_signal
ELEC,26001354,ELEC-26001354,https://apps-secure.phoenix.gov/PDD/Search/PermitDetails?permitNum=ELEC-26001354,ELEC-26001354,1815 W PARSONS RD,PHOENIX,1/28/2026 2:04:08 PM,Commercial,5000.00,HANCOCK BUILDERS LLC,LPRM-2403211,,Trash,no_hvac_signal
ELEC,26001353,ELEC-26001353,https://apps-secure.phoenix.gov/PDD/Search/PermitDetails?permitNum=ELEC-26001353,ELEC-26001353,1815 W PARSONS RD,PHOENIX,1/28/2026 2:03:26 PM,Commercial,5000.00,HANCOCK BUILDERS LLC,LPRM-2403211,,Trash,no_hvac_signal
ELEC,26001352,ELEC-26001352,https://apps-secure.phoenix.gov/PDD/Search/PermitDetails?permitNum=ELEC-26001352,ELEC-26001352,1815 W PARSONS RD,PHOENIX,1/28/2026 2:02:49 PM,Commercial,5000.00,HANCOCK BUILDERS LLC,LPRM-2403211,,Trash,no_hvac_signal
ELEC,26001351,ELEC-26001351,https://apps-secure.phoenix.gov/PDD/Search/PermitDetails?permitNum=ELEC-26001351,ELEC-26001351,1815 W PARSONS RD,PHOENIX,1/28/2026 2:02:14 PM,Commercial,5000.00,HANCOCK BUILDERS LLC,LPRM-2403211,,Trash,no_hvac_signal
RVSN,2109912-61,RVSN-2109912-61,https://apps-secure.phoenix.gov/PDD/Search/PermitDetails?permitNum=RVSN-2109912-61,RVSN-2109912-61,32200 N 43RD AVE,PHOENIX,1/28/2026 2:01:53 PM,Residential,0.00,AUSTIN COMMERCIAL,PHAS-2109912-02,,Trash,no_hvac_signal
RVSN,2109912-61,RVSN-2109912-61,https://apps-secure.phoenix.gov/PDD/Search/PermitDetails?permitNum=RVSN-2109912-61,RVSN-2109912-61,32200 N 43RD AVE,PHOENIX,1/28/2026 2:01:53 PM,Residential,0.00,AUSTIN COMMERCIAL,PHAS-2109912-02,,Trash,no_hvac_signal
ELEC,26001350,ELEC-26001350,https://apps-secure.phoenix.gov/PDD/Search/PermitDetails?permitNum=ELEC-26001350,ELEC-26001350,1815 W PARSONS RD,PHOENIX,1/28/2026 2:01:39 PM,Commercial,5000.00,HANCOCK BUILDERS LLC,LPRM-2403211,,Trash,no_hvac_signal
ELEC,26001349,ELEC-26001349,https://apps-secure.phoenix.gov/PDD/Search/PermitDetails?permitNum=ELEC-26001349,ELEC-26001349,1815 W PARSONS RD,PHOENIX,1/28/2026 2:01:01 PM,Commercial,5000.00,HANCOCK BUILDERS LLC,LPRM-2403211,,Trash,no_hvac_signal
OSE,26001348,OSE-26001348,https://apps-secure.phoenix.gov/PDD/Search/PermitDetails?permitNum=OSE-26001348,OSE-26001348,10224 S 54TH LN,PHOENIX,1/28/2026 2:00:28 PM,Commercial,6000.00,ALL AMERICAN FLAGPOLES LLC,SPAD-2401073,,Trash,no_hvac_signal
ELEC,26001347,ELEC-26001347,https://apps-secure.phoenix.gov/PDD/Search/PermitDetails?permitNum=ELEC-26001347,ELEC-26001347,1815 W PARSONS RD,PHOENIX,1/28/2026 2:00:17 PM,Commercial,5000.00,HANCOCK BUILDERS LLC,LPRM-2403211,,Trash,no_hvac_signal
ELEC,26001346,ELEC-26001346,https://apps-secure.phoenix.gov/PDD/Search/PermitDetails?permitNum=ELEC-26001346,ELEC-26001346,1815 W PARSONS RD,PHOENIX,1/28/2026 1:59:35 PM,Commercial,5000.00,HANCOCK BUILDERS LLC,LPRM-2403211,,Trash,no_hvac_signal
ELEC,26001345,ELEC-26001345,https://apps-secure.phoenix.gov/PDD/Search/PermitDetails?permitNum=ELEC-26001345,ELEC-26001345,1815 W PARSONS RD,PHOENIX,1/28/2026 1:59:01 PM,Commercial,5000.00,HANCOCK BUILDERS LLC,LPRM-2403211,,Trash,no_hvac_signal
ELEC,26001344,ELEC-26001344,https://apps-secure.phoenix.gov/PDD/Search/PermitDetails?permitNum=ELEC-26001344,ELEC-26001344,1815 W PARSONS RD,PHOENIX,1/28/2026 1:58:29 PM,Commercial,5000.00,HANCOCK BUILDERS LLC,LPRM-2403211,,Trash,no_hvac_signal
ELEC,26001343,ELEC-26001343,https://apps-secure.phoenix.gov/PDD/Search/PermitDetails?permitNum=ELEC-26001343,ELEC-26001343,1815 W PARSONS RD,PHOENIX,1/28/2026 1:57:51 PM,Commercial,5000.00,HANCOCK BUILDERS LLC,LPRM-2403211,,Trash,no_hvac_signal
ELEC,26001342,ELEC-26001342,https://apps-secure.phoenix.gov/PDD/Search/PermitDetails?permitNum=ELEC-26001342,ELEC-26001342,1815 W PARSONS RD,PHOENIX,1/28/2026 1:57:19 PM,Commercial,5000.00,HANCOCK BUILDERS LLC,LPRM-2403211,,Trash,no_hvac_signal
CSW,26001341,CSW-26001341,https://apps-secure.phoenix.gov/PDD/Search/PermitDetails?permitNum=CSW-26001341,CSW-26001341,31000 N 56TH ST,PHOENIX,1/28/2026 1:56:51 PM,Commercial,0.00,HAYDON COMPANIES LLC,CPSW-2506755,,Trash,no_hvac_signal
ELEC,26001340,ELEC-26001340,https://apps-secure.phoenix.gov/PDD/Search/PermitDetails?permitNum=ELEC-26001340,ELEC-26001340,1815 W PARSONS RD,PHOENIX,1/28/2026 1:56:37 PM,Commercial,5000.00,HANCOCK BUILDERS LLC,LPRM-2403211,,Trash,no_hvac_signal
ELEC,26001339,ELEC-26001339,https://apps-secure.phoenix.gov/PDD/Search/PermitDetails?permitNum=ELEC-26001339,ELEC-26001339,1815 W PARSONS RD,PHOENIX,1/28/2026 1:55:58 PM,Commercial,5000.00,HANCOCK BUILDERS LLC,LPRM-2403211,,Trash,no_hvac_signal
ELEC,26001338,ELEC-26001338,https://apps-secure.phoenix.gov/PDD/Search/PermitDetails?permitNum=ELEC-26001338,ELEC-26001338,1815 W PARSONS RD,PHOENIX,1/28/2026 1:55:26 PM,Commercial,5000.00,HANCOCK BUILDERS LLC,LPRM-2403211,,Trash,no_hvac_signal
ELEC,26001336,ELEC-26001336,https://apps-secure.phoenix.gov/PDD/Search/PermitDetails?permitNum=ELEC-26001336,ELEC-26001336,1815 W PARSONS RD,PHOENIX,1/28/2026 1:54:45 PM,Commercial,5000.00,HANCOCK BUILDERS LLC,LPRM-2403211,,Trash,no_hvac_signal
ELEC,26001335,ELEC-26001335,https://apps-secure.phoenix.gov/PDD/Search/PermitDetails?permitNum=ELEC-26001335,ELEC-26001335,1815 W PARSONS RD,PHOENIX,1/28/2026 1:52:59 PM,Commercial,5000.00,HANCOCK BUILDERS LLC,LPRM-2403211,,Trash,no_hvac_signal
FPPR,260059,FPPR-260059,https://apps-secure.phoenix.gov/PDD/Search/PermitDetails?permitNum=FPPR-260059,FPPR-260059,5937 E CORRINE DR,PHOENIX,1/28/2026 1:52:15 PM,Commercial,0.00,PROFESSIONAL POOL SERVICES LLC,SPAD-1700472,,Trash,no_hvac_signal
ELEC,26001333,ELEC-26001333,https://apps-secure.phoenix.gov/PDD/Search/PermitDetails?permitNum=ELEC-26001333,ELEC-26001333,1815 W PARSONS RD,PHOENIX,1/28/2026 1:51:37 PM,Commercial,5000.00,HANCOCK BUILDERS LLC,LPRM-2403211,,Trash,no_hvac_signal
LPRM,2600484,LPRM-2600484,https://apps-secure.phoenix.gov/PDD/Search/PermitDetails?permitNum=LPRM-2600484,LPRM-2600484,4141 S 91ST AVE,PHOENIX,1/28/2026 1:50:42 PM,Commercial,174750.00,TO BE BID,,,Trash,no_hvac_signal
ELEC,26001332,ELEC-26001332,https://apps-secure.phoenix.gov/PDD/Search/PermitDetails?permitNum=ELEC-26001332,ELEC-26001332,1815 W PARSONS RD,PHOENIX,1/28/2026 1:49:37 PM,Commercial,5000.00,HANCOCK BUILDERS LLC,LPRM-2403211,,Trash,no_hvac_signal
ELEC,26001331,ELEC-26001331,https://apps-secure.phoenix.gov/PDD/Search/PermitDetails?permitNum=ELEC-26001331,ELEC-26001331,1815 W PARSONS RD,PHOENIX,1/28/2026 1:48:44 PM,Commercial,5000.00,HANCOCK BUILDERS LLC,LPRM-2403211,,Trash,no_hvac_signal
ELEC,26001330,ELEC-26001330,https://apps-secure.phoenix.gov/PDD/Search/PermitDetails?permitNum=ELEC-26001330,ELEC-26001330,1815 W PARSONS RD,PHOENIX,1/28/2026 1:48:15 PM,Commercial,5000.00,HANCOCK BUILDERS LLC,LPRM-2403211,,Trash,no_hvac_signal
ELEC,26001329,ELEC-26001329,https://apps-secure.phoenix.gov/PDD/Search/PermitDetails?permitNum=ELEC-26001329,ELEC-26001329,1815 W PARSONS RD,PHOENIX,1/28/2026 1:47:45 PM,Commercial,5000.00,HANCOCK BUILDERS LLC,LPRM-2403211,,Trash,no_hvac_signal
OP,26001328,OP-26001328,https://apps-secure.phoenix.gov/PDD/Search/PermitDetails?permitNum=OP-26001328,OP-26001328,402 W MONROE ST,PHOENIX,1/28/2026 1:47:30 PM,Commercial,2500.00,NOBLE INDUSTRIES LLC,SPAD-0511989,,Trash,no_hvac_signal
ELEC,26001327,ELEC-26001327,https://apps-secure.phoenix.gov/PDD/Search/PermitDetails?permitNum=ELEC-26001327,ELEC-26001327,1815 W PARSONS RD,PHOENIX,1/28/2026 1:47:08 PM,Commercial,5000.00,HANCOCK BUILDERS LLC,LPRM-2403211,,Trash,no_hvac_signal
ELEC,26001326,ELEC-26001326,https://apps-secure.phoenix.gov/PDD/Search/PermitDetails?permitNum=ELEC-26001326,ELEC-26001326,1815 W PARSONS RD,PHOENIX,1/28/2026 1:46:37 PM,Commercial,5000.00,HANCOCK BUILDERS LLC,LPRM-2403211,,Trash,no_hvac_signal
ELEC,26001325,ELEC-26001325,https://apps-secure.phoenix.gov/PDD/Search/PermitDetails?permitNum=ELEC-26001325,ELEC-26001325,1815 W PARSONS RD,PHOENIX,1/28/2026 1:46:06 PM,Commercial,5000.00,HANCOCK BUILDERS LLC,LPRM-2403211,,Trash,no_hvac_signal
ELEC,26001324,ELEC-26001324,https://apps-secure.phoenix.gov/PDD/Search/PermitDetails?permitNum=ELEC-26001324,ELEC-26001324,1815 W PARSONS RD,PHOENIX,1/28/2026 1:45:41 PM,Commercial,5000.00,HANCOCK BUILDERS LLC,LPRM-2403211,,Trash,no_hvac_signal
ELEC,26001323,ELEC-26001323,https://apps-secure.phoenix.gov/PDD/Search/PermitDetails?permitNum=ELEC-26001323,ELEC-26001323,1815 W PARSONS RD,PHOENIX,1/28/2026 1:45:05 PM,Commercial,5000.00,HANCOCK BUILDERS LLC,LPRM-2403211,,Trash,no_hvac_signal
ELEC,26001322,ELEC-26001322,https://apps-secure.phoenix.gov/PDD/Search/PermitDetails?permitNum=ELEC-26001322,ELEC-26001322,1815 W PARSONS RD,PHOENIX,1/28/2026 1:44:39 PM,Commercial,5000.00,HANCOCK BUILDERS LLC,LPRM-2403211,,Trash,no_hvac_signal
ELEC,26001321,ELEC-26001321,https://apps-secure.phoenix.gov/PDD/Search/PermitDetails?permitNum=ELEC-26001321,ELEC-26001321,1815 W PARSONS RD,PHOENIX,1/28/2026 1:44:07 PM,Commercial,5000.00,HANCOCK BUILDERS LLC,LPRM-2403211,,Trash,no_hvac_signal
ELEC,26001320,ELEC-26001320,https://apps-secure.phoenix.gov/PDD/Search/PermitDetails?permitNum=ELEC-26001320,ELEC-26001320,1815 W PARSONS RD,PHOENIX,1/28/2026 1:43:21 PM,Commercial,5000.00,HANCOCK BUILDERS LLC,LPRM-2403211,,Trash,no_hvac_signal
LPSG,260096,LPSG-260096,https://apps-secure.phoenix.gov/PDD/Search/PermitDetails?permitNum=LPSG-260096,LPSG-260096,21037 N CAVE CREEK RD,PHOENIX,1/28/2026 1:37:30 PM,Commercial,0.00,ROYAL SIGN COMPANY,,,Trash,negative=sign
LPRR,2600482,LPRR-2600482,https://apps-secure.phoenix.gov/PDD/Search/PermitDetails?permitNum=LPRR-2600482,LPRR-2600482,10919 S CENTRAL AVE,PHOENIX,1/28/2026 1:36:50 PM,Commercial,1600000.00,TO BE BID,AFPF-130088,,Trash,no_hvac_signal
LPRR,2600481,LPRR-2600481,https://apps-secure.phoenix.gov/PDD/Search/PermitDetails?permitNum=LPRR-2600481,LPRR-2600481,7100 N 12TH ST,PHOENIX,1/28/2026 1:20:20 PM,Commercial,20000.00,TO BE BID,SPAD-1503201,,Trash,no_hvac_signal
F171,2600346,F171-2600346,https://apps-secure.phoenix.gov/PDD/Search/PermitDetails?permitNum=F171-2600346,F171-2600346,,PHOENIX,1/28/2026 1:15:52 PM,Commercial,0.00,ELECTRONIC SECURITY CONCEPTS LLC,SPAD-2300297,,Trash,no_hvac_signal
LPRM,2600480,LPRM-2600480,https://apps-secure.phoenix.gov/PDD/Search/PermitDetails?permitNum=LPRM-2600480,LPRM-2600480,1909 W LIBERTY LN,PHOENIX,1/28/2026 1:12:48 PM,Commercial,5000.00,TO BE BID,,,Trash,no_hvac_signal
RPV,26001319,RPV-26001319,https://apps-secure.phoenix.gov/PDD/Search/PermitDetails?permitNum=RPV-26001319,RPV-26001319,1529 E LOMA LN,PHOENIX,1/28/2026 1:12:16 PM,Commercial,46803.00,EARTHLING SOLAR LLC,SPAD-0802442,,Trash,negative=solar(?: pv)?
F193,2600345,F193-2600345,https://apps-secure.phoenix.gov/PDD/Search/PermitDetails?permitNum=F193-2600345,F193-2600345,1529 E LOMA LN,PHOENIX,1/28/2026 1:12:16 PM,Commercial,0.00,EARTHLING SOLAR LLC,SPAD-0802442,,Trash,negative=solar(?: pv)?
RVSN,252702-01,RVSN-252702-01,https://apps-secure.phoenix.gov/PDD/Search/PermitDetails?permitNum=RVSN-252702-01,RVSN-252702-01,4550 W WATKINS ST,PHOENIX,1/28/2026 1:12:06 PM,Commercial,0.00,TO BE BID,,,Trash,no_hvac_signal
PRLC,260010,PRLC-260010,https://apps-secure.phoenix.gov/PDD/Search/PermitDetails?permitNum=PRLC-260010,PRLC-260010,3208 W DURANGO ST,PHOENIX,1/28/2026 12:53:39 PM,Residential,0.00,TO BE BID,,,Trash,no_hvac_signal
SGNP,215002,SGNP-215002,https://apps-secure.phoenix.gov/PDD/Search/PermitDetails?permitNum=SGNP-215002,SGNP-215002,5544 E THOMAS RD,PHOENIX,1/28/2026 12:52:46 PM,Commercial,4800.00,AIRPARK SIGNS % GRAPHICS,LPSG-260054,,Trash,no_hvac_signal
LPRM,2600478,LPRM-2600478,https://apps-secure.phoenix.gov/PDD/Search/PermitDetails?permitNum=LPRM-2600478,LPRM-2600478,2225 W PINNACLE PEAK RD,PHOENIX,1/28/2026 12:42:14 PM,Commercial,28859.00,TO BE BID,,,Trash,no_hvac_signal
WSDC,26001318,WSDC-26001318,https://apps-secure.phoenix.gov/PDD/Search/PermitDetails?permitNum=WSDC-26001318,WSDC-26001318,4331 N CENTRAL AVE,PHOENIX,1/28/2026 12:39:43 PM,Commercial,0.00,CHASSE BUILDING TEAM INC,SPAD-2004811,,Trash,no_hvac_signal
LPRT,2600477,LPRT-2600477,https://apps-secure.phoenix.gov/PDD/Search/PermitDetails?permitNum=LPRT-2600477,LPRT-2600477,610 E BELL RD,PHOENIX,1/28/2026 12:39:07 PM,Commercial,200000.00,TO BE BID,,,Trash,no_hvac_signal
WSFT,26001317,WSFT-26001317,https://apps-secure.phoenix.gov/PDD/Search/PermitDetails?permitNum=WSFT-26001317,WSFT-26001317,4925 E CAREFREE HWY,PHOENIX,1/28/2026 12:38:50 PM,Residential,0.00,TELGIAN CORPORATION,SPAD-0112537,,Trash,no_hvac_signal
CDF,26001315,CDF-26001315,https://apps-secure.phoenix.gov/PDD/Search/PermitDetails?permitNum=CDF-26001315,CDF-26001315,4250 W DOVE VALLEY RD,PHOENIX,1/28/2026 12:26:53 PM,Commercial,0.00,POWER CONTRACTING LLC,CPGD-2506321,,Trash,no_hvac_signal
F102,2600344,F102-2600344,https://apps-secure.phoenix.gov/PDD/Search/PermitDetails?permitNum=F102-2600344,F102-2600344,3550 E ROESER RD,PHOENIX,1/28/2026 12:25:08 PM,Commercial,0.00,DISTINCTIVE CONSTRUCTION GROUP LLC,FPPX-260138,,Trash,no_hvac_signal
F100,26001314,F100-26001314,https://apps-secure.phoenix.gov/PDD/Search/PermitDetails?permitNum=F100-26001314,F100-26001314,100 N 18TH ST 2B,PHOENIX,1/28/2026 12:23:38 PM,Commercial,0.00,FELIX FIRE PROTECTION LLC,FPPD-252460,,Trash,negative=fire
LPRM,2600476,LPRM-2600476,https://apps-secure.phoenix.gov/PDD/Search/PermitDetails?permitNum=LPRM-2600476,LPRM-2600476,2940 W WILLETTA ST,PHOENIX,1/28/2026 12:14:51 PM,Commercial,35500.00,TO BE BID,,,Trash,no_hvac_signal
LPRM,2600475,LPRM-2600475,https://apps-secure.phoenix.gov/PDD/Search/PermitDetails?permitNum=LPRM-2600475,LPRM-2600475,4727 E SOUTHERN AVE,PHOENIX,1/28/2026 12:10:06 PM,Commercial,25000.00,TO BE BID,,,Trash,no_hvac_signal
LSPL,2600474,LSPL-2600474,https://apps-secure.phoenix.gov/PDD/Search/PermitDetails?permitNum=LSPL-2600474,LSPL-2600474,2302 W GLENDALE AVE,PHOENIX,1/28/2026 12:03:20 PM,Commercial,0.00,TO BE BID,,,Trash,no_hvac_signal
LPRR,2600473,LPRR-2600473,https://apps-secure.phoenix.gov/PDD/Search/PermitDetails?permitNum=LPRR-2600473,LPRR-2600473,2727 W THUNDERBIRD RD,PHOENIX,1/28/2026 12:00:32 PM,Commercial,2284220.40,TO BE BID,,,Trash,no_hvac_signal
BLD,26001313,BLD-26001313,https://apps-secure.phoenix.gov/PDD/Search/PermitDetails?permitNum=BLD-26001313,BLD-26001313,3202 E GREENWAY RD,PHOENIX,1/28/2026 11:59:41 AM,Commercial,125097.60,LEI AND ASSOCIATES INC,LPRR-2506878,,Trash,no_hvac_signal
CRSC,2600472,CRSC-2600472,https://apps-secure.phoenix.gov/PDD/Search/PermitDetails?permitNum=CRSC-2600472,CRSC-2600472,5111 E PRESIDIO RD,PHOENIX,1/28/2026 11:56:56 AM,Commercial,0.00,MN CUSTOM HOMES AZ LLC,,,Trash,no_hvac_signal
F481,26001311,F481-26001311,https://apps-secure.phoenix.gov/PDD/Search/PermitDetails?permitNum=F481-26001311,F481-26001311,5544 E THOMAS RD,PHOENIX,1/28/2026 11:53:33 AM,Commercial,1.00,"ETICO CONCRETE, LLC",FPPD-252691,,Trash,no_hvac_signal
OE,26001310,OE-26001310,https://apps-secure.phoenix.gov/PDD/Search/PermitDetails?permitNum=OE-26001310,OE-26001310,12900 N TATUM BLVD,PHOENIX,1/28/2026 11:52:40 AM,Commercial,0.00,CANYON STATE ELECTRIC,,,Trash,no_hvac_signal
INSP,26001309,INSP-26001309,https://apps-secure.phoenix.gov/PDD/Search/PermitDetails?permitNum=INSP-26001309,INSP-26001309,2850 W WILLIAMS DR,PHOENIX,1/28/2026 11:51:49 AM,Commercial,912282.00,LIVING DESIGN CONSTRUCTION LLC,BLD-08028297,,Trash,no_hvac_signal
DEM,26001308,DEM-26001308,https://apps-secure.phoenix.gov/PDD/Search/PermitDetails?permitNum=DEM-26001308,DEM-26001308,17642 N 40TH ST,PHOENIX,1/28/2026 11:47:07 AM,Commercial,10000.00,B C S ENTERPRISES INC,SPAD-0006183,,Trash,no_hvac_signal
PHAS,2600417-01,PHAS-2600417-01,https://apps-secure.phoenix.gov/PDD/Search/PermitDetails?permitNum=PHAS-2600417-01,PHAS-2600417-01,5088 W INNOVATION CIR,PHOENIX,1/28/2026 11:47:01 AM,Commercial,122764000.00,AUSTIN COMMERCIAL,LPRN-2600417,,Trash,no_hvac_signal
PHAS,2600417-01,PHAS-2600417-01,https://apps-secure.phoenix.gov/PDD/Search/PermitDetails?permitNum=PHAS-2600417-01,PHAS-2600417-01,5088 W INNOVATION CIR,PHOENIX,1/28/2026 11:47:01 AM,Commercial,122764000.00,AUSTIN COMMERCIAL,LPRN-2600417,,Trash,no_hvac_signal
F800,2600343,F800-2600343,https://apps-secure.phoenix.gov/PDD/Search/PermitDetails?permitNum=F800-2600343,F800-2600343,1906 E CORONADO RD,PHOENIX,1/28/2026 11:44:39 AM,Commercial,0.00,POSITIVE SYNERGY LLC,SPAD-1008979,,Trash,no_hvac_signal
TCO,26001307,TCO-26001307,https://apps-secure.phoenix.gov/PDD/Search/PermitDetails?permitNum=TCO-26001307,TCO-26001307,100 S 48TH ST,PHOENIX,1/28/2026 11:43:19 AM,Commercial,10036456.00,MC SHANE CONSTRUCTION COMPANY L L C,BLD-24002382,,Trash,no_hvac_signal
OPBF,26001306,OPBF-26001306,https://apps-secure.phoenix.gov/PDD/Search/PermitDetails?permitNum=OPBF-26001306,OPBF-26001306,148 N 48TH ST,PHOENIX,1/28/2026 11:40:04 AM,Residential,8163.50,AIDANT FIRE PROTECTION CO,SPAD-1903584,,Trash,negative=fire
LPRM,2600471,LPRM-2600471,https://apps-secure.phoenix.gov/PDD/Search/PermitDetails?permitNum=LPRM-2600471,LPRM-2600471,8332 N 7TH ST,PHOENIX,1/28/2026 11:38:49 AM,Commercial,20000.00,TO BE BID,,,Trash,no_hvac_signal
FPPX,260153,FPPX-260153,https://apps-secure.phoenix.gov/PDD/Search/PermitDetails?permitNum=FPPX-260153,FPPX-260153,16725 S 25TH DR,PHOENIX,1/28/2026 11:38:18 AM,Commercial,0.00,M R TANNER CONSTRUCTION,SPAD-2502573,,Trash,no_hvac_signal
CSE,26001305,CSE-26001305,https://apps-secure.phoenix.gov/PDD/Search/PermitDetails?permitNum=CSE-26001305,CSE-26001305,5005 E OAK ST,PHOENIX,1/28/2026 11:31:42 AM,Residential,0.00,MARKHAM CONTRACTING CO,CPSE-2505280,,Trash,no_hvac_signal
WSFT,26001304,WSFT-26001304,https://apps-secure.phoenix.gov/PDD/Search/PermitDetails?permitNum=WSFT-26001304,WSFT-26001304,1546 E EDGEMONT AVE,PHOENIX,1/28/2026 11:31:17 AM,Commercial,0.00,AX3 HOMES LLC,SPAD-2007889,,Trash,no_hvac_signal
LPBI,2600470,LPBI-2600470,https://apps-secure.phoenix.gov/PDD/Search/PermitDetails?permitNum=LPBI-2600470,LPBI-2600470,4001 N 3RD ST,PHOENIX,1/28/2026 11:30:16 AM,Commercial,149408.00,MHM BUILDERS INC.,,,Trash,no_hvac_signal
LPRN,2600469,LPRN-2600469,https://apps-secure.phoenix.gov/PDD/Search/PermitDetails?permitNum=LPRN-2600469,LPRN-2600469,9705 W THOMAS RD,PHOENIX,1/28/2026 11:28:35 AM,Commercial,688000.00,TO BE BID,,,Trash,no_hvac_signal
LPBI,2600468,LPBI-2600468,https://apps-secure.phoenix.gov/PDD/Search/PermitDetails?permitNum=LPBI-2600468,LPBI-2600468,4001 N 3RD ST,PHOENIX,1/28/2026 11:25:26 AM,Commercial,134064.00,MHM BUILDERS INC.,,,Trash,no_hvac_signal
F800,2600342,F800-2600342,https://apps-secure.phoenix.gov/PDD/Search/PermitDetails?permitNum=F800-2600342,F800-2600342,3658 E LOS GATOS DR,PHOENIX,1/28/2026 11:20:52 AM,Residential,0.00,TESLA,SPAD-0516596,,Trash,no_hvac_signal
SGNP,214999,SGNP-214999,https://apps-secure.phoenix.gov/PDD/Search/PermitDetails?permitNum=SGNP-214999,SGNP-214999,2021 E VERDIN WAY,PHOENIX,1/28/2026 11:20:20 AM,Commercial,3300.00,E 2 INNOVATIONS INC,LPSG-260039,,Trash,no_hvac_signal
CPGD,2600467,CPGD-2600467,https://apps-secure.phoenix.gov/PDD/Search/PermitDetails?permitNum=CPGD-2600467,CPGD-2600467,2820 S 36TH ST,PHOENIX,1/28/2026 11:18:19 AM,Commercial,0.00,TO BE BID,,,Trash,no_hvac_signal
F209,2600341,F209-2600341,https://apps-secure.phoenix.gov/PDD/Search/PermitDetails?permitNum=F209-2600341,F209-2600341,3850 N 48TH PL,PHOENIX,1/28/2026 11:17:02 AM,Residential,0.00,TESLA,FPPR-251198,,Trash,no_hvac_signal
LPRM,2600466,LPRM-2600466,https://apps-secure.phoenix.gov/PDD/Search/PermitDetails?permitNum=LPRM-2600466,LPRM-2600466,2025 W HIDDEN VIEW DR,PHOENIX,1/28/2026 11:16:09 AM,Commercial,5000.00,TO BE BID,,,Trash,no_hvac_signal
F479,2600340,F479-2600340,https://apps-secure.phoenix.gov/PDD/Search/PermitDetails?permitNum=F479-2600340,F479-2600340,2920 N 56TH ST,PHOENIX,1/28/2026 11:14:18 AM,Commercial,0.00,"ETICO CONCRETE, LLC",FPPR-260046,,Trash,no_hvac_signal
LPSG,260095,LPSG-260095,https://apps-secure.phoenix.gov/PDD/Search/PermitDetails?permitNum=LPSG-260095,LPSG-260095,1815 W PARSONS RD,PHOENIX,1/28/2026 11:09:38 AM,Commercial,49411.00,ROCKART INDUSTRIES LLC,,,Trash,no_hvac_signal
FPPX,260152,FPPX-260152,https://apps-secure.phoenix.gov/PDD/Search/PermitDetails?permitNum=FPPX-260152,FPPX-260152,3152 E BELL RD,PHOENIX,1/28/2026 11:07:47 AM,Commercial,0.00,VEQUITY CONSTRUCTION LLC,SPAD-2301869,,Trash,no_hvac_signal
F171,2600339,F171-2600339,https://apps-secure.phoenix.gov/PDD/Search/PermitDetails?permitNum=F171-2600339,F171-2600339,,PHOENIX,1/28/2026 11:06:07 AM,Residential,0.00,PYROGUARD ALARMS L L C,SPAD-2300297,,Trash,no_hvac_signal
RPDR,2600465,RPDR-2600465,https://apps-secure.phoenix.gov/PDD/Search/PermitDetails?permitNum=RPDR-2600465,RPDR-2600465,5039 E POINSETTIA DR,PHOENIX,1/28/2026 11:02:23 AM,Residential,0.00,TO BE BID,,,Trash,no_hvac_signal
F875,26001301,F875-26001301,https://apps-secure.phoenix.gov/PDD/Search/PermitDetails?permitNum=F875-26001301,F875-26001301,27041 N 31ST DR,PHOENIX,1/28/2026 10:59:02 AM,Commercial,0.00,FIERRO FIRE AND SECURITY LLC,,,Trash,negative=fire
LPBE,2600464,LPBE-2600464,https://apps-secure.phoenix.gov/PDD/Search/PermitDetails?permitNum=LPBE-2600464,LPBE-2600464,18000 N SCOTTSDALE RD,PHOENIX,1/28/2026 10:52:31 AM,Commercial,122265.00,ARIZONA ELEVATOR SOLUTIONS INCORPORATED,SPAD-0411989,,Trash,no_hvac_signal
F193,2600338,F193-2600338,https://apps-secure.phoenix.gov/PDD/Search/PermitDetails?permitNum=F193-2600338,F193-2600338,27720 N 18TH DR,PHOENIX,1/28/2026 10:47:04 AM,Commercial,0.00,DYNAMIC SOLAR AND ELECTRICAL LLC,SPAD-0709440,,Trash,negative=solar(?: pv)?
CPRX,2600463,CPRX-2600463,https://apps-secure.phoenix.gov/PDD/Search/PermitDetails?permitNum=CPRX-2600463,CPRX-2600463,2021 W HOLLY ST,PHOENIX,1/28/2026 10:43:45 AM,Residential,0.00,TO BE BID,,,Trash,no_hvac_signal
WSSD,26001299,WSSD-26001299,https://apps-secure.phoenix.gov/PDD/Search/PermitDetails?permitNum=WSSD-26001299,WSSD-26001299,7502 W DURANGO ST,PHOENIX,1/28/2026 10:43:35 AM,Commercial,0.00,FIRETROL PROTECTION SYSTEMS INC,CCPH-2007781,,Trash,no_hvac_signal
LPRM,2600462,LPRM-2600462,https://apps-secure.phoenix.gov/PDD/Search/PermitDetails?permitNum=LPRM-2600462,LPRM-2600462,2242 W LIBERTY LN,PHOENIX,1/28/2026 10:33:33 AM,Commercial,750000.00,RED ROCK CONTRACTORS,,,Trash,no_hvac_signal
RPV,26001297,RPV-26001297,https://apps-secure.phoenix.gov/PDD/Search/PermitDetails?permitNum=RPV-26001297,RPV-26001297,5112 W TOP HAND TRL,PHOENIX,1/28/2026 10:17:01 AM,Commercial,42240.00,UNITED ENERGY PARTNERS LLC,SPAD-2600091,,Trash,no_hvac_signal
LPRM,2600461,LPRM-2600461,https://apps-secure.phoenix.gov/PDD/Search/PermitDetails?permitNum=LPRM-2600461,LPRM-2600461,1905 E COPPER SPRINGS RD,PHOENIX,1/28/2026 10:16:13 AM,Commercial,5000.00,GOTHIC LANDSCAPING INC,,,Trash,no_hvac_signal
F100,26001295,F100-26001295,https://apps-secure.phoenix.gov/PDD/Search/PermitDetails?permitNum=F100-26001295,F100-26001295,10200 N 25TH AVE,PHOENIX,1/28/2026 10:16:04 AM,Commercial,0.00,AERO AUTOMATIC SPRINKLER COMPANY,FPPD-252666,,Trash,negative=sprinkler
F117,26001296,F117-26001296,https://apps-secure.phoenix.gov/PDD/Search/PermitDetails?permitNum=F117-26001296,F117-26001296,10200 N 25TH AVE,PHOENIX,1/28/2026 10:16:04 AM,Commercial,0.00,AERO AUTOMATIC SPRINKLER COMPANY,FPPD-252666,,Trash,negative=sprinkler
CPFL,2600460,CPFL-2600460,https://apps-secure.phoenix.gov/PDD/Search/PermitDetails?permitNum=CPFL-2600460,CPFL-2600460,2888 W SONORAN DESERT DR,PHOENIX,1/28/2026 10:15:23 AM,Commercial,0.00,TO BE BID,,,Trash,no_hvac_signal
PLMB,26001293,PLMB-26001293,https://apps-secure.phoenix.gov/PDD/Search/PermitDetails?permitNum=PLMB-26001293,PLMB-26001293,151 W MOON VALLEY DR,PHOENIX,1/28/2026 10:09:24 AM,Commercial,39000.00,LOS PLUMBERS ROOTER AND PLUMBING LLC,LPRM-2506693,,Trash,negative=plumb(?:ing)?
F802,26001292,F802-26001292,https://apps-secure.phoenix.gov/PDD/Search/PermitDetails?permitNum=F802-26001292,F802-26001292,1950 S 91ST AVE,PHOENIX,1/28/2026 10:00:12 AM,Commercial,0.00,SOUTHWEST INTEGRATED SOLUTIONS,BLD-25020103,,Trash,no_hvac_signal
F802,26001292,F802-26001292,https://apps-secure.phoenix.gov/PDD/Search/PermitDetails?permitNum=F802-26001292,F802-26001292,1950 S 91ST AVE,PHOENIX,1/28/2026 10:00:12 AM,Commercial,0.00,SOUTHWEST INTEGRATED SOLUTIONS,BLD-25020103,,Trash,no_hvac_signal
F802,26001292,F802-26001292,https://apps-secure.phoenix.gov/PDD/Search/PermitDetails?permitNum=F802-26001292,F802-26001292,1950 S 91ST AVE,PHOENIX,1/28/2026 10:00:12 AM,Commercial,0.00,SOUTHWEST INTEGRATED SOLUTIONS,BLD-25020103,,Trash,no_hvac_signal
F875,26001290,F875-26001290,https://apps-secure.phoenix.gov/PDD/Search/PermitDetails?permitNum=F875-26001290,F875-26001290,24360 N 20TH DR,PHOENIX,1/28/2026 9:57:06 AM,Commercial,0.00,LIFE & PROPERTY SAFETY LLC,,,Trash,no_hvac_signal
F875,26001291,F875-26001291,https://apps-secure.phoenix.gov/PDD/Search/PermitDetails?permitNum=F875-26001291,F875-26001291,24340 N 20TH DR,PHOENIX,1/28/2026 9:57:06 AM,Commercial,0.00,LIFE & PROPERTY SAFETY LLC,,,Trash,no_hvac_signal
LPRR,2600458,LPRR-2600458,https://apps-secure.phoenix.gov/PDD/Search/PermitDetails?permitNum=LPRR-2600458,LPRR-2600458,1907 W WALTANN LN,PHOENIX,1/28/2026 9:41:30 AM,Commercial,232380.80,TO BE BID,,,Trash,no_hvac_signal
RVSN,2203382-01,RVSN-2203382-01,https://apps-secure.phoenix.gov/PDD/Search/PermitDetails?permitNum=RVSN-2203382-01,RVSN-2203382-01,1125 N 3RD ST,PHOENIX,1/28/2026 9:35:54 AM,Commercial,0.00,TO BE BID,,,Trash,no_hvac_signal
RVSN,2008310-02,RVSN-2008310-02,https://apps-secure.phoenix.gov/PDD/Search/PermitDetails?permitNum=RVSN-2008310-02,RVSN-2008310-02,5716 E CAMELBACK RD,PHOENIX,1/28/2026 9:35:42 AM,Commercial,0.00,TO BE BID,,,Trash,no_hvac_signal
RVSN,2202241-01,RVSN-2202241-01,https://apps-secure.phoenix.gov/PDD/Search/PermitDetails?permitNum=RVSN-2202241-01,RVSN-2202241-01,1125 N 3RD ST,PHOENIX,1/28/2026 9:34:51 AM,Commercial,0.00,TO BE BID,,,Trash,no_hvac_signal
BLD,26001288,BLD-26001288,https://apps-secure.phoenix.gov/PDD/Search/PermitDetails?permitNum=BLD-26001288,BLD-26001288,1610 E HIGHLAND AVE,PHOENIX,1/28/2026 9:27:52 AM,Commercial,25000.00,T BUILT LLC,LPRR-2600116,,Trash,no_hvac_signal
RVSC,2502588-01,RVSC-2502588-01,https://apps-secure.phoenix.gov/PDD/Search/PermitDetails?permitNum=RVSC-2502588-01,RVSC-2502588-01,4008 N 34TH ST,PHOENIX,1/28/2026 9:11:02 AM,Commercial,0.00,TO BE BID,,,Trash,no_hvac_signal
OPBF,26001286,OPBF-26001286,https://apps-secure.phoenix.gov/PDD/Search/PermitDetails?permitNum=OPBF-26001286,OPBF-26001286,16160 S 50TH ST,PHOENIX,1/28/2026 9:09:44 AM,Commercial,19000.00,ADANAC FIRE PROTECTION INC.,SPAD-0606685,,Trash,negative=fire
F800,2600333,F800-2600333,https://apps-secure.phoenix.gov/PDD/Search/PermitDetails?permitNum=F800-2600333,F800-2600333,3456 E ASHURST DR,PHOENIX,1/28/2026 8:57:38 AM,Commercial,0.00,INTY SOLAR LLC,SPAD-1705881,,Trash,negative=solar(?: pv)?
SGNP,214998,SGNP-214998,https://apps-secure.phoenix.gov/PDD/Search/PermitDetails?permitNum=SGNP-214998,SGNP-214998,5035 S 33RD ST,PHOENIX,1/28/2026 8:56:58 AM,Commercial,4800.00,IMPACT SIGN & GRAPHICS LLC,LPSG-260087,,Trash,negative=sign
OE,26001285,OE-26001285,https://apps-secure.phoenix.gov/PDD/Search/PermitDetails?permitNum=OE-26001285,OE-26001285,2035 S 89TH AVE,PHOENIX,1/28/2026 8:50:52 AM,Commercial,20000.00,WYYERD CONNECT LLC,SPAD-0320025,,Trash,no_hvac_signal
TCO,26001284,TCO-26001284,https://apps-secure.phoenix.gov/PDD/Search/PermitDetails?permitNum=TCO-26001284,TCO-26001284,836 E MARYLAND AVE,PHOENIX,1/28/2026 8:50:49 AM,Commercial,279825.00,J & SONS CONSTRUCTION LLC,BLD-25005384,,Trash,no_hvac_signal
CPST,2600456,CPST-2600456,https://apps-secure.phoenix.gov/PDD/Search/PermitDetails?permitNum=CPST-2600456,CPST-2600456,3255 W BEARDSLEY RD,PHOENIX,1/28/2026 8:49:08 AM,Residential,0.00,TO BE BID,,,Trash,no_hvac_signal
F122,26001283,F122-26001283,https://apps-secure.phoenix.gov/PDD/Search/PermitDetails?permitNum=F122-26001283,F122-26001283,15810 S 42ND ST,PHOENIX,1/28/2026 8:48:11 AM,Residential,0.00,CINTAS FIRE PROTECTION,FPPD-252719,,Trash,negative=fire
F122,26001283,F122-26001283,https://apps-secure.phoenix.gov/PDD/Search/PermitDetails?permitNum=F122-26001283,F122-26001283,15810 S 42ND ST,PHOENIX,1/28/2026 8:48:11 AM,Residential,0.00,CINTAS FIRE PROTECTION,FPPD-252719,,Trash,negative=fire
CES,26001281,CES-26001281,https://apps-secure.phoenix.gov/PDD/Search/PermitDetails?permitNum=CES-26001281,CES-26001281,7801 N 19TH AVE,PHOENIX,1/28/2026 8:46:21 AM,Residential,0.00,SUN VALLEY SOLAR SOLUTIONS L L C,LSPL-2404966,,Trash,negative=solar(?: pv)?
CLS,26001282,CLS-26001282,https://apps-secure.phoenix.gov/PDD/Search/PermitDetails?permitNum=CLS-26001282,CLS-26001282,7801 N 19TH AVE,PHOENIX,1/28/2026 8:46:21 AM,Residential,0.00,SUN VALLEY SOLAR SOLUTIONS L L C,LSPL-2404966,,Trash,negative=solar(?: pv)?
BLD,26001279,BLD-26001279,https://apps-secure.phoenix.gov/PDD/Search/PermitDetails?permitNum=BLD-26001279,BLD-26001279,5845 N ECHO CANYON CIR,PHOENIX,1/28/2026 8:45:50 AM,Commercial,1528100.00,180 DEGREES COMMERCIAL INC,LPRN-2506895,,Trash,no_hvac_signal
BLD,26001280,BLD-26001280,https://apps-secure.phoenix.gov/PDD/Search/PermitDetails?permitNum=BLD-26001280,BLD-26001280,5845 N ECHO CANYON CIR,PHOENIX,1/28/2026 8:45:50 AM,Commercial,321900.00,180 DEGREES COMMERCIAL INC,LPRN-2506895,,Trash,no_hvac_signal
CPFL,2600455,CPFL-2600455,https://apps-secure.phoenix.gov/PDD/Search/PermitDetails?permitNum=CPFL-2600455,CPFL-2600455,2820 S 36TH ST,PHOENIX,1/28/2026 8:45:24 AM,Commercial,0.00,TO BE BID,,,Trash,no_hvac_signal
FPPD,260151,FPPD-260151,https://apps-secure.phoenix.gov/PDD/Search/PermitDetails?permitNum=FPPD-260151,FPPD-260151,231 N 3RD ST,PHOENIX,1/28/2026 8:12:12 AM,Commercial,0.00,TO BE BID,,,Trash,no_hvac_signal
FPPD,260150,FPPD-260150,https://apps-secure.phoenix.gov/PDD/Search/PermitDetails?permitNum=FPPD-260150,FPPD-260150,3200 N CENTRAL AVE,PHOENIX,1/28/2026 7:59:20 AM,Commercial,0.00,RCI SYSTEMS INC,,,Trash,no_hvac_signal
F193,2600331,F193-2600331,https://apps-secure.phoenix.gov/PDD/Search/PermitDetails?permitNum=F193-2600331,F193-2600331,2111 W DESERT VIEW DR,PHOENIX,1/28/2026 6:46:48 AM,Commercial,0.00,MENOTTI ELECTRICAL LLC,SPAD-2600100,,Trash,no_hvac_signal
SGNP,214996,SGNP-214996,https://apps-secure.phoenix.gov/PDD/Search/PermitDetails?permitNum=SGNP-214996,SGNP-214996,1901 W CAMELBACK RD,PHOENIX,1/28/2026 12:00:00 AM,Commercial,4900.00,LOGO DESIGN GROUP L L C,LPSG-251565,,Trash,no_hvac_signal
SGNP,214997,SGNP-214997,https://apps-secure.phoenix.gov/PDD/Search/PermitDetails?permitNum=SGNP-214997,SGNP-214997,1901 W CAMELBACK RD,PHOENIX,1/28/2026 12:00:00 AM,Commercial,4900.00,LOGO DESIGN GROUP L L C,LPSG-251565,,Trash,no_hvac_signal
SGNP,215000,SGNP-215000,https://apps-secure.phoenix.gov/PDD/Search/PermitDetails?permitNum=SGNP-215000,SGNP-215000,10625 N TATUM BLVD,PHOENIX,1/28/2026 12:00:00 AM,Commercial,900.00,JUST IN TIME SIGNS AND PRINTING,LPSG-251509,,Trash,no_hvac_signal
SGNP,215001,SGNP-215001,https://apps-secure.phoenix.gov/PDD/Search/PermitDetails?permitNum=SGNP-215001,SGNP-215001,10625 N TATUM BLVD,PHOENIX,1/28/2026 12:00:00 AM,Commercial,900.00,JUST IN TIME SIGNS AND PRINTING,LPSG-251509,,Trash,no_hvac_signal
FPPD,260149,FPPD-260149,https://apps-secure.phoenix.gov/PDD/Search/PermitDetails?permitNum=FPPD-260149,FPPD-260149,9520 W PALM LN,PHOENIX,1/27/2026 8:44:37 PM,Commercial,0.00,METRO FIRE EQUIPMENT,,,Trash,negative=fire
CPGD,2600454,CPGD-2600454,https://apps-secure.phoenix.gov/PDD/Search/PermitDetails?permitNum=CPGD-2600454,CPGD-2600454,6431 E CORRINE DR,PHOENIX,1/27/2026 7:17:49 PM,Residential,0.00,TO BE BID,,,Trash,no_hvac_signal
F134,26001272,F134-26001272,https://apps-secure.phoenix.gov/PDD/Search/PermitDetails?permitNum=F134-26001272,F134-26001272,2725 W PEORIA AVE,PHOENIX,1/27/2026 5:33:58 PM,Commercial,0.00,ALLIED FIRE PROTECTION,FPPD-252537,,Trash,negative=fire
DSAP,26017,DSAP-26017,https://apps-secure.phoenix.gov/PDD/Search/PermitDetails?permitNum=DSAP-26017,DSAP-26017,1248 E BROADWAY RD,PHOENIX,1/27/2026 5:00:11 PM,Commercial,0.00,STOP FIRE,,,Trash,negative=fire
LPRM,2600453,LPRM-2600453,https://apps-secure.phoenix.gov/PDD/Search/PermitDetails?permitNum=LPRM-2600453,LPRM-2600453,23000 N 7TH AVE,PHOENIX,1/27/2026 4:42:43 PM,Commercial,3443913.79,TO BE BID,,,Trash,no_hvac_signal
CPST,2600451,CPST-2600451,https://apps-secure.phoenix.gov/PDD/Search/PermitDetails?permitNum=CPST-2600451,CPST-2600451,,PHOENIX,1/27/2026 4:08:02 PM,Residential,0.00,TO BE BID,,,Trash,no_hvac_signal
FPPR,260056,FPPR-260056,https://apps-secure.phoenix.gov/PDD/Search/PermitDetails?permitNum=FPPR-260056,FPPR-260056,19400 N 56TH ST,PHOENIX,1/27/2026 4:07:49 PM,Commercial,0.00,D P ELECTRIC INC,SPAD-2500375,,Trash,no_hvac_signal
FPPD,260148,FPPD-260148,https://apps-secure.phoenix.gov/PDD/Search/PermitDetails?permitNum=FPPD-260148,FPPD-260148,2101 W ALICE AVE,PHOENIX,1/27/2026 4:02:14 PM,Commercial,0.00,PHOENIX FENCE CO,SPAD-0118767,,Trash,negative=fence
WSDC,26001267,WSDC-26001267,https://apps-secure.phoenix.gov/PDD/Search/PermitDetails?permitNum=WSDC-26001267,WSDC-26001267,,PHOENIX,1/27/2026 4:00:55 PM,Residential,0.00,OWNER,CCPH-2400288,,Trash,no_hvac_signal
SGNP,214995,SGNP-214995,https://apps-secure.phoenix.gov/PDD/Search/PermitDetails?permitNum=SGNP-214995,SGNP-214995,4235 W BELL RD,PHOENIX,1/27/2026 3:58:33 PM,Commercial,4000.00,GRACE SIGNS ARIZONA LLC,LPSG-260018,,Trash,no_hvac_signal
CPPA,2600449,CPPA-2600449,https://apps-secure.phoenix.gov/PDD/Search/PermitDetails?permitNum=CPPA-2600449,CPPA-2600449,1204 E ROESER RD,PHOENIX,1/27/2026 3:55:07 PM,Commercial,0.00,TO BE BID,,,Trash,no_hvac_signal
SGNP,214991,SGNP-214991,https://apps-secure.phoenix.gov/PDD/Search/PermitDetails?permitNum=SGNP-214991,SGNP-214991,4312 W CACTUS RD,PHOENIX,1/27/2026 3:50:18 PM,Commercial,4500.00,GRACE SIGNS ARIZONA LLC,LPSG-260047,,Trash,no_hvac_signal
CPFL,2600448,CPFL-2600448,https://apps-secure.phoenix.gov/PDD/Search/PermitDetails?permitNum=CPFL-2600448,CPFL-2600448,8275 W LOWER BUCKEYE RD,PHOENIX,1/27/2026 3:48:54 PM,Residential,0.00,TO BE BID,,,Trash,no_hvac_signal
WSDC,26001266,WSDC-26001266,https://apps-secure.phoenix.gov/PDD/Search/PermitDetails?permitNum=WSDC-26001266,WSDC-26001266,21222 N CAVE CREEK RD,PHOENIX,1/27/2026 3:46:43 PM,Residential,0.00,D&R CONSTRUCTION,CCPH-2300229,,Trash,no_hvac_signal
F105,26001265,F105-26001265,https://apps-secure.phoenix.gov/PDD/Search/PermitDetails?permitNum=F105-26001265,F105-26001265,7810 S 42ND PL,PHOENIX,1/27/2026 3:33:00 PM,Commercial,0.00,VALLEY FIRE SPRINKLER INC,FPPX-260111,,Trash,negative=fire|sprinkler
FPPD,260147,FPPD-260147,https://apps-secure.phoenix.gov/PDD/Search/PermitDetails?permitNum=FPPD-260147,FPPD-260147,1550 N 47TH AVE,PHOENIX,1/27/2026 3:31:08 PM,Residential,0.00,TO BE BID,,,Trash,no_hvac_signal
ELEC,26001264,ELEC-26001264,https://apps-secure.phoenix.gov/PDD/Search/PermitDetails?permitNum=ELEC-26001264,ELEC-26001264,19825 N 51ST AVE,PHOENIX,1/27/2026 3:27:12 PM,Commercial,25000.00,D M C ELECTRIC INC,LPRM-2505203,,Trash,no_hvac_signal
LPRM,2600446,LPRM-2600446,https://apps-secure.phoenix.gov/PDD/Search/PermitDetails?permitNum=LPRM-2600446,LPRM-2600446,7080 N 19TH AVE,PHOENIX,1/27/2026 3:22:12 PM,Commercial,5000.00,ROSENDIN ELECTRIC,,,Trash,no_hvac_signal
F800,2600330,F800-2600330,https://apps-secure.phoenix.gov/PDD/Search/PermitDetails?permitNum=F800-2600330,F800-2600330,4138 W HARTFORD AVE,PHOENIX,1/27/2026 3:04:35 PM,Commercial,0.00,SUNSOLAR SOLUTIONS INC,SPAD-1801122,,Trash,no_hvac_signal
RPV,26001262,RPV-26001262,https://apps-secure.phoenix.gov/PDD/Search/PermitDetails?permitNum=RPV-26001262,RPV-26001262,10119 W RAYMOND ST,PHOENIX,1/27/2026 3:03:38 PM,Commercial,38230.00,EMPOWER ELECTRIC INC,SPAD-0703049,,Trash,no_hvac_signal
RPV,26001261,RPV-26001261,https://apps-secure.phoenix.gov/PDD/Search/PermitDetails?permitNum=RPV-26001261,RPV-26001261,4138 W HARTFORD AVE,PHOENIX,1/27/2026 3:01:36 PM,Commercial,42630.00,SUNSOLAR SOLUTIONS INC,SPAD-1801122,,Trash,no_hvac_signal
F481,26001260,F481-26001260,https://apps-secure.phoenix.gov/PDD/Search/PermitDetails?permitNum=F481-26001260,F481-26001260,1855 E JONES AVE,PHOENIX,1/27/2026 3:00:45 PM,Commercial,0.00,SUNSTATE BUILDERS,FPPD-260007,,Trash,no_hvac_signal
CRSC,2600445,CRSC-2600445,https://apps-secure.phoenix.gov/PDD/Search/PermitDetails?permitNum=CRSC-2600445,CRSC-2600445,3627 E HAZELWOOD ST,PHOENIX,1/27/2026 2:58:10 PM,Residential,0.00,TO BE BID,,,Trash,no_hvac_signal
DSAP,26016,DSAP-26016,https://apps-secure.phoenix.gov/PDD/Search/PermitDetails?permitNum=DSAP-26016,DSAP-26016,7667 N 16TH ST,PHOENIX,1/27/2026 2:55:25 PM,Commercial,0.00,TO BE BID,,,Trash,no_hvac_signal
ELEC,26001259,ELEC-26001259,https://apps-secure.phoenix.gov/PDD/Search/PermitDetails?permitNum=ELEC-26001259,ELEC-26001259,1707 W BELL RD,PHOENIX,1/27/2026 2:47:34 PM,Commercial,60000.00,CORESTATES CONSTRUCTION SERVICES INC,LPRM-2506399,,Trash,no_hvac_signal
LPRM,2600444,LPRM-2600444,https://apps-secure.phoenix.gov/PDD/Search/PermitDetails?permitNum=LPRM-2600444,LPRM-2600444,9830 W LOWER BUCKEYE RD,PHOENIX,1/27/2026 2:47:31 PM,Commercial,115000.00,CMS/NEXTECH LLC,,,Trash,no_hvac_signal
SGNP,214988,SGNP-214988,https://apps-secure.phoenix.gov/PDD/Search/PermitDetails?permitNum=SGNP-214988,SGNP-214988,10810 N TATUM BLVD,PHOENIX,1/27/2026 2:42:36 PM,Commercial,5500.00,D'S SIGNS & LIGHTING LLC,LPSG-260086,,Trash,negative=lighting
CPGD,2600443,CPGD-2600443,https://apps-secure.phoenix.gov/PDD/Search/PermitDetails?permitNum=CPGD-2600443,CPGD-2600443,922 N 2ND ST,PHOENIX,1/27/2026 2:16:39 PM,Commercial,1.00,TO BE BID,,,Trash,no_hvac_signal
CPGD,2600442,CPGD-2600442,https://apps-secure.phoenix.gov/PDD/Search/PermitDetails?permitNum=CPGD-2600442,CPGD-2600442,5050 E THOMAS RD,PHOENIX,1/27/2026 2:15:48 PM,Commercial,0.00,TO BE BID,,,Trash,no_hvac_signal
OP,26001255,OP-26001255,https://apps-secure.phoenix.gov/PDD/Search/PermitDetails?permitNum=OP-26001255,OP-26001255,5128 N 15TH ST,PHOENIX,1/27/2026 2:14:24 PM,Commercial,10000.00,C&A PLUMBING & DRAIN LLC,SPAD-1504436,,Trash,negative=plumb(?:ing)?
CPSW,2600441,CPSW-2600441,https://apps-secure.phoenix.gov/PDD/Search/PermitDetails?permitNum=CPSW-2600441,CPSW-2600441,20711 N 54TH ST,PHOENIX,1/27/2026 2:07:39 PM,Commercial,0.00,TO BE BID,,,Trash,no_hvac_signal
RVSN,2502651-02,RVSN-2502651-02,https://apps-secure.phoenix.gov/PDD/Search/PermitDetails?permitNum=RVSN-2502651-02,RVSN-2502651-02,3550 W CAMELBACK RD,PHOENIX,1/27/2026 2:00:32 PM,Commercial,0.00,DESERTBUILD COMPANIES LLC,,,Trash,no_hvac_signal
F102,2600328,F102-2600328,https://apps-secure.phoenix.gov/PDD/Search/PermitDetails?permitNum=F102-2600328,F102-2600328,835 N 47TH AVE,PHOENIX,1/27/2026 1:41:52 PM,Commercial,0.00,WAREHOUSE INVESTMENT GROUP LLC,FPPD-252654,,Trash,no_hvac_signal
CCO,26001254,CCO-26001254,https://apps-secure.phoenix.gov/PDD/Search/PermitDetails?permitNum=CCO-26001254,CCO-26001254,1700 W WASHINGTON ST,PHOENIX,1/27/2026 1:39:53 PM,Commercial,0.00,PRIMAVERA GRADING & PAVING LLC,SPAD-2104247,,Trash,no_hvac_signal
F809,26001253,F809-26001253,https://apps-secure.phoenix.gov/PDD/Search/PermitDetails?permitNum=F809-26001253,F809-26001253,23040 N 11TH AVE,PHOENIX,1/27/2026 1:39:13 PM,Commercial,0.00,NOLIN FIRE SPRINKLERS INC,,,Trash,negative=fire
F800,2600327,F800-2600327,https://apps-secure.phoenix.gov/PDD/Search/PermitDetails?permitNum=F800-2600327,F800-2600327,4223 E MOLLY LN,PHOENIX,1/27/2026 1:35:27 PM,Commercial,0.00,CAPITAL ENERGY LLC,SPAD-2600086,,Trash,no_hvac_signal
F802,26001252,F802-26001252,https://apps-secure.phoenix.gov/PDD/Search/PermitDetails?permitNum=F802-26001252,F802-26001252,2470 S 22ND AVE,PHOENIX,1/27/2026 1:28:32 PM,Commercial,0.00,HILLER COMPANIES INC (THE),PME-22034521,,Trash,no_hvac_signal
F802,26001252,F802-26001252,https://apps-secure.phoenix.gov/PDD/Search/PermitDetails?permitNum=F802-26001252,F802-26001252,2470 S 22ND AVE,PHOENIX,1/27/2026 1:28:32 PM,Commercial,0.00,HILLER COMPANIES INC (THE),PME-22034521,,Trash,no_hvac_signal
F802,26001252,F802-26001252,https://apps-secure.phoenix.gov/PDD/Search/PermitDetails?permitNum=F802-26001252,F802-26001252,2470 S 22ND AVE,PHOENIX,1/27/2026 1:28:32 PM,Commercial,0.00,HILLER COMPANIES INC (THE),PME-22034521,,Trash,no_hvac_signal
CRSC,2600439,CRSC-2600439,https://apps-secure.phoenix.gov/PDD/Search/PermitDetails?permitNum=CRSC-2600439,CRSC-2600439,6654 E ASTER DR,PHOENIX,1/27/2026 1:24:41 PM,Residential,0.00,TO BE BID,,,Trash,no_hvac_signal
PAPP,2600438,PAPP-2600438,https://apps-secure.phoenix.gov/PDD/Search/PermitDetails?permitNum=PAPP-2600438,PAPP-2600438,1521 W CAMELBACK RD,PHOENIX,1/27/2026 1:22:24 PM,Commercial,0.00,TO BE BID,,,Trash,no_hvac_signal
FACT,2600437,FACT-2600437,https://apps-secure.phoenix.gov/PDD/Search/PermitDetails?permitNum=FACT-2600437,FACT-2600437,1803 N 40TH ST,PHOENIX,1/27/2026 1:19:44 PM,Commercial,0.00,OWNER,SDEV-0800846,,Trash,no_hvac_signal
LPRM,2600436,LPRM-2600436,https://apps-secure.phoenix.gov/PDD/Search/PermitDetails?permitNum=LPRM-2600436,LPRM-2600436,475 N CENTRAL AVE,PHOENIX,1/27/2026 1:10:50 PM,Commercial,100000.00,EAST MESA ELECTRIC LLC,,,Trash,no_hvac_signal
LPRM,2600435,LPRM-2600435,https://apps-secure.phoenix.gov/PDD/Search/PermitDetails?permitNum=LPRM-2600435,LPRM-2600435,8900 N CENTRAL AVE,PHOENIX,1/27/2026 1:07:04 PM,Commercial,35500.00,TO BE BID,,,Trash,no_hvac_signal
F112,26001250,F112-26001250,https://apps-secure.phoenix.gov/PDD/Search/PermitDetails?permitNum=F112-26001250,F112-26001250,8100 W ROOSEVELT ST,PHOENIX,1/27/2026 12:57:34 PM,Commercial,0.00,REDPOINT CONTRACTING,WSPR-2200045,,Trash,no_hvac_signal
FPPD,260146,FPPD-260146,https://apps-secure.phoenix.gov/PDD/Search/PermitDetails?permitNum=FPPD-260146,FPPD-260146,4050 E COTTON CENTER BLVD,PHOENIX,1/27/2026 12:56:30 PM,Commercial,0.00,TO BE BID,,,Trash,no_hvac_signal
F159,26001248,F159-26001248,https://apps-secure.phoenix.gov/PDD/Search/PermitDetails?permitNum=F159-26001248,F159-26001248,5514 E PERSHING AVE,PHOENIX,1/27/2026 12:52:45 PM,Commercial,0.00,FIRE SPRINKLER INSTALLERS LLC,FPPD-260002,,Trash,negative=fire|sprinkler
F159,26001249,F159-26001249,https://apps-secure.phoenix.gov/PDD/Search/PermitDetails?permitNum=F159-26001249,F159-26001249,5514 E PERSHING AVE,PHOENIX,1/27/2026 12:52:45 PM,Commercial,0.00,FIRE SPRINKLER INSTALLERS LLC,FPPD-260002,,Trash,negative=fire|sprinkler
F122,26001245,F122-26001245,https://apps-secure.phoenix.gov/PDD/Search/PermitDetails?permitNum=F122-26001245,F122-26001245,20345 N 56TH ST,PHOENIX,1/27/2026 12:47:52 PM,Commercial,0.00,NEXT PROTECTION LLC,FPPD-252286,,Trash,no_hvac_signal
F129,26001246,F129-26001246,https://apps-secure.phoenix.gov/PDD/Search/PermitDetails?permitNum=F129-26001246,F129-26001246,20345 N 56TH ST,PHOENIX,1/27/2026 12:47:52 PM,Commercial,0.00,NEXT PROTECTION LLC,FPPD-252286,,Trash,no_hvac_signal
F129,26001247,F129-26001247,https://apps-secure.phoenix.gov/PDD/Search/PermitDetails?permitNum=F129-26001247,F129-26001247,20345 N 56TH ST,PHOENIX,1/27/2026 12:47:52 PM,Commercial,0.00,NEXT PROTECTION LLC,FPPD-252286,,Trash,no_hvac_signal
F809,26001244,F809-26001244,https://apps-secure.phoenix.gov/PDD/Search/PermitDetails?permitNum=F809-26001244,F809-26001244,2800 N CENTRAL AVE,PHOENIX,1/27/2026 12:42:11 PM,Commercial,0.00,RCI SYSTEMS INC,,,Trash,no_hvac_signal
F134,26001243,F134-26001243,https://apps-secure.phoenix.gov/PDD/Search/PermitDetails?permitNum=F134-26001243,F134-26001243,10625 N TATUM BLVD,PHOENIX,1/27/2026 12:38:19 PM,Commercial,0.00,ARIZONA PROTECTION SYSTEMS LLC,FPPD-260005,,Trash,no_hvac_signal
WSSD,26001242,WSSD-26001242,https://apps-secure.phoenix.gov/PDD/Search/PermitDetails?permitNum=WSSD-26001242,WSSD-26001242,4510 N 24TH ST,PHOENIX,1/27/2026 12:32:09 PM,Commercial,0.00,APACHE PIPELINES INC,CCPH-2400227,,Trash,no_hvac_signal
F129,26001241,F129-26001241,https://apps-secure.phoenix.gov/PDD/Search/PermitDetails?permitNum=F129-26001241,F129-26001241,4727 E CACTUS RD,PHOENIX,1/27/2026 12:30:05 PM,Commercial,0.00,SYSTEM DESIGN SOLUTIONS INC,FPPD-250527,,Trash,no_hvac_signal
F800,2600325,F800-2600325,https://apps-secure.phoenix.gov/PDD/Search/PermitDetails?permitNum=F800-2600325,F800-2600325,12839 N 8TH AVE,PHOENIX,1/27/2026 12:26:15 PM,Residential,0.00,TESLA,SPAD-0903326,,Trash,no_hvac_signal
F193,2600324,F193-2600324,https://apps-secure.phoenix.gov/PDD/Search/PermitDetails?permitNum=F193-2600324,F193-2600324,5409 W PLEASANT LN,PHOENIX,1/27/2026 12:25:09 PM,Commercial,0.00,BRIGHT HOME INSTALLATIONS LLC,SPAD-0503818,,Trash,no_hvac_signal
LPBI,2600433,LPBI-2600433,https://apps-secure.phoenix.gov/PDD/Search/PermitDetails?permitNum=LPBI-2600433,LPBI-2600433,1314 W CAMELBACK RD,PHOENIX,1/27/2026 12:24:43 PM,Commercial,48000.00,TO BE BID,SPAD-0501956,,Trash,no_hvac_signal
SPE,26001240,SPE-26001240,https://apps-secure.phoenix.gov/PDD/Search/PermitDetails?permitNum=SPE-26001240,SPE-26001240,6202 N 24TH ST,PHOENIX,1/27/2026 12:11:18 PM,Commercial,110000.00,GARNEY CONSTRUCTION,LPRM-2506457,,Trash,no_hvac_signal
SPE,26001240,SPE-26001240,https://apps-secure.phoenix.gov/PDD/Search/PermitDetails?permitNum=SPE-26001240,SPE-26001240,6202 N 24TH ST,PHOENIX,1/27/2026 12:11:18 PM,Commercial,110000.00,GARNEY CONSTRUCTION,LPRM-2506457,,Trash,no_hvac_signal
F800,2600323,F800-2600323,https://apps-secure.phoenix.gov/PDD/Search/PermitDetails?permitNum=F800-2600323,F800-2600323,6720 N 32ND DR,PHOENIX,1/27/2026 12:06:27 PM,Commercial,0.00,ONEWORLDENERGY LLC,SPAD-2103679,,Trash,no_hvac_signal
F177,2600322,F177-2600322,https://apps-secure.phoenix.gov/PDD/Search/PermitDetails?permitNum=F177-2600322,F177-2600322,5720 W JEFFERSON ST,PHOENIX,1/27/2026 12:04:07 PM,Commercial,0.00,FERRELL GAS,FPPX-260038,,Trash,no_hvac_signal
F105,26001239,F105-26001239,https://apps-secure.phoenix.gov/PDD/Search/PermitDetails?permitNum=F105-26001239,F105-26001239,24675 N 23RD AVE,PHOENIX,1/27/2026 12:03:25 PM,Commercial,0.00,MAXIMUM FIRE PROTECTION L L C,FPPD-252712,,Trash,negative=fire
PAPP,2600432,PAPP-2600432,https://apps-secure.phoenix.gov/PDD/Search/PermitDetails?permitNum=PAPP-2600432,PAPP-2600432,441 N 26TH AVE,PHOENIX,1/27/2026 11:52:50 AM,Commercial,0.00,TO BE BID,,,Trash,no_hvac_signal
FPPD,260145,FPPD-260145,https://apps-secure.phoenix.gov/PDD/Search/PermitDetails?permitNum=FPPD-260145,FPPD-260145,8825 S 7TH ST,PHOENIX,1/27/2026 11:46:28 AM,Commercial,0.00,INTELLIGRATED COMMUNICATIONS INC,,,Trash,no_hvac_signal
WSFT,26001238,WSFT-26001238,https://apps-secure.phoenix.gov/PDD/Search/PermitDetails?permitNum=WSFT-26001238,WSFT-26001238,2941 W FOOTHILL DR,PHOENIX,1/27/2026 11:45:58 AM,Residential,0.00,OWNER,CCPH-2400072,,Trash,no_hvac_signal
DEM,26001237,DEM-26001237,https://apps-secure.phoenix.gov/PDD/Search/PermitDetails?permitNum=DEM-26001237,DEM-26001237,818 E WASHINGTON ST,PHOENIX,1/27/2026 11:44:40 AM,Commercial,13335.14,TACHENY EXTERIORS LLC,SPAD-2504179,,Trash,no_hvac_signal
LPSG,260093,LPSG-260093,https://apps-secure.phoenix.gov/PDD/Search/PermitDetails?permitNum=LPSG-260093,LPSG-260093,4740 W BASELINE RD,PHOENIX,1/27/2026 11:38:41 AM,Commercial,2000.00,ALB INDUSTRIES CORPORATION,,,Trash,no_hvac_signal
FPPR,260055,FPPR-260055,https://apps-secure.phoenix.gov/PDD/Search/PermitDetails?permitNum=FPPR-260055,FPPR-260055,32200 N 43RD AVE,PHOENIX,1/27/2026 11:36:36 AM,Residential,0.00,TO BE BID,SPAD-2206555,,Trash,no_hvac_signal
FPPR,260055,FPPR-260055,https://apps-secure.phoenix.gov/PDD/Search/PermitDetails?permitNum=FPPR-260055,FPPR-260055,32200 N 43RD AVE,PHOENIX,1/27/2026 11:36:36 AM,Residential,0.00,TO BE BID,SPAD-2206555,,Trash,no_hvac_signal
FPPR,260054,FPPR-260054,https://apps-secure.phoenix.gov/PDD/Search/PermitDetails?permitNum=FPPR-260054,FPPR-260054,3127 E REDWOOD CT,PHOENIX,1/27/2026 11:36:00 AM,Commercial,0.00,INTY SOLAR LLC,SPAD-2600096,,Trash,negative=solar(?: pv)?
F209,2600320,F209-2600320,https://apps-secure.phoenix.gov/PDD/Search/PermitDetails?permitNum=F209-2600320,F209-2600320,1730 E CARTER RD,PHOENIX,1/27/2026 11:32:39 AM,Commercial,0.00,CAPITAL ENERGY LLC,FPPR-251203,,Trash,no_hvac_signal
WSHM,26001236,WSHM-26001236,https://apps-secure.phoenix.gov/PDD/Search/PermitDetails?permitNum=WSHM-26001236,WSHM-26001236,3939 N 99TH AVE,PHOENIX,1/27/2026 11:32:33 AM,Commercial,0.00,D G FENN INC,CCPH-2500056,,Trash,no_hvac_signal
F102,2600319,F102-2600319,https://apps-secure.phoenix.gov/PDD/Search/PermitDetails?permitNum=F102-2600319,F102-2600319,1950 S 91ST AVE,PHOENIX,1/27/2026 11:26:26 AM,Commercial,0.00,KEARNCO INC,FPPR-250945,,Trash,no_hvac_signal
F102,2600319,F102-2600319,https://apps-secure.phoenix.gov/PDD/Search/PermitDetails?permitNum=F102-2600319,F102-2600319,1950 S 91ST AVE,PHOENIX,1/27/2026 11:26:26 AM,Commercial,0.00,KEARNCO INC,FPPR-250945,,Trash,no_hvac_signal
LPRM,2600431,LPRM-2600431,https://apps-secure.phoenix.gov/PDD/Search/PermitDetails?permitNum=LPRM-2600431,LPRM-2600431,2106 E COPPER SPRINGS RD,PHOENIX,1/27/2026 11:26:07 AM,Commercial,5000.00,GOTHIC LANDSCAPING INC,,,Trash,no_hvac_signal
CUT,26001235,CUT-26001235,https://apps-secure.phoenix.gov/PDD/Search/PermitDetails?permitNum=CUT-26001235,CUT-26001235,4165 E ST JOSEPH WAY,PHOENIX,1/27/2026 11:17:44 AM,Commercial,0.00,GECKO ENTERPRISES LLC,SPAD-2501565,,Trash,no_hvac_signal
F194,2600317,F194-2600317,https://apps-secure.phoenix.gov/PDD/Search/PermitDetails?permitNum=F194-2600317,F194-2600317,1550 E WASHINGTON ST,PHOENIX,1/27/2026 11:00:38 AM,Commercial,0.00,SUN RENU SOLAR LLC,FPPR-251296,,Trash,negative=solar(?: pv)?
LPSG,260092,LPSG-260092,https://apps-secure.phoenix.gov/PDD/Search/PermitDetails?permitNum=LPSG-260092,LPSG-260092,20700 N 56TH ST,PHOENIX,1/27/2026 10:55:44 AM,Commercial,9000.00,D'S SIGNS & LIGHTING LLC,,,Trash,negative=lighting
S,26001234,S-26001234,https://apps-secure.phoenix.gov/PDD/Search/PermitDetails?permitNum=S-26001234,S-26001234,5000 N CAMELBACK RIDGE DR,PHOENIX,1/27/2026 10:41:39 AM,Commercial,100000.00,LAYTON CONSTRUCTION COMPANY LLC,LPRR-2506931,,Trash,no_hvac_signal
F122,26001233,F122-26001233,https://apps-secure.phoenix.gov/PDD/Search/PermitDetails?permitNum=F122-26001233,F122-26001233,5750 W BASELINE RD,PHOENIX,1/27/2026 10:41:33 AM,Commercial,0.00,FIRETROL PROTECTION SYSTEMS INC,FPPD-252693,,Trash,no_hvac_signal
CFB,26001232,CFB-26001232,https://apps-secure.phoenix.gov/PDD/Search/PermitDetails?permitNum=CFB-26001232,CFB-26001232,2350 S 91ST AVE,PHOENIX,1/27/2026 10:37:04 AM,Residential,0.00,3 D CONTRACTING L L C,CPFL-2504145,,Trash,no_hvac_signal
CRSC,2600429,CRSC-2600429,https://apps-secure.phoenix.gov/PDD/Search/PermitDetails?permitNum=CRSC-2600429,CRSC-2600429,3501 N 34TH PL,PHOENIX,1/27/2026 10:29:59 AM,Commercial,0.00,MN CUSTOM HOMES AZ LLC,,,Trash,no_hvac_signal
RPV,26001230,RPV-26001230,https://apps-secure.phoenix.gov/PDD/Search/PermitDetails?permitNum=RPV-26001230,RPV-26001230,1906 E CORONADO RD,PHOENIX,1/27/2026 10:28:53 AM,Commercial,32805.00,POSITIVE SYNERGY LLC,SPAD-1008979,,Trash,no_hvac_signal
CGD,26001229,CGD-26001229,https://apps-secure.phoenix.gov/PDD/Search/PermitDetails?permitNum=CGD-26001229,CGD-26001229,2740 E UNION HILLS DR,PHOENIX,1/27/2026 10:28:36 AM,Commercial,0.00,VALLEYWIDE DIG AND HAUL LLC,CPGD-2505561,,Trash,no_hvac_signal
F112,26001227,F112-26001227,https://apps-secure.phoenix.gov/PDD/Search/PermitDetails?permitNum=F112-26001227,F112-26001227,2350 S 91ST AVE,PHOENIX,1/27/2026 10:27:45 AM,Residential,0.00,3 D CONTRACTING L L C,CPFL-2504145,,Trash,no_hvac_signal
F112,26001227,F112-26001227,https://apps-secure.phoenix.gov/PDD/Search/PermitDetails?permitNum=F112-26001227,F112-26001227,2350 S 91ST AVE,PHOENIX,1/27/2026 10:27:45 AM,Residential,0.00,3 D CONTRACTING L L C,CPFL-2504145,,Trash,no_hvac_signal
ELEC,26001225,ELEC-26001225,https://apps-secure.phoenix.gov/PDD/Search/PermitDetails?permitNum=ELEC-26001225,ELEC-26001225,9910 W CAMELBACK RD,PHOENIX,1/27/2026 10:27:20 AM,Commercial,30000.00,CORESTATES CONSTRUCTION SERVICES INC,LPRM-2505481,,Trash,no_hvac_signal
ELEC,26001226,ELEC-26001226,https://apps-secure.phoenix.gov/PDD/Search/PermitDetails?permitNum=ELEC-26001226,ELEC-26001226,9910 W CAMELBACK RD,PHOENIX,1/27/2026 10:27:20 AM,Commercial,30000.00,CORESTATES CONSTRUCTION SERVICES INC,LPRM-2505481,,Trash,no_hvac_signal
RPV,26001224,RPV-26001224,https://apps-secure.phoenix.gov/PDD/Search/PermitDetails?permitNum=RPV-26001224,RPV-26001224,4710 W CULPEPPER DR,PHOENIX,1/27/2026 10:25:20 AM,Commercial,73920.00,SOLAR OPTIMUM INC.,SPAD-0706854,,Trash,negative=solar(?: pv)?
CSE,26001223,CSE-26001223,https://apps-secure.phoenix.gov/PDD/Search/PermitDetails?permitNum=CSE-26001223,CSE-26001223,2350 S 91ST AVE,PHOENIX,1/27/2026 10:19:39 AM,Residential,0.00,3 D CONTRACTING L L C,CPSE-2503478,,Trash,no_hvac_signal
F209,2600316,F209-2600316,https://apps-secure.phoenix.gov/PDD/Search/PermitDetails?permitNum=F209-2600316,F209-2600316,1725 E WINCHCOMB DR,PHOENIX,1/27/2026 10:17:22 AM,Commercial,0.00,STATIC SUN ELECTRIC AND SOLAR LLC,FPPR-260031,,Trash,negative=solar(?: pv)?
CPR,26001222,CPR-26001222,https://apps-secure.phoenix.gov/PDD/Search/PermitDetails?permitNum=CPR-26001222,CPR-26001222,2350 S 91ST AVE,PHOENIX,1/27/2026 10:17:08 AM,Residential,0.00,3 D CONTRACTING L L C,CPFL-2504145,,Trash,no_hvac_signal
F875,26001218,F875-26001218,https://apps-secure.phoenix.gov/PDD/Search/PermitDetails?permitNum=F875-26001218,F875-26001218,602 S 63RD AVE,PHOENIX,1/27/2026 10:10:28 AM,Commercial,0.00,METRO FIRE EQ,,,Trash,negative=fire
FPPD,260144,FPPD-260144,https://apps-secure.phoenix.gov/PDD/Search/PermitDetails?permitNum=FPPD-260144,FPPD-260144,1775 W ALAMEDA RD,PHOENIX,1/27/2026 10:04:57 AM,Commercial,0.00,RCI SYSTEMS INC,,,Trash,no_hvac_signal
CPR,26001217,CPR-26001217,https://apps-secure.phoenix.gov/PDD/Search/PermitDetails?permitNum=CPR-26001217,CPR-26001217,2350 S 91ST AVE,PHOENIX,1/27/2026 10:02:08 AM,Residential,0.00,3 D CONTRACTING L L C,CPSE-2503478,,Trash,no_hvac_signal
TCO,26001208,TCO-26001208,https://apps-secure.phoenix.gov/PDD/Search/PermitDetails?permitNum=TCO-26001208,TCO-26001208,6000 E CAMELBACK RD,PHOENIX,1/27/2026 9:54:02 AM,Commercial,1737500.00,KITCHELL CONTRACTORS INC OF ARIZONA,BLD-23016927,,Trash,no_hvac_signal
TCO,26001208,TCO-26001208,https://apps-secure.phoenix.gov/PDD/Search/PermitDetails?permitNum=TCO-26001208,TCO-26001208,6000 E CAMELBACK RD,PHOENIX,1/27/2026 9:54:02 AM,Commercial,1737500.00,KITCHELL CONTRACTORS INC OF ARIZONA,BLD-23016927,,Trash,no_hvac_signal
TCO,26001209,TCO-26001209,https://apps-secure.phoenix.gov/PDD/Search/PermitDetails?permitNum=TCO-26001209,TCO-26001209,6000 E CAMELBACK RD,PHOENIX,1/27/2026 9:54:02 AM,Commercial,1737500.00,KITCHELL CONTRACTORS INC OF ARIZONA,BLD-23016928,,Trash,no_hvac_signal
TCO,26001209,TCO-26001209,https://apps-secure.phoenix.gov/PDD/Search/PermitDetails?permitNum=TCO-26001209,TCO-26001209,6000 E CAMELBACK RD,PHOENIX,1/27/2026 9:54:02 AM,Commercial,1737500.00,KITCHELL CONTRACTORS INC OF ARIZONA,BLD-23016928,,Trash,no_hvac_signal
TCO,26001210,TCO-26001210,https://apps-secure.phoenix.gov/PDD/Search/PermitDetails?permitNum=TCO-26001210,TCO-26001210,6000 E CAMELBACK RD,PHOENIX,1/27/2026 9:54:02 AM,Commercial,1737500.00,KITCHELL CONTRACTORS INC OF ARIZONA,BLD-23016929,,Trash,no_hvac_signal
TCO,26001210,TCO-26001210,https://apps-secure.phoenix.gov/PDD/Search/PermitDetails?permitNum=TCO-26001210,TCO-26001210,6000 E CAMELBACK RD,PHOENIX,1/27/2026 9:54:02 AM,Commercial,1737500.00,KITCHELL CONTRACTORS INC OF ARIZONA,BLD-23016929,,Trash,no_hvac_signal
TCO,26001211,TCO-26001211,https://apps-secure.phoenix.gov/PDD/Search/PermitDetails?permitNum=TCO-26001211,TCO-26001211,6000 E CAMELBACK RD,PHOENIX,1/27/2026 9:54:02 AM,Commercial,1737500.00,KITCHELL CONTRACTORS INC OF ARIZONA,BLD-23016930,,Trash,no_hvac_signal
TCO,26001211,TCO-26001211,https://apps-secure.phoenix.gov/PDD/Search/PermitDetails?permitNum=TCO-26001211,TCO-26001211,6000 E CAMELBACK RD,PHOENIX,1/27/2026 9:54:02 AM,Commercial,1737500.00,KITCHELL CONTRACTORS INC OF ARIZONA,BLD-23016930,,Trash,no_hvac_signal
TCO,26001212,TCO-26001212,https://apps-secure.phoenix.gov/PDD/Search/PermitDetails?permitNum=TCO-26001212,TCO-26001212,6000 E CAMELBACK RD,PHOENIX,1/27/2026 9:54:02 AM,Commercial,1737500.00,KITCHELL CONTRACTORS INC OF ARIZONA,BLD-23016931,,Trash,no_hvac_signal
TCO,26001212,TCO-26001212,https://apps-secure.phoenix.gov/PDD/Search/PermitDetails?permitNum=TCO-26001212,TCO-26001212,6000 E CAMELBACK RD,PHOENIX,1/27/2026 9:54:02 AM,Commercial,1737500.00,KITCHELL CONTRACTORS INC OF ARIZONA,BLD-23016931,,Trash,no_hvac_signal
TCO,26001213,TCO-26001213,https://apps-secure.phoenix.gov/PDD/Search/PermitDetails?permitNum=TCO-26001213,TCO-26001213,6000 E CAMELBACK RD,PHOENIX,1/27/2026 9:54:02 AM,Commercial,1737500.00,KITCHELL CONTRACTORS INC OF ARIZONA,BLD-23016932,,Trash,no_hvac_signal
TCO,26001213,TCO-26001213,https://apps-secure.phoenix.gov/PDD/Search/PermitDetails?permitNum=TCO-26001213,TCO-26001213,6000 E CAMELBACK RD,PHOENIX,1/27/2026 9:54:02 AM,Commercial,1737500.00,KITCHELL CONTRACTORS INC OF ARIZONA,BLD-23016932,,Trash,no_hvac_signal
TCO,26001214,TCO-26001214,https://apps-secure.phoenix.gov/PDD/Search/PermitDetails?permitNum=TCO-26001214,TCO-26001214,6000 E CAMELBACK RD,PHOENIX,1/27/2026 9:54:02 AM,Commercial,1737500.00,KITCHELL CONTRACTORS INC OF ARIZONA,BLD-23016933,,Trash,no_hvac_signal
TCO,26001214,TCO-26001214,https://apps-secure.phoenix.gov/PDD/Search/PermitDetails?permitNum=TCO-26001214,TCO-26001214,6000 E CAMELBACK RD,PHOENIX,1/27/2026 9:54:02 AM,Commercial,1737500.00,KITCHELL CONTRACTORS INC OF ARIZONA,BLD-23016933,,Trash,no_hvac_signal
TCO,26001215,TCO-26001215,https://apps-secure.phoenix.gov/PDD/Search/PermitDetails?permitNum=TCO-26001215,TCO-26001215,6000 E CAMELBACK RD,PHOENIX,1/27/2026 9:54:02 AM,Commercial,1737500.00,KITCHELL CONTRACTORS INC OF ARIZONA,BLD-23016934,,Trash,no_hvac_signal
TCO,26001215,TCO-26001215,https://apps-secure.phoenix.gov/PDD/Search/PermitDetails?permitNum=TCO-26001215,TCO-26001215,6000 E CAMELBACK RD,PHOENIX,1/27/2026 9:54:02 AM,Commercial,1737500.00,KITCHELL CONTRACTORS INC OF ARIZONA,BLD-23016934,,Trash,no_hvac_signal
TCO,26001216,TCO-26001216,https://apps-secure.phoenix.gov/PDD/Search/PermitDetails?permitNum=TCO-26001216,TCO-26001216,6000 E CAMELBACK RD,PHOENIX,1/27/2026 9:54:02 AM,Commercial,100000.00,KITCHELL CONTRACTORS INC OF ARIZONA,BLD-23016935,,Trash,no_hvac_signal
TCO,26001216,TCO-26001216,https://apps-secure.phoenix.gov/PDD/Search/PermitDetails?permitNum=TCO-26001216,TCO-26001216,6000 E CAMELBACK RD,PHOENIX,1/27/2026 9:54:02 AM,Commercial,100000.00,KITCHELL CONTRACTORS INC OF ARIZONA,BLD-23016935,,Trash,no_hvac_signal
SE,26001206,SE-26001206,https://apps-secure.phoenix.gov/PDD/Search/PermitDetails?permitNum=SE-26001206,SE-26001206,31644 N 26TH DR,PHOENIX,1/27/2026 9:52:56 AM,Commercial,10000.00,GOTHIC LANDSCAPING INC,LPRM-2506299,,Trash,no_hvac_signal
SE,26001207,SE-26001207,https://apps-secure.phoenix.gov/PDD/Search/PermitDetails?permitNum=SE-26001207,SE-26001207,31410 N 26TH AVE,PHOENIX,1/27/2026 9:52:56 AM,Commercial,10000.00,GOTHIC LANDSCAPING INC,LPRM-2506299,,Trash,no_hvac_signal
FITM,2600313,FITM-2600313,https://apps-secure.phoenix.gov/PDD/Search/PermitDetails?permitNum=FITM-2600313,FITM-2600313,5670 S 32ND ST,PHOENIX,1/27/2026 9:52:44 AM,Residential,0.00,TO BE BID,SPAD-1507966,,Trash,no_hvac_signal
WSFT,26001205,WSFT-26001205,https://apps-secure.phoenix.gov/PDD/Search/PermitDetails?permitNum=WSFT-26001205,WSFT-26001205,1204 E ROESER RD,PHOENIX,1/27/2026 9:39:51 AM,Commercial,0.00,K-TECH HOME INSPECTIONS AND ENG LLC,CCPH-2600025,,Trash,no_hvac_signal
CLS,26001204,CLS-26001204,https://apps-secure.phoenix.gov/PDD/Search/PermitDetails?permitNum=CLS-26001204,CLS-26001204,2495 N 75TH AVE,PHOENIX,1/27/2026 9:29:39 AM,Commercial,0.00,DEL DUCA DEVELOPMENT LLC,LSPL-2500280,,Trash,no_hvac_signal
F809,26001203,F809-26001203,https://apps-secure.phoenix.gov/PDD/Search/PermitDetails?permitNum=F809-26001203,F809-26001203,802 N 1ST AVE,PHOENIX,1/27/2026 9:17:32 AM,Commercial,0.00,MAXIMUM FIRE PROTECTION L L C,,,Trash,negative=fire
OPBF,26001201,OPBF-26001201,https://apps-secure.phoenix.gov/PDD/Search/PermitDetails?permitNum=OPBF-26001201,OPBF-26001201,7717 N 27TH AVE,PHOENIX,1/27/2026 8:49:50 AM,Commercial,5000.00,R C I SYSTEMS INC,SPAD-2000150,,Trash,no_hvac_signal
S,26001200,S-26001200,https://apps-secure.phoenix.gov/PDD/Search/PermitDetails?permitNum=S-26001200,S-26001200,19815 N 7TH ST,PHOENIX,1/27/2026 8:47:18 AM,Commercial,60000.00,T BUILT LLC,LPRM-2505621,,Trash,no_hvac_signal
WSFT,26001199,WSFT-26001199,https://apps-secure.phoenix.gov/PDD/Search/PermitDetails?permitNum=WSFT-26001199,WSFT-26001199,402 W MONROE ST,PHOENIX,1/27/2026 8:44:31 AM,Commercial,0.00,EJ FLOW TEST LLC,SPAD-2402778,,Trash,no_hvac_signal
F800,2600310,F800-2600310,https://apps-secure.phoenix.gov/PDD/Search/PermitDetails?permitNum=F800-2600310,F800-2600310,4131 E GROVE ST,PHOENIX,1/27/2026 8:42:12 AM,Commercial,0.00,UNITED ENERGY PARTNERS LLC,SPAD-2502051,,Trash,no_hvac_signal
ELEC,26001198,ELEC-26001198,https://apps-secure.phoenix.gov/PDD/Search/PermitDetails?permitNum=ELEC-26001198,ELEC-26001198,1610 E HIGHLAND AVE,PHOENIX,1/27/2026 8:36:21 AM,Commercial,60000.00,T BUILT LLC,LPRM-2506943,,Trash,no_hvac_signal
DEM,26001197,DEM-26001197,https://apps-secure.phoenix.gov/PDD/Search/PermitDetails?permitNum=DEM-26001197,DEM-26001197,4515 E MIAMI ST,PHOENIX,1/27/2026 8:32:22 AM,Commercial,8000.00,DESERT BOOTH SERVICE LLC,SPAD-0400704,,Trash,no_hvac_signal
LPRR,2600428,LPRR-2600428,https://apps-secure.phoenix.gov/PDD/Search/PermitDetails?permitNum=LPRR-2600428,LPRR-2600428,4647 E FRANCISCO DR 101,PHOENIX,1/27/2026 8:23:27 AM,Commercial,436320.00,JAMES & JAMES CONSTRUCTION CORP,,,Trash,no_hvac_signal
FPPR,260053,FPPR-260053,https://apps-secure.phoenix.gov/PDD/Search/PermitDetails?permitNum=FPPR-260053,FPPR-260053,5718 E BECK LN,PHOENIX,1/27/2026 8:19:48 AM,Residential,0.00,CONSTRUCTION RESTORATION SERVICES,SPAD-2300102,,Trash,no_hvac_signal
F171,2600309,F171-2600309,https://apps-secure.phoenix.gov/PDD/Search/PermitDetails?permitNum=F171-2600309,F171-2600309,,PHOENIX,1/27/2026 8:15:59 AM,Commercial,0.00,PAVION CORP.,SPAD-2300297,,Trash,no_hvac_signal
F800,2600308,F800-2600308,https://apps-secure.phoenix.gov/PDD/Search/PermitDetails?permitNum=F800-2600308,F800-2600308,622 E ROYAL PALM SQ S,PHOENIX,1/27/2026 8:02:09 AM,Commercial,0.00,ONEWORLDENERGY LLC,SPAD-2504275,,Trash,no_hvac_signal
F800,2600307,F800-2600307,https://apps-secure.phoenix.gov/PDD/Search/PermitDetails?permitNum=F800-2600307,F800-2600307,3920 W LAUREL LN,PHOENIX,1/27/2026 7:57:14 AM,Commercial,0.00,CAPITAL ENERGY LLC,SPAD-2600078,,Trash,no_hvac_signal
F809,26001196,F809-26001196,https://apps-secure.phoenix.gov/PDD/Search/PermitDetails?permitNum=F809-26001196,F809-26001196,710 E UNION HILLS DR,PHOENIX,1/27/2026 7:24:30 AM,Commercial,0.00,METRO FIRE EQ,,,Trash,negative=fire
F800,2600306,F800-2600306,https://apps-secure.phoenix.gov/PDD/Search/PermitDetails?permitNum=F800-2600306,F800-2600306,2909 E HARTFORD AVE,PHOENIX,1/27/2026 7:09:24 AM,Commercial,0.00,EMPOWER ELECTRIC INC,SPAD-0902056,,Trash,no_hvac_signal
F227,2600305,F227-2600305,https://apps-secure.phoenix.gov/PDD/Search/PermitDetails?permitNum=F227-2600305,F227-2600305,829 E LAWRENCE RD,PHOENIX,1/27/2026 7:04:56 AM,Commercial,0.00,EMPOWER ELECTRIC INC,SPAD-2205974,,Trash,no_hvac_signal
F159,26001194,F159-26001194,https://apps-secure.phoenix.gov/PDD/Search/PermitDetails?permitNum=F159-26001194,F159-26001194,11409 N BLACKHEATH RD,PHOENIX,1/27/2026 7:01:16 AM,Commercial,0.00,DEW S FIRE PROTECTION INC,FPPD-260103,,Trash,negative=fire
RPV,26001192,RPV-26001192,https://apps-secure.phoenix.gov/PDD/Search/PermitDetails?permitNum=RPV-26001192,RPV-26001192,2717 E CINNABAR AVE,PHOENIX,1/27/2026 6:50:58 AM,Commercial,42624.00,ICON POWER LLC,SPAD-2600067,,Trash,no_hvac_signal
ELEC,26001256,ELEC-26001256,https://apps-secure.phoenix.gov/PDD/Search/PermitDetails?permitNum=ELEC-26001256,ELEC-26001256,2009 W GLENDALE AVE,PHOENIX,1/27/2026 12:00:00 AM,Commercial,60000.00,CORESTATES CONSTRUCTION SERVICES INC,LPRM-2506503,,Trash,no_hvac_signal
ELEC,26001257,ELEC-26001257,https://apps-secure.phoenix.gov/PDD/Search/PermitDetails?permitNum=ELEC-26001257,ELEC-26001257,19990 N 19TH AVE,PHOENIX,1/27/2026 12:00:00 AM,Commercial,60000.00,CORESTATES CONSTRUCTION SERVICES INC,LPRM-2506382,,Trash,no_hvac_signal
ELEC,26001258,ELEC-26001258,https://apps-secure.phoenix.gov/PDD/Search/PermitDetails?permitNum=ELEC-26001258,ELEC-26001258,4725 E BASELINE RD,PHOENIX,1/27/2026 12:00:00 AM,Commercial,60000.00,CORESTATES CONSTRUCTION SERVICES INC,LPRM-2506648,,Trash,no_hvac_signal
LPSG,260094,LPSG-260094,https://apps-secure.phoenix.gov/PDD/Search/PermitDetails?permitNum=LPSG-260094,LPSG-260094,5016 W CACTUS RD,PHOENIX,1/27/2026 12:00:00 AM,Commercial,8500.00,GLOBAL SIGN WORKS G S W L L C,,,Trash,negative=sign
SGNP,214990,SGNP-214990,https://apps-secure.phoenix.gov/PDD/Search/PermitDetails?permitNum=SGNP-214990,SGNP-214990,743 E BELL RD 2,PHOENIX,1/27/2026 12:00:00 AM,Commercial,5000.00,GLOBAL SIGN WORKS G S W L L C,LPSG-260023,,Trash,negative=sign
SGNP,214986,SGNP-214986,https://apps-secure.phoenix.gov/PDD/Search/PermitDetails?permitNum=SGNP-214986,SGNP-214986,2855 W CACTUS RD,PHOENIX,1/27/2026 12:00:00 AM,Commercial,4675.00,ROCKART INDUSTRIES LLC,LPSG-260028,,Trash,no_hvac_signal
SGNP,214987,SGNP-214987,https://apps-secure.phoenix.gov/PDD/Search/PermitDetails?permitNum=SGNP-214987,SGNP-214987,2855 W CACTUS RD,PHOENIX,1/27/2026 12:00:00 AM,Commercial,4675.00,ROCKART INDUSTRIES LLC,LPSG-260028,,Trash,no_hvac_signal
SGNP,214994,SGNP-214994,https://apps-secure.phoenix.gov/PDD/Search/PermitDetails?permitNum=SGNP-214994,SGNP-214994,420 E BELL RD,PHOENIX,1/27/2026 12:00:00 AM,Commercial,3200.00,JUST IN TIME SIGNS AND PRINTING,LPSG-251374,,Trash,no_hvac_signal
SGNP,214992,SGNP-214992,https://apps-secure.phoenix.gov/PDD/Search/PermitDetails?permitNum=SGNP-214992,SGNP-214992,3832 E THOMAS RD,PHOENIX,1/27/2026 12:00:00 AM,Commercial,1900.00,JUST IN TIME SIGNS AND PRINTING,LPSG-251223,,Trash,no_hvac_signal
SGNP,214993,SGNP-214993,https://apps-secure.phoenix.gov/PDD/Search/PermitDetails?permitNum=SGNP-214993,SGNP-214993,1930 W THUNDERBIRD RD,PHOENIX,1/27/2026 12:00:00 AM,Commercial,1200.00,JUST IN TIME SIGNS AND PRINTING,LPSG-251138,,Trash,no_hvac_signal
CGD,26001219,CGD-26001219,https://apps-secure.phoenix.gov/PDD/Search/PermitDetails?permitNum=CGD-26001219,CGD-26001219,1118 E MCKINLEY ST,PHOENIX,1/27/2026 12:00:00 AM,Commercial,0.00,CENTRAL BUILDERS LLC,CPGD-2502322,,Trash,no_hvac_signal
CCO,26001220,CCO-26001220,https://apps-secure.phoenix.gov/PDD/Search/PermitDetails?permitNum=CCO-26001220,CCO-26001220,1118 E MCKINLEY ST,PHOENIX,1/27/2026 12:00:00 AM,Commercial,0.00,CENTRAL BUILDERS LLC,CPGD-2502322,,Trash,no_hvac_signal
CPR,26001221,CPR-26001221,https://apps-secure.phoenix.gov/PDD/Search/PermitDetails?permitNum=CPR-26001221,CPR-26001221,1118 E MCKINLEY ST,PHOENIX,1/27/2026 12:00:00 AM,Commercial,0.00,CENTRAL BUILDERS LLC,CPGD-2502322,,Trash,no_hvac_signal
CUT,26001263,CUT-26001263,https://apps-secure.phoenix.gov/PDD/Search/PermitDetails?permitNum=CUT-26001263,CUT-26001263,12780 N TATUM BLVD,PHOENIX,1/27/2026 12:00:00 AM,Commercial,0.00,RED VALLEY UNDERGROUND LLC,CCPH-2500089,,Trash,no_hvac_signal
CSE,26001269,CSE-26001269,https://apps-secure.phoenix.gov/PDD/Search/PermitDetails?permitNum=CSE-26001269,CSE-26001269,4801 E THISTLE LANDING DR,PHOENIX,1/27/2026 12:00:00 AM,Commercial,0.00,DICKENS QUALITY DEMOLITION,CPSE-2406578,,Trash,no_hvac_signal
RPV,26001191,RPV-26001191,https://apps-secure.phoenix.gov/PDD/Search/PermitDetails?permitNum=RPV-26001191,RPV-26001191,6720 N 32ND DR,PHOENIX,1/26/2026 5:22:44 PM,Commercial,11070.00,ONEWORLDENERGY LLC,SPAD-2103679,,Trash,no_hvac_signal
OP,26001190,OP-26001190,https://apps-secure.phoenix.gov/PDD/Search/PermitDetails?permitNum=OP-26001190,OP-26001190,4302 E RAY RD,PHOENIX,1/26/2026 4:30:46 PM,Commercial,5000.00,DESERT WEST COMMERCIAL L L C,SPAD-2000635,,Trash,no_hvac_signal
CPR,26001188,CPR-26001188,https://apps-secure.phoenix.gov/PDD/Search/PermitDetails?permitNum=CPR-26001188,CPR-26001188,9700 S 57TH AVE,PHOENIX,1/26/2026 4:28:41 PM,Commercial,0.00,COPPER VALLEY CONTRACTORS LLC,CPWT-2502560,,Trash,no_hvac_signal
CWT,26001187,CWT-26001187,https://apps-secure.phoenix.gov/PDD/Search/PermitDetails?permitNum=CWT-26001187,CWT-26001187,9700 S 57TH AVE,PHOENIX,1/26/2026 4:23:35 PM,Commercial,0.00,CACTUS PIPELINE CONTRACTORS LLC,CPWT-2502560,,Trash,no_hvac_signal
F800,2600302,F800-2600302,https://apps-secure.phoenix.gov/PDD/Search/PermitDetails?permitNum=F800-2600302,F800-2600302,5030 W DESERT LN,PHOENIX,1/26/2026 4:16:14 PM,Commercial,0.00,ONEWORLDENERGY LLC,SPAD-0615363,,Trash,no_hvac_signal
FPPR,260052,FPPR-260052,https://apps-secure.phoenix.gov/PDD/Search/PermitDetails?permitNum=FPPR-260052,FPPR-260052,3030 E WASHINGTON ST,PHOENIX,1/26/2026 3:57:30 PM,Commercial,0.00,DAVID'S PROFESSIONAL FIRE SYSTEMS INC,FITM-2600301,,Trash,negative=fire
OE,26001185,OE-26001185,https://apps-secure.phoenix.gov/PDD/Search/PermitDetails?permitNum=OE-26001185,OE-26001185,710 S 67TH AVE,PHOENIX,1/26/2026 3:50:42 PM,Commercial,5240.00,GCON INC,SPAD-0512478,,Trash,no_hvac_signal
WSFT,26001184,WSFT-26001184,https://apps-secure.phoenix.gov/PDD/Search/PermitDetails?permitNum=WSFT-26001184,WSFT-26001184,350 N 1ST AVE,PHOENIX,1/26/2026 3:33:49 PM,Residential,0.00,OWNER,SDEV-2600006,,Trash,no_hvac_signal
F175,26001183,F175-26001183,https://apps-secure.phoenix.gov/PDD/Search/PermitDetails?permitNum=F175-26001183,F175-26001183,2946 E BROADWAY RD,PHOENIX,1/26/2026 3:28:21 PM,Commercial,0.00,IMPACT FIRE SERVICES LLC,FPPD-260088,,Trash,negative=fire
SGNP,214985,SGNP-214985,https://apps-secure.phoenix.gov/PDD/Search/PermitDetails?permitNum=SGNP-214985,SGNP-214985,4225 W INDIAN SCHOOL RD,PHOENIX,1/26/2026 3:24:19 PM,Commercial,2000.00,TAGTEAM GRAFIX L L C,LPSG-251207,,Trash,no_hvac_signal
F105,26001182,F105-26001182,https://apps-secure.phoenix.gov/PDD/Search/PermitDetails?permitNum=F105-26001182,F105-26001182,2140 E BASELINE RD,PHOENIX,1/26/2026 3:23:48 PM,Commercial,0.00,ADANAC FIRE PROTECTION INC.,FPPX-252658,,Trash,negative=fire
RPV,26001181,RPV-26001181,https://apps-secure.phoenix.gov/PDD/Search/PermitDetails?permitNum=RPV-26001181,RPV-26001181,5409 W PLEASANT LN,PHOENIX,1/26/2026 3:08:57 PM,Commercial,17010.00,BRIGHT HOME INSTALLATIONS LLC,SPAD-0503818,,Trash,no_hvac_signal
SCSU,2600425,SCSU-2600425,https://apps-secure.phoenix.gov/PDD/Search/PermitDetails?permitNum=SCSU-2600425,SCSU-2600425,2310 W BASELINE RD,PHOENIX,1/26/2026 2:51:05 PM,Residential,0.00,TO BE BID,,,Trash,no_hvac_signal
PRLM,2600424,PRLM-2600424,https://apps-secure.phoenix.gov/PDD/Search/PermitDetails?permitNum=PRLM-2600424,PRLM-2600424,3115 E VAN BUREN ST,PHOENIX,1/26/2026 2:41:35 PM,Residential,0.00,TO BE BID,,,Trash,no_hvac_signal
SGNP,214984,SGNP-214984,https://apps-secure.phoenix.gov/PDD/Search/PermitDetails?permitNum=SGNP-214984,SGNP-214984,6635 W HAPPY VALLEY RD,PHOENIX,1/26/2026 2:40:54 PM,Commercial,3500.00,BOOTZ & DUKE SIGN COMPANY,LPSG-260085,,Trash,negative=sign
CPSE,2600423,CPSE-2600423,https://apps-secure.phoenix.gov/PDD/Search/PermitDetails?permitNum=CPSE-2600423,CPSE-2600423,811 S 16TH ST,PHOENIX,1/26/2026 2:33:36 PM,Commercial,0.00,TO BE BID,,,Trash,no_hvac_signal
BLD,26001177,BLD-26001177,https://apps-secure.phoenix.gov/PDD/Search/PermitDetails?permitNum=BLD-26001177,BLD-26001177,349 E THOMAS RD E201,PHOENIX,1/26/2026 2:32:10 PM,Commercial,147014.40,DIVERSIFIED CONSTRUCTION,LPBI-2502296,,Trash,no_hvac_signal
WSHM,26001176,WSHM-26001176,https://apps-secure.phoenix.gov/PDD/Search/PermitDetails?permitNum=WSHM-26001176,WSHM-26001176,,PHOENIX,1/26/2026 2:21:16 PM,Commercial,0.00,COPPER STATE PAVEMENT INC.,SDEV-2600004,,Trash,no_hvac_signal
LPRN,2600422,LPRN-2600422,https://apps-secure.phoenix.gov/PDD/Search/PermitDetails?permitNum=LPRN-2600422,LPRN-2600422,4701 N CENTRAL AVE,PHOENIX,1/26/2026 2:11:23 PM,Commercial,406350.00,CORE CONSTRUCTION SERVICES OF AZ,,,Trash,no_hvac_signal
PLAT,260002,PLAT-260002,https://apps-secure.phoenix.gov/PDD/Search/PermitDetails?permitNum=PLAT-260002,PLAT-260002,,PHOENIX,1/26/2026 2:08:49 PM,Residential,0.00,TO BE BID,,,Trash,no_hvac_signal
F171,2600300,F171-2600300,https://apps-secure.phoenix.gov/PDD/Search/PermitDetails?permitNum=F171-2600300,F171-2600300,4601 S 35TH ST,PHOENIX,1/26/2026 2:07:55 PM,Commercial,0.00,ADANAC FIRE PROTECTION INC.,SPAD-99002750,,Trash,negative=fire
F171,2600300,F171-2600300,https://apps-secure.phoenix.gov/PDD/Search/PermitDetails?permitNum=F171-2600300,F171-2600300,4601 S 35TH ST,PHOENIX,1/26/2026 2:07:55 PM,Commercial,0.00,ADANAC FIRE PROTECTION INC.,SPAD-99002750,,Trash,negative=fire
F171,2600299,F171-2600299,https://apps-secure.phoenix.gov/PDD/Search/PermitDetails?permitNum=F171-2600299,F171-2600299,4601 S 35TH ST,PHOENIX,1/26/2026 2:00:40 PM,Commercial,0.00,ADANAC FIRE PROTECTION INC.,SPAD-99002750,,Trash,negative=fire
F171,2600299,F171-2600299,https://apps-secure.phoenix.gov/PDD/Search/PermitDetails?permitNum=F171-2600299,F171-2600299,4601 S 35TH ST,PHOENIX,1/26/2026 2:00:40 PM,Commercial,0.00,ADANAC FIRE PROTECTION INC.,SPAD-99002750,,Trash,negative=fire
F802,26001174,F802-26001174,https://apps-secure.phoenix.gov/PDD/Search/PermitDetails?permitNum=F802-26001174,F802-26001174,4302 W BUCKEYE RD,PHOENIX,1/26/2026 1:55:12 PM,Commercial,0.00,METRO FIRE EQ,,,Trash,negative=fire
WSHM,26001172,WSHM-26001172,https://apps-secure.phoenix.gov/PDD/Search/PermitDetails?permitNum=WSHM-26001172,WSHM-26001172,1902 E CAMELBACK RD,PHOENIX,1/26/2026 1:43:24 PM,Commercial,0.00,KOBALT PRIME INC (FN),CCPH-2400163,,Trash,no_hvac_signal
F171,2600296,F171-2600296,https://apps-secure.phoenix.gov/PDD/Search/PermitDetails?permitNum=F171-2600296,F171-2600296,4607 S 35TH ST,PHOENIX,1/26/2026 1:26:34 PM,Commercial,0.00,ADANAC FIRE PROTECTION INC.,SPAD-99002750,,Trash,negative=fire
LPSG,260089,LPSG-260089,https://apps-secure.phoenix.gov/PDD/Search/PermitDetails?permitNum=LPSG-260089,LPSG-260089,1014 N 47TH AVE,PHOENIX,1/26/2026 1:23:46 PM,Commercial,2215.00,KEN'S SIGN SERVICE,,,Trash,negative=sign
RPV,26001170,RPV-26001170,https://apps-secure.phoenix.gov/PDD/Search/PermitDetails?permitNum=RPV-26001170,RPV-26001170,12839 N 8TH AVE,PHOENIX,1/26/2026 1:07:32 PM,Commercial,41580.00,TESLA,SPAD-0903326,,Trash,no_hvac_signal
SGNP,214983,SGNP-214983,https://apps-secure.phoenix.gov/PDD/Search/PermitDetails?permitNum=SGNP-214983,SGNP-214983,2411 W LONE CACTUS DR,PHOENIX,1/26/2026 1:02:45 PM,Commercial,5000.00,ANOTHER LEVEL INSTALLS LLC,LPSG-260022,,Trash,no_hvac_signal
BLD,26001169,BLD-26001169,https://apps-secure.phoenix.gov/PDD/Search/PermitDetails?permitNum=BLD-26001169,BLD-26001169,720 N 40TH ST,PHOENIX,1/26/2026 1:02:07 PM,Commercial,148000000.00,HOLDER CONSTRUCTION COMPANY,LPRN-2305646,,Trash,no_hvac_signal
LPSG,260088,LPSG-260088,https://apps-secure.phoenix.gov/PDD/Search/PermitDetails?permitNum=LPSG-260088,LPSG-260088,7409 W VIRGINIA AVE,PHOENIX,1/26/2026 1:00:43 PM,Commercial,0.00,PEARSON'S ENTERPRISES INC,,,Trash,no_hvac_signal
RVSN,2109912-60,RVSN-2109912-60,https://apps-secure.phoenix.gov/PDD/Search/PermitDetails?permitNum=RVSN-2109912-60,RVSN-2109912-60,32200 N 43RD AVE,PHOENIX,1/26/2026 12:55:58 PM,Commercial,0.00,MARKETECH INT'L CORP. USA,PHAS-2109912-50,,Trash,no_hvac_signal
RVSN,2109912-60,RVSN-2109912-60,https://apps-secure.phoenix.gov/PDD/Search/PermitDetails?permitNum=RVSN-2109912-60,RVSN-2109912-60,32200 N 43RD AVE,PHOENIX,1/26/2026 12:55:58 PM,Commercial,0.00,MARKETECH INT'L CORP. USA,PHAS-2109912-50,,Trash,no_hvac_signal
LSPL,2600420,LSPL-2600420,https://apps-secure.phoenix.gov/PDD/Search/PermitDetails?permitNum=LSPL-2600420,LSPL-2600420,2021 W HOLLY ST,PHOENIX,1/26/2026 12:44:21 PM,Residential,0.00,TO BE BID,,,Trash,no_hvac_signal
RPDR,2600419,RPDR-2600419,https://apps-secure.phoenix.gov/PDD/Search/PermitDetails?permitNum=RPDR-2600419,RPDR-2600419,4001 E RANCHO DR,PHOENIX,1/26/2026 12:43:56 PM,Residential,0.00,TO BE BID,,,Trash,no_hvac_signal
F802,26001166,F802-26001166,https://apps-secure.phoenix.gov/PDD/Search/PermitDetails?permitNum=F802-26001166,F802-26001166,1030 N 1ST ST,PHOENIX,1/26/2026 12:37:24 PM,Commercial,0.00,OLYMPIC WEST FIRE & SECURITY LLC,,,Trash,negative=fire
LPRR,2600418,LPRR-2600418,https://apps-secure.phoenix.gov/PDD/Search/PermitDetails?permitNum=LPRR-2600418,LPRR-2600418,11001 N BLACK CANYON HWY,PHOENIX,1/26/2026 12:23:15 PM,Commercial,3500000.00,TO BE BID,,,Trash,no_hvac_signal
F132,26001165,F132-26001165,https://apps-secure.phoenix.gov/PDD/Search/PermitDetails?permitNum=F132-26001165,F132-26001165,1838 E JACKSON ST,PHOENIX,1/26/2026 12:10:58 PM,Residential,0.00,COPPERSTATE FIRE PROTECTION,FPPD-260003,,Trash,negative=fire
F132,26001165,F132-26001165,https://apps-secure.phoenix.gov/PDD/Search/PermitDetails?permitNum=F132-26001165,F132-26001165,1838 E JACKSON ST,PHOENIX,1/26/2026 12:10:58 PM,Residential,0.00,COPPERSTATE FIRE PROTECTION,FPPD-260003,,Trash,negative=fire
OE,26001163,OE-26001163,https://apps-secure.phoenix.gov/PDD/Search/PermitDetails?permitNum=OE-26001163,OE-26001163,3400 E SKY HARBOR BLVD,PHOENIX,1/26/2026 12:07:32 PM,Commercial,40000.00,G4 BUILDERS LLC,AFPF-060320,,Trash,no_hvac_signal
OE,26001163,OE-26001163,https://apps-secure.phoenix.gov/PDD/Search/PermitDetails?permitNum=OE-26001163,OE-26001163,3400 E SKY HARBOR BLVD,PHOENIX,1/26/2026 12:07:32 PM,Commercial,40000.00,G4 BUILDERS LLC,AFPF-060320,,Trash,no_hvac_signal
FPPD,260143,FPPD-260143,https://apps-secure.phoenix.gov/PDD/Search/PermitDetails?permitNum=FPPD-260143,FPPD-260143,5350 E EMILE ZOLA AVE,PHOENIX,1/26/2026 12:02:51 PM,Residential,0.00,SUPREME FIRE PROTECTION L L C,,,Trash,negative=fire
F177,2600294,F177-2600294,https://apps-secure.phoenix.gov/PDD/Search/PermitDetails?permitNum=F177-2600294,F177-2600294,13811 N TATUM BLVD,PHOENIX,1/26/2026 11:32:08 AM,Commercial,0.00,CANYON STATE PROPANE LLC,FPPX-252706,,Trash,no_hvac_signal
F802,26001158,F802-26001158,https://apps-secure.phoenix.gov/PDD/Search/PermitDetails?permitNum=F802-26001158,F802-26001158,21001 N TATUM BLVD,PHOENIX,1/26/2026 11:26:22 AM,Commercial,0.00,AERO AUTOMATIC SPRINKLER COMPANY,,,Trash,negative=sprinkler
OE,26001157,OE-26001157,https://apps-secure.phoenix.gov/PDD/Search/PermitDetails?permitNum=OE-26001157,OE-26001157,2601 N 36TH ST,PHOENIX,1/26/2026 11:21:02 AM,Commercial,25000.00,ANDREW'S ELECTRICAL INC,,,Trash,no_hvac_signal
F134,26001156,F134-26001156,https://apps-secure.phoenix.gov/PDD/Search/PermitDetails?permitNum=F134-26001156,F134-26001156,7000 E MAYO BLVD,PHOENIX,1/26/2026 11:19:14 AM,Commercial,0.00,FIRE SYSTEM SPECIALISTS LLC,FPPD-252686,,Trash,negative=fire
WSSD,26001153,WSSD-26001153,https://apps-secure.phoenix.gov/PDD/Search/PermitDetails?permitNum=WSSD-26001153,WSSD-26001153,1919 W BETHANY HOME RD,PHOENIX,1/26/2026 10:49:26 AM,Commercial,0.00,R C I SYSTEMS INC,SPAD-1809197,,Trash,no_hvac_signal
WSHM,26001152,WSHM-26001152,https://apps-secure.phoenix.gov/PDD/Search/PermitDetails?permitNum=WSHM-26001152,WSHM-26001152,4211 W ROOSEVELT ST,PHOENIX,1/26/2026 10:47:45 AM,Commercial,0.00,ROADRUNNER PAVING & ASPHALT MAINTENANCE LLC,SDEV-2600004,,Trash,no_hvac_signal
LPRM,2600416,LPRM-2600416,https://apps-secure.phoenix.gov/PDD/Search/PermitDetails?permitNum=LPRM-2600416,LPRM-2600416,5516 W BUCHANAN ST,PHOENIX,1/26/2026 10:44:09 AM,Commercial,364928.00,TO BE BID,,,Trash,no_hvac_signal
S,26001151,S-26001151,https://apps-secure.phoenix.gov/PDD/Search/PermitDetails?permitNum=S-26001151,S-26001151,447 W WATKINS ST,PHOENIX,1/26/2026 10:41:28 AM,Residential,19000.00,KENNEDY DESIGN BUILD,LPRM-2505722,,Trash,no_hvac_signal
FPPR,260051,FPPR-260051,https://apps-secure.phoenix.gov/PDD/Search/PermitDetails?permitNum=FPPR-260051,FPPR-260051,2725 W DOVE VALLEY RD,PHOENIX,1/26/2026 10:40:09 AM,Commercial,0.00,W P WEST BUILDERS ARIZONA L L C,SPAD-2303486,,Trash,no_hvac_signal
FPPD,260142,FPPD-260142,https://apps-secure.phoenix.gov/PDD/Search/PermitDetails?permitNum=FPPD-260142,FPPD-260142,12770 N TATUM BLVD,PHOENIX,1/26/2026 10:39:43 AM,Commercial,0.00,ALEXANDER BUILDING COMPANY INC,SPAD-2500437,,Trash,no_hvac_signal
WSSD,26001149,WSSD-26001149,https://apps-secure.phoenix.gov/PDD/Search/PermitDetails?permitNum=WSSD-26001149,WSSD-26001149,7775 W BUCKEYE RD,PHOENIX,1/26/2026 10:38:12 AM,Commercial,0.00,R C I SYSTEMS INC,CCPH-1800459,,Trash,no_hvac_signal
DSAP,26015,DSAP-26015,https://apps-secure.phoenix.gov/PDD/Search/PermitDetails?permitNum=DSAP-26015,DSAP-26015,775 S 6TH AVE,PHOENIX,1/26/2026 10:32:40 AM,Residential,0.00,TO BE BID,,,Trash,no_hvac_signal
F209,2600291,F209-2600291,https://apps-secure.phoenix.gov/PDD/Search/PermitDetails?permitNum=F209-2600291,F209-2600291,2507 W PRAIANO WAY,PHOENIX,1/26/2026 10:32:38 AM,Commercial,0.00,SOUTHWEST ENERGY & SOLAR LLC,FPPR-251300,,Trash,negative=solar(?: pv)?
CLS,26001140,CLS-26001140,https://apps-secure.phoenix.gov/PDD/Search/PermitDetails?permitNum=CLS-26001140,CLS-26001140,230 S 49TH AVE,PHOENIX,1/26/2026 10:08:18 AM,Commercial,0.00,"JACOR CONSTRUCTION, INC",LSPL-2502982,,Trash,no_hvac_signal
OP,26001139,OP-26001139,https://apps-secure.phoenix.gov/PDD/Search/PermitDetails?permitNum=OP-26001139,OP-26001139,6721 N 25TH DR,PHOENIX,1/26/2026 10:07:27 AM,Commercial,12000.00,D W PLUMBING AND MAINTENANCE INC,SPAD-0606794,,Trash,negative=plumb(?:ing)?
CPA,26001135,CPA-26001135,https://apps-secure.phoenix.gov/PDD/Search/PermitDetails?permitNum=CPA-26001135,CPA-26001135,2801 W DURANGO ST,PHOENIX,1/26/2026 10:03:47 AM,Commercial,0.00,CIVILWORX CONTRACTING LLC,CPPA-2502816,,Trash,no_hvac_signal
CCO,26001136,CCO-26001136,https://apps-secure.phoenix.gov/PDD/Search/PermitDetails?permitNum=CCO-26001136,CCO-26001136,2801 W DURANGO ST,PHOENIX,1/26/2026 10:03:47 AM,Commercial,0.00,B&B CONCRETE CONTRACTORS LLC,CPPA-2502816,,Trash,no_hvac_signal
CDF,26001137,CDF-26001137,https://apps-secure.phoenix.gov/PDD/Search/PermitDetails?permitNum=CDF-26001137,CDF-26001137,2801 W DURANGO ST,PHOENIX,1/26/2026 10:03:47 AM,Commercial,0.00,CIVILWORX CONTRACTING LLC,CPPA-2502816,,Trash,no_hvac_signal
CPR,26001138,CPR-26001138,https://apps-secure.phoenix.gov/PDD/Search/PermitDetails?permitNum=CPR-26001138,CPR-26001138,2801 W DURANGO ST,PHOENIX,1/26/2026 10:03:47 AM,Commercial,0.00,CIVILWORX CONTRACTING LLC,CPPA-2502816,,Trash,no_hvac_signal
BLD,26001134,BLD-26001134,https://apps-secure.phoenix.gov/PDD/Search/PermitDetails?permitNum=BLD-26001134,BLD-26001134,6036 N 19TH AVE,PHOENIX,1/26/2026 9:57:25 AM,Commercial,30000.00,MATTSON CONSTRUCTION LLC,LPBI-2600366,,Trash,no_hvac_signal
LSPL,2600414,LSPL-2600414,https://apps-secure.phoenix.gov/PDD/Search/PermitDetails?permitNum=LSPL-2600414,LSPL-2600414,1749 W GRANT ST,PHOENIX,1/26/2026 9:48:31 AM,Residential,0.00,TO BE BID,,,Trash,no_hvac_signal
WSFT,26001132,WSFT-26001132,https://apps-secure.phoenix.gov/PDD/Search/PermitDetails?permitNum=WSFT-26001132,WSFT-26001132,2502 E CAMELBACK RD,PHOENIX,1/26/2026 9:40:44 AM,Commercial,0.00,ARIZONA FLOW TESTING LLC,SPAD-2503457,,Trash,no_hvac_signal
LPSG,260087,LPSG-260087,https://apps-secure.phoenix.gov/PDD/Search/PermitDetails?permitNum=LPSG-260087,LPSG-260087,5035 S 33RD ST,PHOENIX,1/26/2026 9:37:04 AM,Commercial,4800.00,IMPACT SIGN & GRAPHICS LLC,,,Trash,negative=sign
LSPL,2600413,LSPL-2600413,https://apps-secure.phoenix.gov/PDD/Search/PermitDetails?permitNum=LSPL-2600413,LSPL-2600413,5777 E MAYO BLVD,PHOENIX,1/26/2026 9:35:35 AM,Residential,0.00,TO BE BID,,,Trash,no_hvac_signal
LSIS,2600412,LSIS-2600412,https://apps-secure.phoenix.gov/PDD/Search/PermitDetails?permitNum=LSIS-2600412,LSIS-2600412,5777 E MAYO BLVD,PHOENIX,1/26/2026 9:31:15 AM,Residential,0.00,TO BE BID,,,Trash,no_hvac_signal
ELEC,26001131,ELEC-26001131,https://apps-secure.phoenix.gov/PDD/Search/PermitDetails?permitNum=ELEC-26001131,ELEC-26001131,4011 E GREENWAY RD,PHOENIX,1/26/2026 9:30:51 AM,Commercial,60000.00,CORESTATES CONSTRUCTION SERVICES INC,LPRM-2506508,,Trash,no_hvac_signal
WSDC,26001126,WSDC-26001126,https://apps-secure.phoenix.gov/PDD/Search/PermitDetails?permitNum=WSDC-26001126,WSDC-26001126,4027 S 13TH ST,PHOENIX,1/26/2026 9:15:36 AM,Commercial,0.00,H&B BUILDERS LLC,CCPH-2500017,,Trash,no_hvac_signal
F171,2600289,F171-2600289,https://apps-secure.phoenix.gov/PDD/Search/PermitDetails?permitNum=F171-2600289,F171-2600289,6510 W DEVONSHIRE AVE,PHOENIX,1/26/2026 9:14:06 AM,Commercial,0.00,ADMA CONTRACTING LLC,SPAD-2600087,,Trash,no_hvac_signal
LPSG,260086,LPSG-260086,https://apps-secure.phoenix.gov/PDD/Search/PermitDetails?permitNum=LPSG-260086,LPSG-260086,10810 N TATUM BLVD,PHOENIX,1/26/2026 9:06:08 AM,Commercial,5500.00,D'S SIGNS & LIGHTING LLC,,,Trash,negative=lighting
LPRM,2600411,LPRM-2600411,https://apps-secure.phoenix.gov/PDD/Search/PermitDetails?permitNum=LPRM-2600411,LPRM-2600411,7723 W THOMAS RD,PHOENIX,1/26/2026 9:04:42 AM,Residential,4000.00,ARIZONA AWNINGS & WINDOW SHADE,,,Trash,no_hvac_signal
S,26001124,S-26001124,https://apps-secure.phoenix.gov/PDD/Search/PermitDetails?permitNum=S-26001124,S-26001124,9633 S 48TH ST,PHOENIX,1/26/2026 9:02:09 AM,Commercial,15000.00,HIGH DESERT COMMUNICATION,LPRM-2506478,,Trash,no_hvac_signal
CPR,26001123,CPR-26001123,https://apps-secure.phoenix.gov/PDD/Search/PermitDetails?permitNum=CPR-26001123,CPR-26001123,16400 N 19TH AVE,PHOENIX,1/26/2026 9:00:31 AM,Commercial,0.00,ARROWMARK LLC,CPFL-2501758,,Trash,no_hvac_signal
S,26001122,S-26001122,https://apps-secure.phoenix.gov/PDD/Search/PermitDetails?permitNum=S-26001122,S-26001122,330 E ROESER RD,PHOENIX,1/26/2026 9:00:19 AM,Commercial,20000.00,FINOCCHIARO CONSTRUCTION L L C,LPRM-2504076,,Trash,no_hvac_signal
CPR,26001121,CPR-26001121,https://apps-secure.phoenix.gov/PDD/Search/PermitDetails?permitNum=CPR-26001121,CPR-26001121,16400 N 19TH AVE,PHOENIX,1/26/2026 8:57:44 AM,Commercial,0.00,ARROWMARK LLC,CPFL-2501758,,Trash,no_hvac_signal
F112,26001120,F112-26001120,https://apps-secure.phoenix.gov/PDD/Search/PermitDetails?permitNum=F112-26001120,F112-26001120,16400 N 19TH AVE,PHOENIX,1/26/2026 8:55:05 AM,Commercial,0.00,OFFSITE SWEEPING LLC,CPFL-2501758,,Trash,no_hvac_signal
S,26001119,S-26001119,https://apps-secure.phoenix.gov/PDD/Search/PermitDetails?permitNum=S-26001119,S-26001119,1410 E VAN BUREN ST,PHOENIX,1/26/2026 8:54:36 AM,Commercial,3000.00,AMERICAN WOLF CONSTRUCTION LLC,LPRM-2506531,,Trash,no_hvac_signal
CES,26001118,CES-26001118,https://apps-secure.phoenix.gov/PDD/Search/PermitDetails?permitNum=CES-26001118,CES-26001118,4701 N CENTRAL AVE,PHOENIX,1/26/2026 8:54:12 AM,Residential,630.00,CORE CONSTRUCTION SERVICES OF AZ,LSPL-2505640,,Trash,no_hvac_signal
CFB,26001117,CFB-26001117,https://apps-secure.phoenix.gov/PDD/Search/PermitDetails?permitNum=CFB-26001117,CFB-26001117,16400 N 19TH AVE,PHOENIX,1/26/2026 8:53:06 AM,Commercial,0.00,OFFSITE SWEEPING LLC,CPFL-2501758,,Trash,no_hvac_signal
F175,26001116,F175-26001116,https://apps-secure.phoenix.gov/PDD/Search/PermitDetails?permitNum=F175-26001116,F175-26001116,431 N 47TH AVE,PHOENIX,1/26/2026 8:51:42 AM,Commercial,0.00,IMPACT FIRE SERVICES LLC,FPPD-252586,,Trash,negative=fire
CCO,26001115,CCO-26001115,https://apps-secure.phoenix.gov/PDD/Search/PermitDetails?permitNum=CCO-26001115,CCO-26001115,16400 N 19TH AVE,PHOENIX,1/26/2026 8:45:55 AM,Commercial,0.00,POWER CONCRETE INC,CPGD-2502500,,Trash,no_hvac_signal
F809,26001114,F809-26001114,https://apps-secure.phoenix.gov/PDD/Search/PermitDetails?permitNum=F809-26001114,F809-26001114,7200 W BUCKEYE RD,PHOENIX,1/26/2026 8:42:16 AM,Commercial,0.00,NOLIN FIRE SPRINKLERS INC,,,Trash,negative=fire
CPR,26001113,CPR-26001113,https://apps-secure.phoenix.gov/PDD/Search/PermitDetails?permitNum=CPR-26001113,CPR-26001113,16400 N 19TH AVE,PHOENIX,1/26/2026 8:40:22 AM,Commercial,0.00,ARROWMARK LLC,CPGD-2502500,,Trash,no_hvac_signal
CGD,26001112,CGD-26001112,https://apps-secure.phoenix.gov/PDD/Search/PermitDetails?permitNum=CGD-26001112,CGD-26001112,16400 N 19TH AVE,PHOENIX,1/26/2026 8:36:38 AM,Commercial,0.00,ARROWMARK LLC,CPGD-2502500,,Trash,no_hvac_signal
CGD,26001111,CGD-26001111,https://apps-secure.phoenix.gov/PDD/Search/PermitDetails?permitNum=CGD-26001111,CGD-26001111,16400 N 19TH AVE,PHOENIX,1/26/2026 8:34:15 AM,Commercial,0.00,ARROWMARK LLC,CPGD-2502500,,Trash,no_hvac_signal
CGD,26001110,CGD-26001110,https://apps-secure.phoenix.gov/PDD/Search/PermitDetails?permitNum=CGD-26001110,CGD-26001110,16400 N 19TH AVE,PHOENIX,1/26/2026 8:31:21 AM,Commercial,0.00,ARROWMARK LLC,CPGD-2502500,,Trash,no_hvac_signal
F112,26001108,F112-26001108,https://apps-secure.phoenix.gov/PDD/Search/PermitDetails?permitNum=F112-26001108,F112-26001108,5750 E EXETER BLVD,PHOENIX,1/26/2026 8:27:40 AM,Commercial,0.00,ARROWMARK LLC,CPFL-2505429,,Trash,no_hvac_signal
PRDV,260009,PRDV-260009,https://apps-secure.phoenix.gov/PDD/Search/PermitDetails?permitNum=PRDV-260009,PRDV-260009,1240 S 14TH AVE,PHOENIX,1/26/2026 8:21:31 AM,Commercial,0.00,TO BE BID,,,Trash,no_hvac_signal
LPSC,2600410,LPSC-2600410,https://apps-secure.phoenix.gov/PDD/Search/PermitDetails?permitNum=LPSC-2600410,LPSC-2600410,3633 E THUNDERBIRD RD,PHOENIX,1/26/2026 7:46:30 AM,Commercial,0.00,CHASSE BUILDING TEAM INC,,,Trash,no_hvac_signal
BLD,26001106,BLD-26001106,https://apps-secure.phoenix.gov/PDD/Search/PermitDetails?permitNum=BLD-26001106,BLD-26001106,2302 N CENTRAL AVE 511,PHOENIX,1/26/2026 6:48:58 AM,Commercial,10649.00,AMERICAN VISION WINDOWS OF ARIZONA LLC,LPBI-2600332,,Trash,no_hvac_signal
FPPD,260141,FPPD-260141,https://apps-secure.phoenix.gov/PDD/Search/PermitDetails?permitNum=FPPD-260141,FPPD-260141,3815 E BELL RD,PHOENIX,1/26/2026 5:56:13 AM,Commercial,0.00,BENSON SECURITY SYSTEMS,,,Trash,no_hvac_signal
BLD,26001146,BLD-26001146,https://apps-secure.phoenix.gov/PDD/Search/PermitDetails?permitNum=BLD-26001146,BLD-26001146,5060 W INDIAN SCHOOL RD,PHOENIX,1/26/2026 12:00:00 AM,Commercial,1505000.00,BLACK CLOVER CONSTRUCTION LLC,LPRN-2500103,,Trash,no_hvac_signal
ELEC,26001128,ELEC-26001128,https://apps-secure.phoenix.gov/PDD/Search/PermitDetails?permitNum=ELEC-26001128,ELEC-26001128,2212 E BELL RD,PHOENIX,1/26/2026 12:00:00 AM,Commercial,60000.00,CORESTATES CONSTRUCTION SERVICES INC,LPRM-2506507,,Trash,no_hvac_signal
ELEC,26001129,ELEC-26001129,https://apps-secure.phoenix.gov/PDD/Search/PermitDetails?permitNum=ELEC-26001129,ELEC-26001129,321 W INDIAN SCHOOL RD,PHOENIX,1/26/2026 12:00:00 AM,Commercial,60000.00,CORESTATES CONSTRUCTION SERVICES INC,LPRM-2506945,,Trash,no_hvac_signal
ELEC,26001130,ELEC-26001130,https://apps-secure.phoenix.gov/PDD/Search/PermitDetails?permitNum=ELEC-26001130,ELEC-26001130,9120 W INDIAN SCHOOL RD,PHOENIX,1/26/2026 12:00:00 AM,Commercial,60000.00,CORESTATES CONSTRUCTION SERVICES INC,LPRM-2505620,,Trash,no_hvac_signal
RVSN,2300638-02,RVSN-2300638-02,https://apps-secure.phoenix.gov/PDD/Search/PermitDetails?permitNum=RVSN-2300638-02,RVSN-2300638-02,701 N CENTRAL AVE,PHOENIX,1/26/2026 12:00:00 AM,Commercial,1.00,TO BE BID,,,Trash,no_hvac_signal
RVSN,2300639-02,RVSN-2300639-02,https://apps-secure.phoenix.gov/PDD/Search/PermitDetails?permitNum=RVSN-2300639-02,RVSN-2300639-02,701 N CENTRAL AVE,PHOENIX,1/26/2026 12:00:00 AM,Commercial,0.00,TO BE BID,,,Trash,no_hvac_signal
CGD,26001142,CGD-26001142,https://apps-secure.phoenix.gov/PDD/Search/PermitDetails?permitNum=CGD-26001142,CGD-26001142,5060 W INDIAN SCHOOL RD,PHOENIX,1/26/2026 12:00:00 AM,Commercial,0.00,ACTION EXCAVATING,CPGD-2407027,,Trash,no_hvac_signal
CLS,26001143,CLS-26001143,https://apps-secure.phoenix.gov/PDD/Search/PermitDetails?permitNum=CLS-26001143,CLS-26001143,5060 W INDIAN SCHOOL RD,PHOENIX,1/26/2026 12:00:00 AM,Commercial,0.00,ACTION EXCAVATING,LSPL-2406850,,Trash,no_hvac_signal
CFB,26001144,CFB-26001144,https://apps-secure.phoenix.gov/PDD/Search/PermitDetails?permitNum=CFB-26001144,CFB-26001144,5060 W INDIAN SCHOOL RD,PHOENIX,1/26/2026 12:00:00 AM,Commercial,0.00,ACTION EXCAVATING,CPFL-2407007,,Trash,no_hvac_signal
CPR,26001145,CPR-26001145,https://apps-secure.phoenix.gov/PDD/Search/PermitDetails?permitNum=CPR-26001145,CPR-26001145,5060 W INDIAN SCHOOL RD,PHOENIX,1/26/2026 12:00:00 AM,Commercial,0.00,ACTION EXCAVATING,CPFL-2407007,,Trash,no_hvac_signal
F159,26001159,F159-26001159,https://apps-secure.phoenix.gov/PDD/Search/PermitDetails?permitNum=F159-26001159,F159-26001159,2853 E VAN BUREN ST,PHOENIX,1/26/2026 12:00:00 AM,Commercial,0.00,ARIZONA FIRE PROTECTION INC.,FPPD-242348,,Trash,negative=fire
F159,26001160,F159-26001160,https://apps-secure.phoenix.gov/PDD/Search/PermitDetails?permitNum=F159-26001160,F159-26001160,2853 E VAN BUREN ST,PHOENIX,1/26/2026 12:00:00 AM,Commercial,0.00,ARIZONA FIRE PROTECTION INC.,FPPD-242374,,Trash,negative=fire
F159,26001161,F159-26001161,https://apps-secure.phoenix.gov/PDD/Search/PermitDetails?permitNum=F159-26001161,F159-26001161,2853 E VAN BUREN ST,PHOENIX,1/26/2026 12:00:00 AM,Commercial,0.00,ARIZONA FIRE PROTECTION INC.,FPPD-242348,,Trash,negative=fire
WSHM,26001178,WSHM-26001178,https://apps-secure.phoenix.gov/PDD/Search/PermitDetails?permitNum=WSHM-26001178,WSHM-26001178,32225 N 51ST AVE,PHOENIX,1/26/2026 12:00:00 AM,Commercial,0.00,BUESING CORP,CCPH-2500316,,Trash,no_hvac_signal
WSHM,26001179,WSHM-26001179,https://apps-secure.phoenix.gov/PDD/Search/PermitDetails?permitNum=WSHM-26001179,WSHM-26001179,32225 N 51ST AVE,PHOENIX,1/26/2026 12:00:00 AM,Commercial,0.00,BUESING CORP,CCPH-2500316,,Trash,no_hvac_signal
CRSC,2600409,CRSC-2600409,https://apps-secure.phoenix.gov/PDD/Search/PermitDetails?permitNum=CRSC-2600409,CRSC-2600409,6911 E THUNDERBIRD RD,PHOENIX,1/25/2026 5:47:17 PM,Residential,0.00,TO BE BID,,,Trash,no_hvac_signal
WSFT,26001103,WSFT-26001103,https://apps-secure.phoenix.gov/PDD/Search/PermitDetails?permitNum=WSFT-26001103,WSFT-26001103,1726 E THOMAS RD,PHOENIX,1/25/2026 12:46:27 PM,Commercial,0.00,FOX FIRE PROTECTION LLC,SPAD-2500428,,Trash,negative=fire
OE,26001102,OE-26001102,https://apps-secure.phoenix.gov/PDD/Search/PermitDetails?permitNum=OE-26001102,OE-26001102,10401 N CAVE CREEK RD,PHOENIX,1/24/2026 12:37:30 PM,Residential,3000.00,RED DESERT ELECTRIC,,,Trash,no_hvac_signal
FPPD,260140,FPPD-260140,https://apps-secure.phoenix.gov/PDD/Search/PermitDetails?permitNum=FPPD-260140,FPPD-260140,4110 S 3RD AVE,PHOENIX,1/23/2026 6:50:43 PM,Commercial,0.00,GUARDIAN FIRE PROTECTION CO,,,Trash,negative=fire
RPDR,2600408,RPDR-2600408,https://apps-secure.phoenix.gov/PDD/Search/PermitDetails?permitNum=RPDR-2600408,RPDR-2600408,6618 E LARKSPUR DR,PHOENIX,1/23/2026 5:25:02 PM,Residential,0.00,OWNER,,,Trash,no_hvac_signal
FPPD,260139,FPPD-260139,https://apps-secure.phoenix.gov/PDD/Search/PermitDetails?permitNum=FPPD-260139,FPPD-260139,509 E BELL RD,PHOENIX,1/23/2026 5:12:52 PM,Commercial,0.00,VALLEY FIRE SPRINKLER INC,,,Trash,negative=fire|sprinkler
S,26001101,S-26001101,https://apps-secure.phoenix.gov/PDD/Search/PermitDetails?permitNum=S-26001101,S-26001101,4701 N CENTRAL AVE,PHOENIX,1/23/2026 5:03:31 PM,Residential,4230.00,CORE CONSTRUCTION SERVICES OF AZ,CPGD-2506846,,Trash,no_hvac_signal
LPRM,2600407,LPRM-2600407,https://apps-secure.phoenix.gov/PDD/Search/PermitDetails?permitNum=LPRM-2600407,LPRM-2600407,6605 S 39TH AVE,PHOENIX,1/23/2026 4:52:36 PM,Commercial,10479.00,TO BE BID,,,Trash,no_hvac_signal
F800,2600286,F800-2600286,https://apps-secure.phoenix.gov/PDD/Search/PermitDetails?permitNum=F800-2600286,F800-2600286,5417 W LYDIA LN,PHOENIX,1/23/2026 4:43:06 PM,Commercial,0.00,ONEWORLDENERGY LLC,SPAD-1807361,,Trash,no_hvac_signal
RPV,26001100,RPV-26001100,https://apps-secure.phoenix.gov/PDD/Search/PermitDetails?permitNum=RPV-26001100,RPV-26001100,5417 W LYDIA LN,PHOENIX,1/23/2026 4:27:52 PM,Commercial,24600.00,ONEWORLDENERGY LLC,SPAD-1807361,,Trash,no_hvac_signal
RPV,26001099,RPV-26001099,https://apps-secure.phoenix.gov/PDD/Search/PermitDetails?permitNum=RPV-26001099,RPV-26001099,746 E SUNNYSLOPE LN,PHOENIX,1/23/2026 4:21:15 PM,Commercial,11070.00,ONEWORLDENERGY LLC,SPAD-0901501,,Trash,no_hvac_signal
ELEC,26001098,ELEC-26001098,https://apps-secure.phoenix.gov/PDD/Search/PermitDetails?permitNum=ELEC-26001098,ELEC-26001098,32200 N 43RD AVE,PHOENIX,1/23/2026 4:13:52 PM,Commercial,311897.44,MARKETECH INT'L CORP. USA,PHAS-2204068-17,,Trash,no_hvac_signal
ELEC,26001098,ELEC-26001098,https://apps-secure.phoenix.gov/PDD/Search/PermitDetails?permitNum=ELEC-26001098,ELEC-26001098,32200 N 43RD AVE,PHOENIX,1/23/2026 4:13:52 PM,Commercial,311897.44,MARKETECH INT'L CORP. USA,PHAS-2204068-17,,Trash,no_hvac_signal
CPGD,2600405,CPGD-2600405,https://apps-secure.phoenix.gov/PDD/Search/PermitDetails?permitNum=CPGD-2600405,CPGD-2600405,2914 E GARY WAY,PHOENIX,1/23/2026 4:12:53 PM,Residential,0.00,TO BE BID,,,Trash,no_hvac_signal
RPV,26001096,RPV-26001096,https://apps-secure.phoenix.gov/PDD/Search/PermitDetails?permitNum=RPV-26001096,RPV-26001096,2910 E DESERT COVE AVE,PHOENIX,1/23/2026 4:01:40 PM,Commercial,23750.00,ONEWORLDENERGY LLC,SPAD-2600064,,Trash,no_hvac_signal
F122,26001095,F122-26001095,https://apps-secure.phoenix.gov/PDD/Search/PermitDetails?permitNum=F122-26001095,F122-26001095,32200 N 43RD AVE,PHOENIX,1/23/2026 4:01:01 PM,Commercial,0.00,FIRETROL PROTECTION SYSTEMS INC,FPPD-252716,,Trash,no_hvac_signal
F122,26001095,F122-26001095,https://apps-secure.phoenix.gov/PDD/Search/PermitDetails?permitNum=F122-26001095,F122-26001095,32200 N 43RD AVE,PHOENIX,1/23/2026 4:01:01 PM,Commercial,0.00,FIRETROL PROTECTION SYSTEMS INC,FPPD-252716,,Trash,no_hvac_signal
LPRM,2600403,LPRM-2600403,https://apps-secure.phoenix.gov/PDD/Search/PermitDetails?permitNum=LPRM-2600403,LPRM-2600403,127 S 40TH PL,PHOENIX,1/23/2026 3:56:35 PM,Commercial,5000.00,A T MERIDIAN ELECTRICAL LLC,,,Trash,no_hvac_signal
F809,26001094,F809-26001094,https://apps-secure.phoenix.gov/PDD/Search/PermitDetails?permitNum=F809-26001094,F809-26001094,2 BILTMORE EST 110,PHOENIX,1/23/2026 3:47:03 PM,Residential,0.00,BENSON SECURITY SYSTEMS,,,Trash,no_hvac_signal
CWT,26001091,CWT-26001091,https://apps-secure.phoenix.gov/PDD/Search/PermitDetails?permitNum=CWT-26001091,CWT-26001091,6630 S 11TH ST,PHOENIX,1/23/2026 3:42:03 PM,Commercial,0.00,JOYCO CONSTRUCTION LLC,CPWT-2502605,,Trash,no_hvac_signal
CPR,26001092,CPR-26001092,https://apps-secure.phoenix.gov/PDD/Search/PermitDetails?permitNum=CPR-26001092,CPR-26001092,6630 S 11TH ST,PHOENIX,1/23/2026 3:42:03 PM,Commercial,0.00,JOYCO CONSTRUCTION LLC,CPWT-2502605,,Trash,no_hvac_signal
CCO,26001093,CCO-26001093,https://apps-secure.phoenix.gov/PDD/Search/PermitDetails?permitNum=CCO-26001093,CCO-26001093,6630 S 11TH ST,PHOENIX,1/23/2026 3:42:03 PM,Commercial,0.00,JOYCO CONSTRUCTION LLC,CPWT-2502605,,Trash,no_hvac_signal
FPPX,260138,FPPX-260138,https://apps-secure.phoenix.gov/PDD/Search/PermitDetails?permitNum=FPPX-260138,FPPX-260138,3550 E ROESER RD,PHOENIX,1/23/2026 3:38:13 PM,Commercial,0.00,DISTINCTIVE CONSTRUCTION GROUP LLC,,,Trash,no_hvac_signal
LPRR,2600400,LPRR-2600400,https://apps-secure.phoenix.gov/PDD/Search/PermitDetails?permitNum=LPRR-2600400,LPRR-2600400,705 N 1ST ST,PHOENIX,1/23/2026 3:34:07 PM,Commercial,389600.00,TO BE BID,,,Trash,no_hvac_signal
FPPR,260050,FPPR-260050,https://apps-secure.phoenix.gov/PDD/Search/PermitDetails?permitNum=FPPR-260050,FPPR-260050,4290 E INDIAN SCHOOL RD,PHOENIX,1/23/2026 3:28:03 PM,Commercial,0.00,OWNER,SPAD-0411123,,Trash,no_hvac_signal
LPRR,2600398,LPRR-2600398,https://apps-secure.phoenix.gov/PDD/Search/PermitDetails?permitNum=LPRR-2600398,LPRR-2600398,5858 W LOWER BUCKEYE RD,PHOENIX,1/23/2026 3:07:45 PM,Commercial,65000.00,TO BE BID,,,Trash,no_hvac_signal
TCO,26001089,TCO-26001089,https://apps-secure.phoenix.gov/PDD/Search/PermitDetails?permitNum=TCO-26001089,TCO-26001089,1030 N 1ST ST,PHOENIX,1/23/2026 3:04:30 PM,Commercial,5000000.00,IRWIN CONSTRUCTION COMPANY LLC,BLD-24006446,,Trash,no_hvac_signal
WSSD,26001088,WSSD-26001088,https://apps-secure.phoenix.gov/PDD/Search/PermitDetails?permitNum=WSSD-26001088,WSSD-26001088,2629 E ROSE GARDEN LN,PHOENIX,1/23/2026 2:57:21 PM,Commercial,0.00,SERVICE 1ST FIRE PROTECTION L L C,SPAD-0321998,,Trash,negative=fire
LPRM,2600396,LPRM-2600396,https://apps-secure.phoenix.gov/PDD/Search/PermitDetails?permitNum=LPRM-2600396,LPRM-2600396,13 W JEFFERSON ST,PHOENIX,1/23/2026 2:57:14 PM,Commercial,35500.00,TO BE BID,,,Trash,no_hvac_signal
CMC,26001087,CMC-26001087,https://apps-secure.phoenix.gov/PDD/Search/PermitDetails?permitNum=CMC-26001087,CMC-26001087,,PHOENIX,1/23/2026 2:55:03 PM,Commercial,0.00,ELITE UNDERGROUND LLC,CCPH-2400381,,Trash,no_hvac_signal
BLD,26001086,BLD-26001086,https://apps-secure.phoenix.gov/PDD/Search/PermitDetails?permitNum=BLD-26001086,BLD-26001086,3603 E INDIAN SCHOOL RD,PHOENIX,1/23/2026 2:48:34 PM,Commercial,225000.00,LOGAN CONSTRUCTION LLC,LPRR-2504429,,Trash,no_hvac_signal
OP,26001085,OP-26001085,https://apps-secure.phoenix.gov/PDD/Search/PermitDetails?permitNum=OP-26001085,OP-26001085,6629 W CLARENDON AVE,PHOENIX,1/23/2026 2:38:13 PM,Commercial,150.00,PHOENIX PLUMBING AND DRAIN SERVICE INC,SPAD-0522798,,Trash,negative=plumb(?:ing)?
FPPD,260137,FPPD-260137,https://apps-secure.phoenix.gov/PDD/Search/PermitDetails?permitNum=FPPD-260137,FPPD-260137,1511 S 47TH AVE,PHOENIX,1/23/2026 2:29:46 PM,Commercial,0.00,RAYMOND HANDLING SOLUTIONS INC.,,,Trash,no_hvac_signal
CPPA,2600395,CPPA-2600395,https://apps-secure.phoenix.gov/PDD/Search/PermitDetails?permitNum=CPPA-2600395,CPPA-2600395,922 N 2ND ST,PHOENIX,1/23/2026 2:29:18 PM,Commercial,0.00,TO BE BID,,,Trash,no_hvac_signal
F159,26001084,F159-26001084,https://apps-secure.phoenix.gov/PDD/Search/PermitDetails?permitNum=F159-26001084,F159-26001084,4452 E HORSESHOE RD,PHOENIX,1/23/2026 2:25:19 PM,Commercial,0.00,ALPHA FIRE PROTECTION INC,FPPX-260094,,Trash,negative=fire
ELEC,26001083,ELEC-26001083,https://apps-secure.phoenix.gov/PDD/Search/PermitDetails?permitNum=ELEC-26001083,ELEC-26001083,9856 N 19TH DR,PHOENIX,1/23/2026 2:24:15 PM,Commercial,20000.00,EXTREME CONTRACTING LLC,LPRM-2507162,,Trash,no_hvac_signal
FPPD,260136,FPPD-260136,https://apps-secure.phoenix.gov/PDD/Search/PermitDetails?permitNum=FPPD-260136,FPPD-260136,3050 S 35TH ST,PHOENIX,1/23/2026 2:20:24 PM,Commercial,0.00,RAYMOND HANDLING SOLUTIONS INC.,,,Trash,no_hvac_signal
S,26001082,S-26001082,https://apps-secure.phoenix.gov/PDD/Search/PermitDetails?permitNum=S-26001082,S-26001082,2323 W ROSE GARDEN LN,PHOENIX,1/23/2026 2:13:48 PM,Commercial,61260.00,DUNN/POWERS CASTER CORPORATION OF ARIZONA,LPRM-2505769,,Trash,no_hvac_signal
FPPD,260135,FPPD-260135,https://apps-secure.phoenix.gov/PDD/Search/PermitDetails?permitNum=FPPD-260135,FPPD-260135,2311 W UTOPIA RD,PHOENIX,1/23/2026 2:09:36 PM,Commercial,0.00,RAYMOND HANDLING SOLUTIONS INC.,,,Trash,no_hvac_signal
BLD,26001080,BLD-26001080,https://apps-secure.phoenix.gov/PDD/Search/PermitDetails?permitNum=BLD-26001080,BLD-26001080,5800 W ELLIOT RD,PHOENIX,1/23/2026 1:56:16 PM,Commercial,376539.00,SODELLA CONSTRUCTION INC,LPRN-2205879,,Trash,no_hvac_signal
CSIT,26001081,CSIT-26001081,https://apps-secure.phoenix.gov/PDD/Search/PermitDetails?permitNum=CSIT-26001081,CSIT-26001081,5800 W ELLIOT RD,PHOENIX,1/23/2026 1:56:16 PM,Commercial,0.00,SODELLA CONSTRUCTION INC,LPRN-2205879,,Trash,no_hvac_signal
CLS,26001079,CLS-26001079,https://apps-secure.phoenix.gov/PDD/Search/PermitDetails?permitNum=CLS-26001079,CLS-26001079,,PHOENIX,1/23/2026 1:55:41 PM,Commercial,0.00,GOTHIC LANDSCAPING INC,LSPL-2500992,,Trash,no_hvac_signal
CLS,26001079,CLS-26001079,https://apps-secure.phoenix.gov/PDD/Search/PermitDetails?permitNum=CLS-26001079,CLS-26001079,,PHOENIX,1/23/2026 1:55:41 PM,Commercial,0.00,GOTHIC LANDSCAPING INC,LSPL-2500992,,Trash,no_hvac_signal
FPPD,260134,FPPD-260134,https://apps-secure.phoenix.gov/PDD/Search/PermitDetails?permitNum=FPPD-260134,FPPD-260134,5100 E ROOSEVELT ST,PHOENIX,1/23/2026 1:54:19 PM,Commercial,0.00,API GROUP LIFE SAFETY USA LLC,,,Trash,no_hvac_signal
POOL,26001076,POOL-26001076,https://apps-secure.phoenix.gov/PDD/Search/PermitDetails?permitNum=POOL-26001076,POOL-26001076,9225 W INDIAN SCHOOL RD,PHOENIX,1/23/2026 1:36:46 PM,Commercial,95359.00,CODY POOLS INC,LPRM-2504446,,Trash,no_hvac_signal
F805,26001075,F805-26001075,https://apps-secure.phoenix.gov/PDD/Search/PermitDetails?permitNum=F805-26001075,F805-26001075,6929 E GREENWAY PKWY,PHOENIX,1/23/2026 1:36:27 PM,Commercial,0.00,G FORCE COMMUNICATIONS LLC,SPAD-0005030,,Trash,no_hvac_signal
F805,26001074,F805-26001074,https://apps-secure.phoenix.gov/PDD/Search/PermitDetails?permitNum=F805-26001074,F805-26001074,6929 E GREENWAY PKWY,PHOENIX,1/23/2026 1:34:28 PM,Commercial,0.00,G FORCE COMMUNICATIONS LLC,SPAD-0005030,,Trash,no_hvac_signal
F805,26001073,F805-26001073,https://apps-secure.phoenix.gov/PDD/Search/PermitDetails?permitNum=F805-26001073,F805-26001073,6909 E GREENWAY PKWY,PHOENIX,1/23/2026 1:32:26 PM,Commercial,0.00,G FORCE COMMUNICATIONS LLC,SPAD-0712753,,Trash,no_hvac_signal
F238,2600285,F238-2600285,https://apps-secure.phoenix.gov/PDD/Search/PermitDetails?permitNum=F238-2600285,F238-2600285,4747 E BELL RD,PHOENIX,1/23/2026 1:32:04 PM,Commercial,0.00,GLOBAL SYSTEMS UNITED LLC,FPPR-251233,,Trash,no_hvac_signal
CPFL,2600394,CPFL-2600394,https://apps-secure.phoenix.gov/PDD/Search/PermitDetails?permitNum=CPFL-2600394,CPFL-2600394,2888 W SONORAN DESERT DR,PHOENIX,1/23/2026 1:31:02 PM,Commercial,0.00,TO BE BID,,,Trash,no_hvac_signal
F805,26001072,F805-26001072,https://apps-secure.phoenix.gov/PDD/Search/PermitDetails?permitNum=F805-26001072,F805-26001072,6909 E GREENWAY PKWY,PHOENIX,1/23/2026 1:28:39 PM,Commercial,0.00,G FORCE COMMUNICATIONS LLC,SPAD-2001723,,Trash,no_hvac_signal
FPPD,260133,FPPD-260133,https://apps-secure.phoenix.gov/PDD/Search/PermitDetails?permitNum=FPPD-260133,FPPD-260133,834 E TONTO ST,PHOENIX,1/23/2026 1:27:48 PM,Residential,0.00,AIDANT FIRE PROTECTION CO,,,Trash,negative=fire
FPPD,260133,FPPD-260133,https://apps-secure.phoenix.gov/PDD/Search/PermitDetails?permitNum=FPPD-260133,FPPD-260133,834 E TONTO ST,PHOENIX,1/23/2026 1:27:48 PM,Residential,0.00,AIDANT FIRE PROTECTION CO,,,Trash,negative=fire
F805,26001071,F805-26001071,https://apps-secure.phoenix.gov/PDD/Search/PermitDetails?permitNum=F805-26001071,F805-26001071,14850 N SCOTTSDALE RD,PHOENIX,1/23/2026 1:26:13 PM,Commercial,0.00,G FORCE COMMUNICATIONS LLC,SPAD-0512410,,Trash,no_hvac_signal
WSSD,26001070,WSSD-26001070,https://apps-secure.phoenix.gov/PDD/Search/PermitDetails?permitNum=WSSD-26001070,WSSD-26001070,2452 W SHERMAN ST,PHOENIX,1/23/2026 1:18:18 PM,Commercial,0.00,A C S INSPECTION SERVICES LLC,SPAD-0100080,,Trash,no_hvac_signal
WSSD,26001069,WSSD-26001069,https://apps-secure.phoenix.gov/PDD/Search/PermitDetails?permitNum=WSSD-26001069,WSSD-26001069,75 N 49TH AVE,PHOENIX,1/23/2026 1:17:06 PM,Commercial,0.00,A C S INSPECTION SERVICES LLC,SPAD-0013574,,Trash,no_hvac_signal
LPRN,2600393,LPRN-2600393,https://apps-secure.phoenix.gov/PDD/Search/PermitDetails?permitNum=LPRN-2600393,LPRN-2600393,9202 N 35TH AVE,PHOENIX,1/23/2026 1:05:56 PM,Commercial,222360.00,TO BE BID,,,Trash,no_hvac_signal
LPRN,2600392,LPRN-2600392,https://apps-secure.phoenix.gov/PDD/Search/PermitDetails?permitNum=LPRN-2600392,LPRN-2600392,1404 N 43RD AVE,PHOENIX,1/23/2026 1:04:22 PM,Commercial,750000.00,TO BE BID,,,Trash,no_hvac_signal
FPPR,260048,FPPR-260048,https://apps-secure.phoenix.gov/PDD/Search/PermitDetails?permitNum=FPPR-260048,FPPR-260048,21401 N 21ST AVE,PHOENIX,1/23/2026 12:55:26 PM,Commercial,0.00,GLOBAL SYSTEMS UNITED LLC,FITM-T158128,,Trash,no_hvac_signal
BLD,26001068,BLD-26001068,https://apps-secure.phoenix.gov/PDD/Search/PermitDetails?permitNum=BLD-26001068,BLD-26001068,2441 E INDIAN SCHOOL RD,PHOENIX,1/23/2026 12:50:29 PM,Commercial,194998.95,VALL  CUSTOM HOMES LLC,LPRT-2505557,,Trash,no_hvac_signal
S,26001064,S-26001064,https://apps-secure.phoenix.gov/PDD/Search/PermitDetails?permitNum=S-26001064,S-26001064,3420 W PEORIA AVE,PHOENIX,1/23/2026 12:19:21 PM,Residential,9000.00,BOOTH BUILT PATIO PRODUCTS L L C,LPRM-2506799,,Trash,no_hvac_signal
SE,26001061,SE-26001061,https://apps-secure.phoenix.gov/PDD/Search/PermitDetails?permitNum=SE-26001061,SE-26001061,7840 W LOWER BUCKEYE RD,PHOENIX,1/23/2026 12:07:39 PM,Commercial,48000.00,ADB COMPANIES LLC,LPRM-2504852,,Trash,no_hvac_signal
BLD,26001060,BLD-26001060,https://apps-secure.phoenix.gov/PDD/Search/PermitDetails?permitNum=BLD-26001060,BLD-26001060,100 E CAMELBACK RD,PHOENIX,1/23/2026 12:02:33 PM,Commercial,99867.60,SYMMETRY CONSTRUCTION LLC,LPRR-2506326,,Trash,no_hvac_signal
LPSG,260085,LPSG-260085,https://apps-secure.phoenix.gov/PDD/Search/PermitDetails?permitNum=LPSG-260085,LPSG-260085,6635 W HAPPY VALLEY RD,PHOENIX,1/23/2026 12:02:02 PM,Commercial,3500.00,BOOTZ & DUKE SIGN COMPANY,,,Trash,negative=sign
LPRM,2600391,LPRM-2600391,https://apps-secure.phoenix.gov/PDD/Search/PermitDetails?permitNum=LPRM-2600391,LPRM-2600391,9832 N 7TH PL,PHOENIX,1/23/2026 11:52:34 AM,Commercial,22500.00,VIVE CONSTRUCTION LLC,,,Trash,no_hvac_signal
LSIS,2600390,LSIS-2600390,https://apps-secure.phoenix.gov/PDD/Search/PermitDetails?permitNum=LSIS-2600390,LSIS-2600390,2045 W HILTON AVE,PHOENIX,1/23/2026 11:37:30 AM,Commercial,0.00,COMMERCE CONSTRUCTION CO LIMITED PARTNERSHIP,,,Trash,no_hvac_signal
LSPL,2600389,LSPL-2600389,https://apps-secure.phoenix.gov/PDD/Search/PermitDetails?permitNum=LSPL-2600389,LSPL-2600389,2045 W HILTON AVE,PHOENIX,1/23/2026 11:33:43 AM,Commercial,0.00,COMMERCE CONSTRUCTION CO LIMITED PARTNERSHIP,,,Trash,no_hvac_signal
WSHM,26001058,WSHM-26001058,https://apps-secure.phoenix.gov/PDD/Search/PermitDetails?permitNum=WSHM-26001058,WSHM-26001058,9301 W BROADWAY RD,PHOENIX,1/23/2026 11:30:25 AM,Commercial,0.00,GYS GENERAL CONTRACTING LLC,CCPH-2400454,,Trash,no_hvac_signal
F100,26001057,F100-26001057,https://apps-secure.phoenix.gov/PDD/Search/PermitDetails?permitNum=F100-26001057,F100-26001057,4700 S 44TH PL,PHOENIX,1/23/2026 11:29:21 AM,Commercial,0.00,JET INDUSTRIES INC,FPPD-260051,,Trash,no_hvac_signal
OS,26001056,OS-26001056,https://apps-secure.phoenix.gov/PDD/Search/PermitDetails?permitNum=OS-26001056,OS-26001056,21043 N CAVE CREEK RD 1,PHOENIX,1/23/2026 11:24:29 AM,Commercial,20000.00,M & M BUILDERS LLC,SPAD-0104306,,Trash,no_hvac_signal
FPPD,260132,FPPD-260132,https://apps-secure.phoenix.gov/PDD/Search/PermitDetails?permitNum=FPPD-260132,FPPD-260132,5111 N 41ST ST,PHOENIX,1/23/2026 11:02:34 AM,Commercial,0.00,FIRE SPRINKLER INSTALLERS LLC,,,Trash,negative=fire|sprinkler
BLD,26001055,BLD-26001055,https://apps-secure.phoenix.gov/PDD/Search/PermitDetails?permitNum=BLD-26001055,BLD-26001055,801 E WASHINGTON ST,PHOENIX,1/23/2026 11:00:32 AM,Commercial,700000.00,BPR COMPANIES LLC,LPRR-2506373,,Trash,no_hvac_signal
F809,26001053,F809-26001053,https://apps-secure.phoenix.gov/PDD/Search/PermitDetails?permitNum=F809-26001053,F809-26001053,1614 W ROOSEVELT ST,PHOENIX,1/23/2026 10:57:56 AM,Commercial,0.00,AIDANT FIRE PROTECTION CO,,,Trash,negative=fire
F802,26001049,F802-26001049,https://apps-secure.phoenix.gov/PDD/Search/PermitDetails?permitNum=F802-26001049,F802-26001049,1614 W ROOSEVELT ST,PHOENIX,1/23/2026 10:52:29 AM,Commercial,0.00,AIDANT FIRE PROTECTION CO,,,Trash,negative=fire
F802,26001048,F802-26001048,https://apps-secure.phoenix.gov/PDD/Search/PermitDetails?permitNum=F802-26001048,F802-26001048,9796 W MCDOWELL RD,PHOENIX,1/23/2026 10:47:35 AM,Commercial,0.00,GLOBAL SYSTEMS UNITED LLC,,,Trash,no_hvac_signal
SCSR,2600387,SCSR-2600387,https://apps-secure.phoenix.gov/PDD/Search/PermitDetails?permitNum=SCSR-2600387,SCSR-2600387,19640 N 35TH AVE,PHOENIX,1/23/2026 10:46:30 AM,Residential,0.00,OWNER,,,Trash,no_hvac_signal
CPSW,2600386,CPSW-2600386,https://apps-secure.phoenix.gov/PDD/Search/PermitDetails?permitNum=CPSW-2600386,CPSW-2600386,922 N 2ND ST,PHOENIX,1/23/2026 10:41:27 AM,Commercial,0.00,TO BE BID,,,Trash,no_hvac_signal
BLD,26001046,BLD-26001046,https://apps-secure.phoenix.gov/PDD/Search/PermitDetails?permitNum=BLD-26001046,BLD-26001046,4150 S RIVERPOINT PKWY,PHOENIX,1/23/2026 10:23:41 AM,Commercial,4357550.00,BRYCON CONSTRUCTION,LPRR-2403542,,Trash,no_hvac_signal
RPV,26001045,RPV-26001045,https://apps-secure.phoenix.gov/PDD/Search/PermitDetails?permitNum=RPV-26001045,RPV-26001045,1964 E ROSEMONTE DR,PHOENIX,1/23/2026 10:21:34 AM,Commercial,36000.00,BENY'S SOLAR LLC,SPAD-2504158,,Trash,negative=solar(?: pv)?
BLD,26001043,BLD-26001043,https://apps-secure.phoenix.gov/PDD/Search/PermitDetails?permitNum=BLD-26001043,BLD-26001043,5937 E CACTUS RD,PHOENIX,1/23/2026 10:16:24 AM,Commercial,986857.60,ALL SOURCE CONTRACTING L L C,LPRN-2403056,,Trash,no_hvac_signal
F105,26001042,F105-26001042,https://apps-secure.phoenix.gov/PDD/Search/PermitDetails?permitNum=F105-26001042,F105-26001042,3211 E BASELINE RD,PHOENIX,1/23/2026 10:14:43 AM,Residential,1.00,OLYMPIC WEST FIRE PROTECTION,FPPD-260001,,Trash,negative=fire
RPV,26001041,RPV-26001041,https://apps-secure.phoenix.gov/PDD/Search/PermitDetails?permitNum=RPV-26001041,RPV-26001041,4125 W CROCUS DR,PHOENIX,1/23/2026 10:08:28 AM,Commercial,23370.00,ONEWORLDENERGY LLC,SPAD-1504339,,Trash,no_hvac_signal
FPPX,260131,FPPX-260131,https://apps-secure.phoenix.gov/PDD/Search/PermitDetails?permitNum=FPPX-260131,FPPX-260131,100 S 48TH ST,PHOENIX,1/23/2026 10:02:23 AM,Commercial,0.00,MC SHANE CONSTRUCTION COMPANY L L C,SPAD-2300172,,Trash,no_hvac_signal
FPPD,260130,FPPD-260130,https://apps-secure.phoenix.gov/PDD/Search/PermitDetails?permitNum=FPPD-260130,FPPD-260130,12215 N 62ND PL,PHOENIX,1/23/2026 9:53:39 AM,Commercial,0.00,DEW S FIRE PROTECTION INC,,,Trash,negative=fire
LPRM,2600384,LPRM-2600384,https://apps-secure.phoenix.gov/PDD/Search/PermitDetails?permitNum=LPRM-2600384,LPRM-2600384,246 E WATKINS ST,PHOENIX,1/23/2026 9:49:07 AM,Commercial,50000.00,CANNON AND WENDT ELECTRIC CO INC,,,Trash,no_hvac_signal
DEM,26001035,DEM-26001035,https://apps-secure.phoenix.gov/PDD/Search/PermitDetails?permitNum=DEM-26001035,DEM-26001035,6903 W THOMAS RD,PHOENIX,1/23/2026 9:41:56 AM,Commercial,10000.00,ADVANCED DEMOLITION LLC,SPAD-2600021,,Trash,no_hvac_signal
DEM,26001039,DEM-26001039,https://apps-secure.phoenix.gov/PDD/Search/PermitDetails?permitNum=DEM-26001039,DEM-26001039,6903 W THOMAS RD,PHOENIX,1/23/2026 9:41:56 AM,Commercial,3060.00,ADVANCED DEMOLITION LLC,SPAD-2600021,,Trash,no_hvac_signal
DEM,26001037,DEM-26001037,https://apps-secure.phoenix.gov/PDD/Search/PermitDetails?permitNum=DEM-26001037,DEM-26001037,6903 W THOMAS RD,PHOENIX,1/23/2026 9:41:56 AM,Commercial,2587.50,ADVANCED DEMOLITION LLC,SPAD-2600021,,Trash,no_hvac_signal
DEM,26001038,DEM-26001038,https://apps-secure.phoenix.gov/PDD/Search/PermitDetails?permitNum=DEM-26001038,DEM-26001038,6903 W THOMAS RD,PHOENIX,1/23/2026 9:41:56 AM,Commercial,1575.00,ADVANCED DEMOLITION LLC,SPAD-2600021,,Trash,no_hvac_signal
DEM,26001040,DEM-26001040,https://apps-secure.phoenix.gov/PDD/Search/PermitDetails?permitNum=DEM-26001040,DEM-26001040,6903 W THOMAS RD,PHOENIX,1/23/2026 9:41:56 AM,Commercial,1500.00,ADVANCED DEMOLITION LLC,SPAD-2600021,,Trash,no_hvac_signal
DEM,26001036,DEM-26001036,https://apps-secure.phoenix.gov/PDD/Search/PermitDetails?permitNum=DEM-26001036,DEM-26001036,6903 W THOMAS RD,PHOENIX,1/23/2026 9:41:56 AM,Commercial,1000.00,ADVANCED DEMOLITION LLC,SPAD-2600021,,Trash,no_hvac_signal
F481,26001034,F481-26001034,https://apps-secure.phoenix.gov/PDD/Search/PermitDetails?permitNum=F481-26001034,F481-26001034,9628 N 21ST DR,PHOENIX,1/23/2026 9:39:27 AM,Commercial,0.00,METRO VALLEY SYSTEMS LLC,FPPD-250703,,Trash,no_hvac_signal
LPRM,2600382,LPRM-2600382,https://apps-secure.phoenix.gov/PDD/Search/PermitDetails?permitNum=LPRM-2600382,LPRM-2600382,802 E VAN BUREN ST,PHOENIX,1/23/2026 9:35:16 AM,Commercial,30000.00,TO BE BID,,,Trash,no_hvac_signal
LPRM,2600381,LPRM-2600381,https://apps-secure.phoenix.gov/PDD/Search/PermitDetails?permitNum=LPRM-2600381,LPRM-2600381,2340 W CACTUS RD,PHOENIX,1/23/2026 9:30:11 AM,Commercial,30000.00,TO BE BID,,,Trash,no_hvac_signal
AMND,99-3941A3,AMND-99-3941A3,https://apps-secure.phoenix.gov/PDD/Search/PermitDetails?permitNum=AMND-99-3941A3,AMND-99-3941A3,3004 E MCDOWELL RD,PHOENIX,1/23/2026 9:27:08 AM,Residential,0.00,OWNER,,,Trash,no_hvac_signal
WSHM,26001033,WSHM-26001033,https://apps-secure.phoenix.gov/PDD/Search/PermitDetails?permitNum=WSHM-26001033,WSHM-26001033,6903 W THOMAS RD,PHOENIX,1/23/2026 9:11:30 AM,Commercial,0.00,NRP CONTRACTORS II LLC,CCPH-2500200,,Trash,no_hvac_signal
ELEC,26001032,ELEC-26001032,https://apps-secure.phoenix.gov/PDD/Search/PermitDetails?permitNum=ELEC-26001032,ELEC-26001032,1611 E COPPER SPRINGS RD,PHOENIX,1/23/2026 9:04:46 AM,Commercial,8400.00,TAYLOR MORRISON ARIZONA INC,LPRM-2500576,,Trash,no_hvac_signal
ELEC,26001031,ELEC-26001031,https://apps-secure.phoenix.gov/PDD/Search/PermitDetails?permitNum=ELEC-26001031,ELEC-26001031,29720 N 17TH PL,PHOENIX,1/23/2026 9:03:44 AM,Commercial,15400.00,TAYLOR MORRISON ARIZONA INC,LPRM-2500575,,Trash,no_hvac_signal
ELEC,26001030,ELEC-26001030,https://apps-secure.phoenix.gov/PDD/Search/PermitDetails?permitNum=ELEC-26001030,ELEC-26001030,29620 N 16TH PL,PHOENIX,1/23/2026 9:03:08 AM,Commercial,15400.00,TAYLOR MORRISON ARIZONA INC,LPRM-2500575,,Trash,no_hvac_signal
ELEC,26001029,ELEC-26001029,https://apps-secure.phoenix.gov/PDD/Search/PermitDetails?permitNum=ELEC-26001029,ELEC-26001029,29530 N 18TH PL,PHOENIX,1/23/2026 9:00:16 AM,Commercial,39200.00,TAYLOR MORRISON ARIZONA INC,LPRM-2500574,,Trash,no_hvac_signal
ELEC,26001028,ELEC-26001028,https://apps-secure.phoenix.gov/PDD/Search/PermitDetails?permitNum=ELEC-26001028,ELEC-26001028,29720 N 19TH PL,PHOENIX,1/23/2026 8:59:23 AM,Commercial,39200.00,TAYLOR MORRISON ARIZONA INC,LPRM-2500574,,Trash,no_hvac_signal
CPFL,2600380,CPFL-2600380,https://apps-secure.phoenix.gov/PDD/Search/PermitDetails?permitNum=CPFL-2600380,CPFL-2600380,7101 N 27TH AVE,PHOENIX,1/23/2026 8:57:32 AM,Residential,0.00,TO BE BID,,,Trash,no_hvac_signal
RPV,26001027,RPV-26001027,https://apps-secure.phoenix.gov/PDD/Search/PermitDetails?permitNum=RPV-26001027,RPV-26001027,2909 E HARTFORD AVE,PHOENIX,1/23/2026 8:55:57 AM,Commercial,21165.00,EMPOWER ELECTRIC INC,SPAD-0902056,,Trash,no_hvac_signal
RPV,26001026,RPV-26001026,https://apps-secure.phoenix.gov/PDD/Search/PermitDetails?permitNum=RPV-26001026,RPV-26001026,3037 W VILLA RITA DR,PHOENIX,1/23/2026 8:48:04 AM,Commercial,36432.00,EMPOWER ELECTRIC INC,SPAD-2203093,,Trash,no_hvac_signal
F875,26001025,F875-26001025,https://apps-secure.phoenix.gov/PDD/Search/PermitDetails?permitNum=F875-26001025,F875-26001025,19810 N 7TH AVE,PHOENIX,1/23/2026 8:45:28 AM,Commercial,0.00,SUMMIT FIRE PROTECTION CO,,,Trash,negative=fire
LPRR,2600379,LPRR-2600379,https://apps-secure.phoenix.gov/PDD/Search/PermitDetails?permitNum=LPRR-2600379,LPRR-2600379,13440 N 7TH ST,PHOENIX,1/23/2026 8:36:42 AM,Commercial,60000.00,DEHORTY CONTRACTING AND MANAGEMENT SERVICES L L C,,,Trash,no_hvac_signal
F809,26001022,F809-26001022,https://apps-secure.phoenix.gov/PDD/Search/PermitDetails?permitNum=F809-26001022,F809-26001022,7375 W BUCKEYE RD,PHOENIX,1/23/2026 8:35:09 AM,Commercial,0.00,COURTNEY FIRE PROTECTION,,,Trash,negative=fire
WSHM,26001021,WSHM-26001021,https://apps-secure.phoenix.gov/PDD/Search/PermitDetails?permitNum=WSHM-26001021,WSHM-26001021,,PHOENIX,1/23/2026 8:33:41 AM,Commercial,0.00,HUNTER CONTRACTING COMPANY,SDEV-2600004,,Trash,no_hvac_signal
CSW,26001020,CSW-26001020,https://apps-secure.phoenix.gov/PDD/Search/PermitDetails?permitNum=CSW-26001020,CSW-26001020,2225 W PINNACLE PEAK RD,PHOENIX,1/23/2026 8:27:41 AM,Commercial,0.00,SWIFT PIPELINE LLC,CPSW-2502841,,Trash,no_hvac_signal
F809,26001018,F809-26001018,https://apps-secure.phoenix.gov/PDD/Search/PermitDetails?permitNum=F809-26001018,F809-26001018,21039 N CAVE CREEK RD 3,PHOENIX,1/23/2026 8:12:04 AM,Commercial,0.00,STOP FIRE,,,Trash,negative=fire
ELEV,26001017,ELEV-26001017,https://apps-secure.phoenix.gov/PDD/Search/PermitDetails?permitNum=ELEV-26001017,ELEV-26001017,13221 N 34TH ST,PHOENIX,1/23/2026 7:17:33 AM,Commercial,62000.00,FLANIGAN LIFTS LLC,LPBE-T141568,,Trash,no_hvac_signal
FPPD,260129,FPPD-260129,https://apps-secure.phoenix.gov/PDD/Search/PermitDetails?permitNum=FPPD-260129,FPPD-260129,4506 E KERBY AVE,PHOENIX,1/23/2026 5:56:44 AM,Commercial,0.00,TO BE BID,,,Trash,no_hvac_signal
RS,26001051,RS-26001051,https://apps-secure.phoenix.gov/PDD/Search/PermitDetails?permitNum=RS-26001051,RS-26001051,6532 W GOLD MOUNTAIN PASS,PHOENIX,1/23/2026 12:00:00 AM,Commercial,75918.15,MAST CUSTOM HOMES LLC,CPHG-2306020,,Trash,no_hvac_signal
SGNP,214979,SGNP-214979,https://apps-secure.phoenix.gov/PDD/Search/PermitDetails?permitNum=SGNP-214979,SGNP-214979,4066 N 93RD AVE,PHOENIX,1/23/2026 12:00:00 AM,Commercial,10000.00,YAVAPAI SIGN LLC,LPSG-251487,,Trash,negative=sign
SGNP,214980,SGNP-214980,https://apps-secure.phoenix.gov/PDD/Search/PermitDetails?permitNum=SGNP-214980,SGNP-214980,4066 N 93RD AVE,PHOENIX,1/23/2026 12:00:00 AM,Commercial,10000.00,YAVAPAI SIGN LLC,LPSG-251487,,Trash,negative=sign
SGNP,214981,SGNP-214981,https://apps-secure.phoenix.gov/PDD/Search/PermitDetails?permitNum=SGNP-214981,SGNP-214981,4066 N 93RD AVE,PHOENIX,1/23/2026 12:00:00 AM,Commercial,10000.00,YAVAPAI SIGN LLC,LPSG-251487,,Trash,negative=sign
SGNP,214982,SGNP-214982,https://apps-secure.phoenix.gov/PDD/Search/PermitDetails?permitNum=SGNP-214982,SGNP-214982,4066 N 93RD AVE,PHOENIX,1/23/2026 12:00:00 AM,Commercial,10000.00,YAVAPAI SIGN LLC,LPSG-251487,,Trash,negative=sign
OE,26001062,OE-26001062,https://apps-secure.phoenix.gov/PDD/Search/PermitDetails?permitNum=OE-26001062,OE-26001062,4910 E EARLL DR,PHOENIX,1/23/2026 12:00:00 AM,Commercial,9000.00,BEST ELECTRICAL SERVICES LLC,SPAD-1502978,,Trash,no_hvac_signal
OE,26001063,OE-26001063,https://apps-secure.phoenix.gov/PDD/Search/PermitDetails?permitNum=OE-26001063,OE-26001063,4910 E EARLL DR,PHOENIX,1/23/2026 12:00:00 AM,Commercial,5000.00,BEST ELECTRICAL SERVICES LLC,SPAD-1502978,,Trash,no_hvac_signal
SGNP,214978,SGNP-214978,https://apps-secure.phoenix.gov/PDD/Search/PermitDetails?permitNum=SGNP-214978,SGNP-214978,2411 W NORTHERN AVE,PHOENIX,1/23/2026 12:00:00 AM,Commercial,3000.00,BOOTZ & DUKE SIGN COMPANY,LPSG-260063,,Trash,negative=sign
CSL,26001050,CSL-26001050,https://apps-secure.phoenix.gov/PDD/Search/PermitDetails?permitNum=CSL-26001050,CSL-26001050,6532 W GOLD MOUNTAIN PASS,PHOENIX,1/23/2026 12:00:00 AM,Commercial,0.00,MAST CUSTOM HOMES LLC,CPHG-2306020,,Trash,no_hvac_signal
CSL,26001065,CSL-26001065,https://apps-secure.phoenix.gov/PDD/Search/PermitDetails?permitNum=CSL-26001065,CSL-26001065,2046 N 52ND ST,PHOENIX,1/23/2026 12:00:00 AM,Commercial,0.00,BLOOMER CONSTRUCTION INC,CPGD-2504071,,Trash,no_hvac_signal
CDW,26001066,CDW-26001066,https://apps-secure.phoenix.gov/PDD/Search/PermitDetails?permitNum=CDW-26001066,CDW-26001066,2046 N 52ND ST,PHOENIX,1/23/2026 12:00:00 AM,Commercial,0.00,BLOOMER CONSTRUCTION INC,CPGD-2504071,,Trash,no_hvac_signal
CPR,26001067,CPR-26001067,https://apps-secure.phoenix.gov/PDD/Search/PermitDetails?permitNum=CPR-26001067,CPR-26001067,2046 N 52ND ST,PHOENIX,1/23/2026 12:00:00 AM,Commercial,0.00,BLOOMER CONSTRUCTION INC,CPGD-2504071,,Trash,no_hvac_signal
WSSD,26001077,WSSD-26001077,https://apps-secure.phoenix.gov/PDD/Search/PermitDetails?permitNum=WSSD-26001077,WSSD-26001077,810 E GLENDALE AVE,PHOENIX,1/23/2026 12:00:00 AM,Residential,0.00,ALLIED FIRE PROTECTION,SPAD-0300460,,Trash,negative=fire
WSSD,26001078,WSSD-26001078,https://apps-secure.phoenix.gov/PDD/Search/PermitDetails?permitNum=WSSD-26001078,WSSD-26001078,810 E GLENDALE AVE,PHOENIX,1/23/2026 12:00:00 AM,Residential,0.00,ALLIED FIRE PROTECTION,SPAD-0300460,,Trash,negative=fire
WSFT,26001016,WSFT-26001016,https://apps-secure.phoenix.gov/PDD/Search/PermitDetails?permitNum=WSFT-26001016,WSFT-26001016,,PHOENIX,1/22/2026 5:13:47 PM,Residential,0.00,HELIX ENGINEERING,SDEV-2600006,,Trash,no_hvac_signal
F134,26001015,F134-26001015,https://apps-secure.phoenix.gov/PDD/Search/PermitDetails?permitNum=F134-26001015,F134-26001015,1550 E BASELINE RD,PHOENIX,1/22/2026 5:07:22 PM,Residential,0.00,ALLIED FIRE PROTECTION,FPPD-252589,,Trash,negative=fire
CLT,26001014,CLT-26001014,https://apps-secure.phoenix.gov/PDD/Search/PermitDetails?permitNum=CLT-26001014,CLT-26001014,6124 N CAMELBACK MANOR DR,PHOENIX,1/22/2026 4:37:04 PM,Residential,0.00,J AND H PLUMBING L L C,SDEV-2600009,,Trash,negative=plumb(?:ing)?
LPBI,2600376,LPBI-2600376,https://apps-secure.phoenix.gov/PDD/Search/PermitDetails?permitNum=LPBI-2600376,LPBI-2600376,4041 E CAMELBACK RD,PHOENIX,1/22/2026 4:16:22 PM,Commercial,45000.00,ADVANCED DEVELOPMENT AND BUILDING SERVICES LLC,SPAD-1204009,,Trash,no_hvac_signal
PAPP,2600375,PAPP-2600375,https://apps-secure.phoenix.gov/PDD/Search/PermitDetails?permitNum=PAPP-2600375,PAPP-2600375,4200 W BASELINE RD,PHOENIX,1/22/2026 3:58:53 PM,Residential,0.00,TO BE BID,,,Trash,no_hvac_signal
CLS,26001013,CLS-26001013,https://apps-secure.phoenix.gov/PDD/Search/PermitDetails?permitNum=CLS-26001013,CLS-26001013,2853 E VAN BUREN ST,PHOENIX,1/22/2026 3:47:05 PM,Commercial,0.00,PAVE THE WAY INTERLOCKING PAVERS INC,LSPL-2404959,,Trash,no_hvac_signal
LPSG,260083,LPSG-260083,https://apps-secure.phoenix.gov/PDD/Search/PermitDetails?permitNum=LPSG-260083,LPSG-260083,2923 W WELDON AVE,PHOENIX,1/22/2026 2:58:00 PM,Commercial,0.00,ASSOCIATED SIGN COMPANY,,,Trash,negative=sign
RPV,26001012,RPV-26001012,https://apps-secure.phoenix.gov/PDD/Search/PermitDetails?permitNum=RPV-26001012,RPV-26001012,1626 N 49TH AVE,PHOENIX,1/22/2026 2:56:58 PM,Commercial,23040.00,INTY SOLAR LLC,SPAD-1104196,,Trash,negative=solar(?: pv)?
PRLM,2600373,PRLM-2600373,https://apps-secure.phoenix.gov/PDD/Search/PermitDetails?permitNum=PRLM-2600373,PRLM-2600373,28333 N NORTH VALLEY PKWY,PHOENIX,1/22/2026 2:31:37 PM,Residential,0.00,TO BE BID,SDEV-2200170,,Trash,no_hvac_signal
LPSG,260082,LPSG-260082,https://apps-secure.phoenix.gov/PDD/Search/PermitDetails?permitNum=LPSG-260082,LPSG-260082,1838 W BELL RD,PHOENIX,1/22/2026 1:18:14 PM,Commercial,4500.00,KOSSOW VENTURES LLC,,,Trash,no_hvac_signal
PLAT,260001,PLAT-260001,https://apps-secure.phoenix.gov/PDD/Search/PermitDetails?permitNum=PLAT-260001,PLAT-260001,4642 N ALTA HACIENDA DR,PHOENIX,1/22/2026 1:17:31 PM,Commercial,0.00,TO BE BID,,,Trash,no_hvac_signal
SGNP,214977,SGNP-214977,https://apps-secure.phoenix.gov/PDD/Search/PermitDetails?permitNum=SGNP-214977,SGNP-214977,9820 W INDIAN SCHOOL RD,PHOENIX,1/22/2026 1:17:29 PM,Commercial,5000.00,ABOVE ALL SIGNS LLC,LPSG-260030,,Trash,no_hvac_signal
SGNP,214976,SGNP-214976,https://apps-secure.phoenix.gov/PDD/Search/PermitDetails?permitNum=SGNP-214976,SGNP-214976,9820 W INDIAN SCHOOL RD,PHOENIX,1/22/2026 1:16:44 PM,Commercial,5000.00,ABOVE ALL SIGNS LLC,LPSG-260030,,Trash,no_hvac_signal
SGNP,214975,SGNP-214975,https://apps-secure.phoenix.gov/PDD/Search/PermitDetails?permitNum=SGNP-214975,SGNP-214975,9820 W INDIAN SCHOOL RD,PHOENIX,1/22/2026 1:15:40 PM,Commercial,5000.00,ABOVE ALL SIGNS LLC,LPSG-260030,,Trash,no_hvac_signal
WSHM,26001007,WSHM-26001007,https://apps-secure.phoenix.gov/PDD/Search/PermitDetails?permitNum=WSHM-26001007,WSHM-26001007,9707 W INDIAN SCHOOL RD,PHOENIX,1/22/2026 12:59:31 PM,Commercial,0.00,CRIMSON COMMERCIAL LLC,CCPH-2400243,,Trash,no_hvac_signal
F800,2600275,F800-2600275,https://apps-secure.phoenix.gov/PDD/Search/PermitDetails?permitNum=F800-2600275,F800-2600275,3721 E WETHERSFIELD RD,PHOENIX,1/22/2026 12:51:07 PM,Commercial,0.00,ONEWORLDENERGY LLC,SPAD-1105545,,Trash,no_hvac_signal
RPV,26001006,RPV-26001006,https://apps-secure.phoenix.gov/PDD/Search/PermitDetails?permitNum=RPV-26001006,RPV-26001006,4640 E CAMELBACK HEIGHTS WAY,PHOENIX,1/22/2026 12:49:20 PM,Commercial,63360.00,SUN VALLEY SOLAR SOLUTIONS L L C,SPAD-0717368,,Trash,negative=solar(?: pv)?
CPMC,2600371,CPMC-2600371,https://apps-secure.phoenix.gov/PDD/Search/PermitDetails?permitNum=CPMC-2600371,CPMC-2600371,3240 S 48TH ST,PHOENIX,1/22/2026 12:43:21 PM,Commercial,0.00,TO BE BID,,,Trash,no_hvac_signal
CPMC,2600370,CPMC-2600370,https://apps-secure.phoenix.gov/PDD/Search/PermitDetails?permitNum=CPMC-2600370,CPMC-2600370,3240 S 48TH ST,PHOENIX,1/22/2026 12:40:39 PM,Commercial,0.00,TO BE BID,,,Trash,no_hvac_signal
LPSG,260081,LPSG-260081,https://apps-secure.phoenix.gov/PDD/Search/PermitDetails?permitNum=LPSG-260081,LPSG-260081,1975 S 99TH AVE,PHOENIX,1/22/2026 12:30:14 PM,Commercial,0.00,D A HERNDON LLC,,,Trash,no_hvac_signal
LPSG,260080,LPSG-260080,https://apps-secure.phoenix.gov/PDD/Search/PermitDetails?permitNum=LPSG-260080,LPSG-260080,4401 E CAMELBACK RD,PHOENIX,1/22/2026 12:27:46 PM,Residential,0.00,GLOBAL SIGN WORKS G S W L L C,,,Trash,negative=sign
ELEV,26001005,ELEV-26001005,https://apps-secure.phoenix.gov/PDD/Search/PermitDetails?permitNum=ELEV-26001005,ELEV-26001005,1500 E THOMAS RD,PHOENIX,1/22/2026 12:25:11 PM,Residential,4000.00,ARIZONA ELEVATOR SOLUTIONS INCORPORATED,,,Trash,no_hvac_signal
CRSC,2600369,CRSC-2600369,https://apps-secure.phoenix.gov/PDD/Search/PermitDetails?permitNum=CRSC-2600369,CRSC-2600369,4461 E CAMPBELL AVE,PHOENIX,1/22/2026 12:24:49 PM,Residential,0.00,TO BE BID,,,Trash,no_hvac_signal
S,26001004,S-26001004,https://apps-secure.phoenix.gov/PDD/Search/PermitDetails?permitNum=S-26001004,S-26001004,2020 N 75TH AVE,PHOENIX,1/22/2026 12:19:50 PM,Commercial,16897.40,MICHAEL STRAIN BUILDERS INC,LPRR-2506888,,Trash,no_hvac_signal
WSFT,26001003,WSFT-26001003,https://apps-secure.phoenix.gov/PDD/Search/PermitDetails?permitNum=WSFT-26001003,WSFT-26001003,4601 N 34TH ST,PHOENIX,1/22/2026 12:16:01 PM,Commercial,0.00,EJ FLOW TEST LLC,CCPH-1900107,,Trash,no_hvac_signal
RPV,26001002,RPV-26001002,https://apps-secure.phoenix.gov/PDD/Search/PermitDetails?permitNum=RPV-26001002,RPV-26001002,3721 E WETHERSFIELD RD,PHOENIX,1/22/2026 12:13:57 PM,Commercial,22140.00,ONEWORLDENERGY LLC,SPAD-1105545,,Trash,no_hvac_signal
LPBI,2600368,LPBI-2600368,https://apps-secure.phoenix.gov/PDD/Search/PermitDetails?permitNum=LPBI-2600368,LPBI-2600368,22836 N 19TH AVE,PHOENIX,1/22/2026 12:06:45 PM,Commercial,552261.60,CIRCLE V CONTRACTING LLC,,,Trash,no_hvac_signal
WSSD,26001001,WSSD-26001001,https://apps-secure.phoenix.gov/PDD/Search/PermitDetails?permitNum=WSSD-26001001,WSSD-26001001,1101 N 44TH ST,PHOENIX,1/22/2026 12:01:00 PM,Commercial,0.00,ALLIED FIRE PROTECTION,SPAD-2000452,,Trash,negative=fire
LPSG,260079,LPSG-260079,https://apps-secure.phoenix.gov/PDD/Search/PermitDetails?permitNum=LPSG-260079,LPSG-260079,7000 E MAYO BLVD,PHOENIX,1/22/2026 11:53:21 AM,Commercial,0.00,ABOVE ALL SIGNS LLC,,,Trash,no_hvac_signal
F805,26001000,F805-26001000,https://apps-secure.phoenix.gov/PDD/Search/PermitDetails?permitNum=F805-26001000,F805-26001000,1201 N 54TH AVE,PHOENIX,1/22/2026 11:52:29 AM,Commercial,0.00,A D T SECURITY SYSTEMS,FPPR-200857,,Trash,no_hvac_signal
LPSG,260078,LPSG-260078,https://apps-secure.phoenix.gov/PDD/Search/PermitDetails?permitNum=LPSG-260078,LPSG-260078,3359 W VAN BUREN ST,PHOENIX,1/22/2026 11:52:10 AM,Commercial,3000.00,J WALKER SIGNS & LIGHTING LLC,,,Trash,negative=lighting
CCO,26000999,CCO-26000999,https://apps-secure.phoenix.gov/PDD/Search/PermitDetails?permitNum=CCO-26000999,CCO-26000999,,PHOENIX,1/22/2026 11:51:13 AM,Residential,0.00,PREMIER UNDERGROUND CONSTRUCTION L L C,SDEV-2200186,,Trash,no_hvac_signal
WSFT,26000998,WSFT-26000998,https://apps-secure.phoenix.gov/PDD/Search/PermitDetails?permitNum=WSFT-26000998,WSFT-26000998,10645 W BUCKEYE RD,PHOENIX,1/22/2026 11:49:15 AM,Residential,0.00,3 ENGINEERING,CCPH-2400041,,Trash,no_hvac_signal
BLSC,26000996,BLSC-26000996,https://apps-secure.phoenix.gov/PDD/Search/PermitDetails?permitNum=BLSC-26000996,BLSC-26000996,810 E VINEYARD RD,PHOENIX,1/22/2026 11:40:23 AM,Commercial,2300000.00,PEERLESS CONSTRUCTION LLC,LPSC-2500940,,Trash,no_hvac_signal
OS,26000995,OS-26000995,https://apps-secure.phoenix.gov/PDD/Search/PermitDetails?permitNum=OS-26000995,OS-26000995,67 W CULVER ST,PHOENIX,1/22/2026 11:38:15 AM,Commercial,7500.00,J L HOME SOLUTIONS,SPAD-0116161,,Trash,no_hvac_signal
FPPR,260046,FPPR-260046,https://apps-secure.phoenix.gov/PDD/Search/PermitDetails?permitNum=FPPR-260046,FPPR-260046,2920 N 56TH ST,PHOENIX,1/22/2026 11:33:41 AM,Commercial,0.00,"ETICO CONCRETE, LLC",SPAD-2300296,,Trash,no_hvac_signal
F875,26000994,F875-26000994,https://apps-secure.phoenix.gov/PDD/Search/PermitDetails?permitNum=F875-26000994,F875-26000994,16215 N TATUM BLVD,PHOENIX,1/22/2026 11:30:43 AM,Commercial,0.00,TITAN ALARM INC,,,Trash,negative=alarm
WSSD,26000993,WSSD-26000993,https://apps-secure.phoenix.gov/PDD/Search/PermitDetails?permitNum=WSSD-26000993,WSSD-26000993,2402 W BEARDSLEY RD,PHOENIX,1/22/2026 11:25:31 AM,Commercial,0.00,WILLMENG CONSTRUCTION,CCPH-2500256,,Trash,no_hvac_signal
FPPD,260128,FPPD-260128,https://apps-secure.phoenix.gov/PDD/Search/PermitDetails?permitNum=FPPD-260128,FPPD-260128,2775 W BRONCO BUTTE TRL,PHOENIX,1/22/2026 11:22:30 AM,Commercial,0.00,OLYMPIC WEST FIRE & SECURITY LLC,,,Trash,negative=fire
FPPD,260128,FPPD-260128,https://apps-secure.phoenix.gov/PDD/Search/PermitDetails?permitNum=FPPD-260128,FPPD-260128,2775 W BRONCO BUTTE TRL,PHOENIX,1/22/2026 11:22:30 AM,Commercial,0.00,OLYMPIC WEST FIRE & SECURITY LLC,,,Trash,negative=fire
LPSG,260077,LPSG-260077,https://apps-secure.phoenix.gov/PDD/Search/PermitDetails?permitNum=LPSG-260077,LPSG-260077,1014 N 47TH AVE,PHOENIX,1/22/2026 10:57:17 AM,Commercial,4000.00,OWNER,,,Trash,no_hvac_signal
SGNP,214974,SGNP-214974,https://apps-secure.phoenix.gov/PDD/Search/PermitDetails?permitNum=SGNP-214974,SGNP-214974,14 W BASELINE RD,PHOENIX,1/22/2026 10:56:09 AM,Commercial,3500.00,J WALKER SIGNS & LIGHTING LLC,LPSG-251369,,Trash,negative=lighting
SGNP,214973,SGNP-214973,https://apps-secure.phoenix.gov/PDD/Search/PermitDetails?permitNum=SGNP-214973,SGNP-214973,14 W BASELINE RD,PHOENIX,1/22/2026 10:55:22 AM,Commercial,3500.00,J WALKER SIGNS & LIGHTING LLC,LPSG-251369,,Trash,negative=lighting
WSHM,26000989,WSHM-26000989,https://apps-secure.phoenix.gov/PDD/Search/PermitDetails?permitNum=WSHM-26000989,WSHM-26000989,3852 N 29TH AVE,PHOENIX,1/22/2026 10:52:25 AM,Residential,0.00,OWNER,SPAD-0600654,,Trash,no_hvac_signal
AMND,24-321A1,AMND-24-321A1,https://apps-secure.phoenix.gov/PDD/Search/PermitDetails?permitNum=AMND-24-321A1,AMND-24-321A1,1695 N 95TH LN,PHOENIX,1/22/2026 10:35:52 AM,Commercial,0.00,OWNER,,,Trash,no_hvac_signal
LPBI,2600366,LPBI-2600366,https://apps-secure.phoenix.gov/PDD/Search/PermitDetails?permitNum=LPBI-2600366,LPBI-2600366,6036 N 19TH AVE,PHOENIX,1/22/2026 10:35:17 AM,Commercial,30000.00,MATTSON CONSTRUCTION LLC,,,Trash,no_hvac_signal
SGNP,214972,SGNP-214972,https://apps-secure.phoenix.gov/PDD/Search/PermitDetails?permitNum=SGNP-214972,SGNP-214972,8911 N 7TH ST,PHOENIX,1/22/2026 10:16:17 AM,Commercial,3000.00,ADVANCED SIGN & LIGHTING INC,LPSG-251504,,Trash,negative=lighting|sign
SGNP,214971,SGNP-214971,https://apps-secure.phoenix.gov/PDD/Search/PermitDetails?permitNum=SGNP-214971,SGNP-214971,8911 N 7TH ST,PHOENIX,1/22/2026 10:15:44 AM,Commercial,3000.00,ADVANCED SIGN & LIGHTING INC,LPSG-251504,,Trash,negative=lighting|sign
F105,26000983,F105-26000983,https://apps-secure.phoenix.gov/PDD/Search/PermitDetails?permitNum=F105-26000983,F105-26000983,200 S 35TH AVE,PHOENIX,1/22/2026 10:07:51 AM,Commercial,0.00,OLYMPIC WEST FIRE PROTECTION,FPPX-252343,,Trash,negative=fire
F100,26000984,F100-26000984,https://apps-secure.phoenix.gov/PDD/Search/PermitDetails?permitNum=F100-26000984,F100-26000984,200 S 35TH AVE,PHOENIX,1/22/2026 10:07:51 AM,Commercial,0.00,OLYMPIC WEST FIRE PROTECTION,FPPX-252343,,Trash,negative=fire
F105,26000981,F105-26000981,https://apps-secure.phoenix.gov/PDD/Search/PermitDetails?permitNum=F105-26000981,F105-26000981,200 S 35TH AVE,PHOENIX,1/22/2026 10:07:50 AM,Commercial,0.00,OLYMPIC WEST FIRE PROTECTION,FPPX-252343,,Trash,negative=fire
F100,26000982,F100-26000982,https://apps-secure.phoenix.gov/PDD/Search/PermitDetails?permitNum=F100-26000982,F100-26000982,200 S 35TH AVE,PHOENIX,1/22/2026 10:07:50 AM,Commercial,0.00,OLYMPIC WEST FIRE PROTECTION,FPPX-252343,,Trash,negative=fire
SCSR,2600365,SCSR-2600365,https://apps-secure.phoenix.gov/PDD/Search/PermitDetails?permitNum=SCSR-2600365,SCSR-2600365,4139 N 27TH ST,PHOENIX,1/22/2026 10:01:51 AM,Residential,0.00,TO BE BID,,,Trash,no_hvac_signal
RPV,26000973,RPV-26000973,https://apps-secure.phoenix.gov/PDD/Search/PermitDetails?permitNum=RPV-26000973,RPV-26000973,20814 N 39TH DR,PHOENIX,1/22/2026 9:53:37 AM,Commercial,30750.00,CAPITAL ENERGY LLC,SPAD-0402962,,Trash,no_hvac_signal
FPPD,260127,FPPD-260127,https://apps-secure.phoenix.gov/PDD/Search/PermitDetails?permitNum=FPPD-260127,FPPD-260127,3200 N CENTRAL AVE,PHOENIX,1/22/2026 9:48:28 AM,Commercial,0.00,SUMMIT FIRE PROTECTION CO,,,Trash,negative=fire
FPPD,260126,FPPD-260126,https://apps-secure.phoenix.gov/PDD/Search/PermitDetails?permitNum=FPPD-260126,FPPD-260126,4840 N 83RD AVE,PHOENIX,1/22/2026 9:47:24 AM,Commercial,0.00,ADOBE FIRE EQUIPMENT INC,,,Trash,negative=fire
WSSD,26000972,WSSD-26000972,https://apps-secure.phoenix.gov/PDD/Search/PermitDetails?permitNum=WSSD-26000972,WSSD-26000972,21035 N CAVE CREEK RD,PHOENIX,1/22/2026 9:35:56 AM,Commercial,0.00,NEXT PROTECTION LLC,SPAD-1808379,,Trash,no_hvac_signal
WSHM,26000970,WSHM-26000970,https://apps-secure.phoenix.gov/PDD/Search/PermitDetails?permitNum=WSHM-26000970,WSHM-26000970,8002 S 42ND PL,PHOENIX,1/22/2026 9:27:28 AM,Commercial,0.00,HUNTER CONTRACTING COMPANY,SPAD-1402976,,Trash,no_hvac_signal
WSHM,26000971,WSHM-26000971,https://apps-secure.phoenix.gov/PDD/Search/PermitDetails?permitNum=WSHM-26000971,WSHM-26000971,,PHOENIX,1/22/2026 9:27:28 AM,Commercial,0.00,HUNTER CONTRACTING COMPANY,SDEV-2600004,,Trash,no_hvac_signal
WSDC,26000969,WSDC-26000969,https://apps-secure.phoenix.gov/PDD/Search/PermitDetails?permitNum=WSDC-26000969,WSDC-26000969,N/A,PHOENIX,1/22/2026 9:23:47 AM,Commercial,0.00,TALIS CONSTRUCTION CORP.,SDEV-2600010,,Trash,no_hvac_signal
FPPD,260125,FPPD-260125,https://apps-secure.phoenix.gov/PDD/Search/PermitDetails?permitNum=FPPD-260125,FPPD-260125,2332 E WASHINGTON ST,PHOENIX,1/22/2026 9:21:56 AM,Commercial,0.00,COURTNEY FIRE PROTECTION,,,Trash,negative=fire
FPPD,260125,FPPD-260125,https://apps-secure.phoenix.gov/PDD/Search/PermitDetails?permitNum=FPPD-260125,FPPD-260125,2332 E WASHINGTON ST,PHOENIX,1/22/2026 9:21:56 AM,Commercial,0.00,COURTNEY FIRE PROTECTION,,,Trash,negative=fire
WSDC,26000968,WSDC-26000968,https://apps-secure.phoenix.gov/PDD/Search/PermitDetails?permitNum=WSDC-26000968,WSDC-26000968,,PHOENIX,1/22/2026 9:08:36 AM,Residential,0.00,OWNER,CSPH-2300012,,Trash,no_hvac_signal
RPDR,2600362,RPDR-2600362,https://apps-secure.phoenix.gov/PDD/Search/PermitDetails?permitNum=RPDR-2600362,RPDR-2600362,5314 E CALLE DEL NORTE,PHOENIX,1/22/2026 9:08:20 AM,Residential,0.00,TO BE BID,,,Trash,no_hvac_signal
F129,26000967,F129-26000967,https://apps-secure.phoenix.gov/PDD/Search/PermitDetails?permitNum=F129-26000967,F129-26000967,2445 W DUNLAP AVE,PHOENIX,1/22/2026 9:02:15 AM,Commercial,0.00,AERO AUTOMATIC SPRINKLER COMPANY,FPPD-252653,,Trash,negative=sprinkler
S,26000966,S-26000966,https://apps-secure.phoenix.gov/PDD/Search/PermitDetails?permitNum=S-26000966,S-26000966,2601 E ROSE GARDEN LN,PHOENIX,1/22/2026 8:58:15 AM,Commercial,25000.00,VERTICAL 1 COMMUNICATIONS LLC,LPRM-2507203,,Trash,no_hvac_signal
CPFL,2600360,CPFL-2600360,https://apps-secure.phoenix.gov/PDD/Search/PermitDetails?permitNum=CPFL-2600360,CPFL-2600360,17453 N 25TH AVE,PHOENIX,1/22/2026 8:55:50 AM,Commercial,0.00,TO BE BID,,,Trash,no_hvac_signal
F129,26000964,F129-26000964,https://apps-secure.phoenix.gov/PDD/Search/PermitDetails?permitNum=F129-26000964,F129-26000964,6909 E GREENWAY PKWY,PHOENIX,1/22/2026 8:54:21 AM,Commercial,0.00,GREENWAY GLOBAL CORPORATION,FPPD-252564,,Trash,no_hvac_signal
WSDC,26000963,WSDC-26000963,https://apps-secure.phoenix.gov/PDD/Search/PermitDetails?permitNum=WSDC-26000963,WSDC-26000963,6125 W SOUTHERN AVE,PHOENIX,1/22/2026 8:31:32 AM,Commercial,0.00,R DIRECTIONAL DRILLING AND UNDERGROUND TECHNOLOGY INC,CCPH-2300020,,Trash,no_hvac_signal
S,26000961,S-26000961,https://apps-secure.phoenix.gov/PDD/Search/PermitDetails?permitNum=S-26000961,S-26000961,31639 N 60TH ST,PHOENIX,1/22/2026 8:16:10 AM,Commercial,63000.00,SHADE 'N NET,LPRM-2507173,,Trash,no_hvac_signal
LSIS,2600358,LSIS-2600358,https://apps-secure.phoenix.gov/PDD/Search/PermitDetails?permitNum=LSIS-2600358,LSIS-2600358,1107 E BELL RD,PHOENIX,1/22/2026 8:05:24 AM,Commercial,0.00,TO BE BID,,,Trash,no_hvac_signal
LSPL,2600359,LSPL-2600359,https://apps-secure.phoenix.gov/PDD/Search/PermitDetails?permitNum=LSPL-2600359,LSPL-2600359,1107 E BELL RD,PHOENIX,1/22/2026 8:05:24 AM,Commercial,0.00,TO BE BID,,,Trash,no_hvac_signal
LPRM,2600357,LPRM-2600357,https://apps-secure.phoenix.gov/PDD/Search/PermitDetails?permitNum=LPRM-2600357,LPRM-2600357,4645 E MARILYN RD,PHOENIX,1/22/2026 8:03:31 AM,Commercial,60200.00,CHASSE BUILDING TEAM INC,,,Trash,no_hvac_signal
F875,26000959,F875-26000959,https://apps-secure.phoenix.gov/PDD/Search/PermitDetails?permitNum=F875-26000959,F875-26000959,3152 E BELL RD,PHOENIX,1/22/2026 7:39:54 AM,Commercial,0.00,IMPACT FIRE SERVICES LLC,,,Trash,negative=fire
OP,26000958,OP-26000958,https://apps-secure.phoenix.gov/PDD/Search/PermitDetails?permitNum=OP-26000958,OP-26000958,1311 W HATCHER RD,PHOENIX,1/22/2026 6:34:34 AM,Commercial,12000.00,MCCAIN CONSTRUCTION LLC,SPAD-0218483,,Trash,no_hvac_signal
WSHM,26000957,WSHM-26000957,https://apps-secure.phoenix.gov/PDD/Search/PermitDetails?permitNum=WSHM-26000957,WSHM-26000957,325 E MORELAND ST,PHOENIX,1/22/2026 5:56:07 AM,Commercial,0.00,MARRS INC,CCPH-2100288,,Trash,no_hvac_signal
OE,26000956,OE-26000956,https://apps-secure.phoenix.gov/PDD/Search/PermitDetails?permitNum=OE-26000956,OE-26000956,3800 E SKY HARBOR BLVD,PHOENIX,1/22/2026 5:03:25 AM,Commercial,40000.00,G4 BUILDERS LLC,AFPF-060232,,Trash,no_hvac_signal
OE,26000956,OE-26000956,https://apps-secure.phoenix.gov/PDD/Search/PermitDetails?permitNum=OE-26000956,OE-26000956,3800 E SKY HARBOR BLVD,PHOENIX,1/22/2026 5:03:25 AM,Commercial,40000.00,G4 BUILDERS LLC,AFPF-060232,,Trash,no_hvac_signal
RVSN,2202723-07,RVSN-2202723-07,https://apps-secure.phoenix.gov/PDD/Search/PermitDetails?permitNum=RVSN-2202723-07,RVSN-2202723-07,20345 N 56TH ST,PHOENIX,1/22/2026 12:00:00 AM,Commercial,30800000.00,EOS BUILDERS LLC,,,Trash,no_hvac_signal
RVSN,2307401-05,RVSN-2307401-05,https://apps-secure.phoenix.gov/PDD/Search/PermitDetails?permitNum=RVSN-2307401-05,RVSN-2307401-05,20345 N 56TH ST,PHOENIX,1/22/2026 12:00:00 AM,Commercial,9000000.00,CSI CONSTRUCTION LLC,,,Trash,no_hvac_signal
CPO,26000974,CPO-26000974,https://apps-secure.phoenix.gov/PDD/Search/PermitDetails?permitNum=CPO-26000974,CPO-26000974,3333 S 7TH AVE,PHOENIX,1/22/2026 12:00:00 AM,Commercial,0.00,SPECIALIZED SERVICES COMPANY,CCPH-2500080,,Trash,no_hvac_signal
CPO,26000975,CPO-26000975,https://apps-secure.phoenix.gov/PDD/Search/PermitDetails?permitNum=CPO-26000975,CPO-26000975,3333 S 7TH AVE,PHOENIX,1/22/2026 12:00:00 AM,Commercial,0.00,SPECIALIZED SERVICES COMPANY,CCPH-2500080,,Trash,no_hvac_signal
CPO,26000976,CPO-26000976,https://apps-secure.phoenix.gov/PDD/Search/PermitDetails?permitNum=CPO-26000976,CPO-26000976,3333 S 7TH AVE,PHOENIX,1/22/2026 12:00:00 AM,Commercial,0.00,SPECIALIZED SERVICES COMPANY,CCPH-2500080,,Trash,no_hvac_signal
CPO,26000977,CPO-26000977,https://apps-secure.phoenix.gov/PDD/Search/PermitDetails?permitNum=CPO-26000977,CPO-26000977,3333 S 7TH AVE,PHOENIX,1/22/2026 12:00:00 AM,Commercial,0.00,SPECIALIZED SERVICES COMPANY,CCPH-2500080,,Trash,no_hvac_signal
CPO,26000978,CPO-26000978,https://apps-secure.phoenix.gov/PDD/Search/PermitDetails?permitNum=CPO-26000978,CPO-26000978,3333 S 7TH AVE,PHOENIX,1/22/2026 12:00:00 AM,Commercial,0.00,SPECIALIZED SERVICES COMPANY,CCPH-2500080,,Trash,no_hvac_signal
CPO,26000979,CPO-26000979,https://apps-secure.phoenix.gov/PDD/Search/PermitDetails?permitNum=CPO-26000979,CPO-26000979,3333 S 7TH AVE,PHOENIX,1/22/2026 12:00:00 AM,Commercial,0.00,SPECIALIZED SERVICES COMPANY,CCPH-2500080,,Trash,no_hvac_signal
RPV,26000955,RPV-26000955,https://apps-secure.phoenix.gov/PDD/Search/PermitDetails?permitNum=RPV-26000955,RPV-26000955,2953 E CALAVAR RD,PHOENIX,1/21/2026 6:05:48 PM,Commercial,48805.34,FREEDOM FOREVER ARIZONA LLC,SPAD-2600026,,Trash,no_hvac_signal
F800,2600269,F800-2600269,https://apps-secure.phoenix.gov/PDD/Search/PermitDetails?permitNum=F800-2600269,F800-2600269,2953 E CALAVAR RD,PHOENIX,1/21/2026 6:05:48 PM,Commercial,0.00,FREEDOM FOREVER ARIZONA LLC,SPAD-2600026,,Trash,no_hvac_signal
F875,26000954,F875-26000954,https://apps-secure.phoenix.gov/PDD/Search/PermitDetails?permitNum=F875-26000954,F875-26000954,2221 W UTOPIA RD,PHOENIX,1/21/2026 5:31:44 PM,Commercial,0.00,FIERRO FIRE AND SECURITY LLC,,,Trash,negative=fire
CPA,26000952,CPA-26000952,https://apps-secure.phoenix.gov/PDD/Search/PermitDetails?permitNum=CPA-26000952,CPA-26000952,18017 N 64TH ST,PHOENIX,1/21/2026 5:10:09 PM,Commercial,0.00,K HOVNANIAN GREAT WESTERN BUILDING COMPANY LLC,CPPA-2503856,,Trash,no_hvac_signal
CCO,26000953,CCO-26000953,https://apps-secure.phoenix.gov/PDD/Search/PermitDetails?permitNum=CCO-26000953,CCO-26000953,18017 N 64TH ST,PHOENIX,1/21/2026 5:10:09 PM,Commercial,0.00,K HOVNANIAN GREAT WESTERN BUILDING COMPANY LLC,CPPA-2503856,,Trash,no_hvac_signal
CSL,26000951,CSL-26000951,https://apps-secure.phoenix.gov/PDD/Search/PermitDetails?permitNum=CSL-26000951,CSL-26000951,5514 E PERSHING AVE,PHOENIX,1/21/2026 4:35:56 PM,Commercial,0.80,TOWN CUSTOM BUILDERS AZ LLC,CPGD-2506240,,Trash,no_hvac_signal
RPV,26000950,RPV-26000950,https://apps-secure.phoenix.gov/PDD/Search/PermitDetails?permitNum=RPV-26000950,RPV-26000950,2816 E MERCER LN,PHOENIX,1/21/2026 4:30:25 PM,Commercial,30750.00,ONEWORLDENERGY LLC,SPAD-1706292,,Trash,no_hvac_signal
FPPD,260123,FPPD-260123,https://apps-secure.phoenix.gov/PDD/Search/PermitDetails?permitNum=FPPD-260123,FPPD-260123,4165 E ST JOSEPH WAY,PHOENIX,1/21/2026 4:25:07 PM,Commercial,0.00,FIRE SPRINKLER INSTALLERS LLC,,,Trash,negative=fire|sprinkler
OP,26000949,OP-26000949,https://apps-secure.phoenix.gov/PDD/Search/PermitDetails?permitNum=OP-26000949,OP-26000949,334 W MONROE ST,PHOENIX,1/21/2026 4:19:23 PM,Commercial,800.00,JAZ BACKFLOW PREVENTION LLC,SPAD-0608044,,Trash,negative=backflow
FPPR,260045,FPPR-260045,https://apps-secure.phoenix.gov/PDD/Search/PermitDetails?permitNum=FPPR-260045,FPPR-260045,4710 W CULPEPPER DR,PHOENIX,1/21/2026 4:16:10 PM,Commercial,0.00,SOLAR OPTIMUM INC.,SPAD-0706854,,Trash,negative=solar(?: pv)?
RPV,26000948,RPV-26000948,https://apps-secure.phoenix.gov/PDD/Search/PermitDetails?permitNum=RPV-26000948,RPV-26000948,2045 E ANDERSON DR,PHOENIX,1/21/2026 4:10:54 PM,Commercial,15500.00,ONEWORLDENERGY LLC,SPAD-1501251,,Trash,no_hvac_signal
BLD,26000947,BLD-26000947,https://apps-secure.phoenix.gov/PDD/Search/PermitDetails?permitNum=BLD-26000947,BLD-26000947,3333 E CAMELBACK RD,PHOENIX,1/21/2026 4:06:16 PM,Commercial,700000.00,SERVICE AND SOLUTIONS LLC,LPRT-2505166,,Trash,no_hvac_signal
CES,26000946,CES-26000946,https://apps-secure.phoenix.gov/PDD/Search/PermitDetails?permitNum=CES-26000946,CES-26000946,5845 N ECHO CANYON CIR,PHOENIX,1/21/2026 4:00:42 PM,Commercial,0.00,NATIVE RESOURCES INTERNATIONAL INC,LSPX-2504915,,Trash,no_hvac_signal
LPSG,260076,LPSG-260076,https://apps-secure.phoenix.gov/PDD/Search/PermitDetails?permitNum=LPSG-260076,LPSG-260076,2425 E CAMELBACK RD,PHOENIX,1/21/2026 3:57:13 PM,Commercial,2000.00,EQUITY SIGN GROUP INC,,,Trash,negative=sign
RPV,26000945,RPV-26000945,https://apps-secure.phoenix.gov/PDD/Search/PermitDetails?permitNum=RPV-26000945,RPV-26000945,3029 E SOUTH FORK DR,PHOENIX,1/21/2026 3:53:12 PM,Commercial,34440.00,ONEWORLDENERGY LLC,SPAD-2008122,,Trash,no_hvac_signal
F809,26000944,F809-26000944,https://apps-secure.phoenix.gov/PDD/Search/PermitDetails?permitNum=F809-26000944,F809-26000944,1640 E CAMELBACK RD,PHOENIX,1/21/2026 3:52:27 PM,Commercial,0.00,SERVICE 1ST FIRE PROTECTION L L C,,,Trash,negative=fire
BLD,26000943,BLD-26000943,https://apps-secure.phoenix.gov/PDD/Search/PermitDetails?permitNum=BLD-26000943,BLD-26000943,3162 E INDIAN SCHOOL RD,PHOENIX,1/21/2026 3:46:32 PM,Commercial,425000.00,CAL CONSTRUCTION INC,LPRT-2505808,,Trash,no_hvac_signal
F227,2600268,F227-2600268,https://apps-secure.phoenix.gov/PDD/Search/PermitDetails?permitNum=F227-2600268,F227-2600268,44533 N SONORAN ARROYO LN,PHOENIX,1/21/2026 3:45:13 PM,Commercial,0.00,SUNSOLAR SOLUTIONS INC,SPAD-1808655,,Trash,no_hvac_signal
CSIT,26000942,CSIT-26000942,https://apps-secure.phoenix.gov/PDD/Search/PermitDetails?permitNum=CSIT-26000942,CSIT-26000942,1525 E ADAMS ST,PHOENIX,1/21/2026 3:35:27 PM,Residential,0.00,OWNER,SCSR-2503614,,Trash,no_hvac_signal
WSHM,26000941,WSHM-26000941,https://apps-secure.phoenix.gov/PDD/Search/PermitDetails?permitNum=WSHM-26000941,WSHM-26000941,6613 W VAN BUREN ST,PHOENIX,1/21/2026 3:34:58 PM,Commercial,0.00,GRAEF CONSTRUCTION INC,CCPH-2200125,,Trash,no_hvac_signal
ELEC,26000940,ELEC-26000940,https://apps-secure.phoenix.gov/PDD/Search/PermitDetails?permitNum=ELEC-26000940,ELEC-26000940,2310 W ORANGEWOOD AVE,PHOENIX,1/21/2026 3:33:48 PM,Commercial,34500.00,BAMS ELECTRICAL SERVICES LLC,LPRM-2506379,,Trash,no_hvac_signal
FPPX,260122,FPPX-260122,https://apps-secure.phoenix.gov/PDD/Search/PermitDetails?permitNum=FPPX-260122,FPPX-260122,4502 W MONTEROSA ST,PHOENIX,1/21/2026 3:23:05 PM,Commercial,0.00,COPPERSTATE FIRE PROTECTION,,,Trash,negative=fire
CPGD,2600352,CPGD-2600352,https://apps-secure.phoenix.gov/PDD/Search/PermitDetails?permitNum=CPGD-2600352,CPGD-2600352,4211 E ROMA AVE,PHOENIX,1/21/2026 3:15:55 PM,Residential,0.00,TO BE BID,,,Trash,no_hvac_signal
CGD,26000939,CGD-26000939,https://apps-secure.phoenix.gov/PDD/Search/PermitDetails?permitNum=CGD-26000939,CGD-26000939,4 W CAMELBACK RD,PHOENIX,1/21/2026 3:14:35 PM,Commercial,0.00,PRINCETON CONSTRUCTION LLC,CPGD-2405489,,Trash,no_hvac_signal
PME,26000938,PME-26000938,https://apps-secure.phoenix.gov/PDD/Search/PermitDetails?permitNum=PME-26000938,PME-26000938,1850 W DEER VALLEY DR,PHOENIX,1/21/2026 3:06:31 PM,Commercial,400000.00,CANNON AND WENDT ELECTRIC CO INC,LPRM-2506986,,Trash,no_hvac_signal
LPRM,2600351,LPRM-2600351,https://apps-secure.phoenix.gov/PDD/Search/PermitDetails?permitNum=LPRM-2600351,LPRM-2600351,32400 N 51ST AVE,PHOENIX,1/21/2026 2:56:40 PM,Commercial,250000.00,TSMC ARIZONA CORPORATION,SPAD-2208087,,Trash,no_hvac_signal
FPPD,260121,FPPD-260121,https://apps-secure.phoenix.gov/PDD/Search/PermitDetails?permitNum=FPPD-260121,FPPD-260121,3205 E BASELINE RD,PHOENIX,1/21/2026 2:54:54 PM,Commercial,0.00,NEXT PROTECTION LLC,,,Trash,no_hvac_signal
RPV,26000937,RPV-26000937,https://apps-secure.phoenix.gov/PDD/Search/PermitDetails?permitNum=RPV-26000937,RPV-26000937,3116 E JOHN CABOT DR,PHOENIX,1/21/2026 2:50:38 PM,Commercial,38000.00,SOLAR OPTIMUM INC.,SPAD-2015131,,Trash,negative=solar(?: pv)?
MDHM,2600350,MDHM-2600350,https://apps-secure.phoenix.gov/PDD/Search/PermitDetails?permitNum=MDHM-2600350,MDHM-2600350,18017 N 64TH ST,PHOENIX,1/21/2026 2:49:37 PM,Residential,0.00,TO BE BID,,,Trash,no_hvac_signal
S,26000936,S-26000936,https://apps-secure.phoenix.gov/PDD/Search/PermitDetails?permitNum=S-26000936,S-26000936,2617 S 46TH ST,PHOENIX,1/21/2026 2:49:22 PM,Commercial,24144.00,THE STRUCTURES GROUP SOUTHWEST INC,LPRR-2506580,,Trash,no_hvac_signal
LPRR,2600349,LPRR-2600349,https://apps-secure.phoenix.gov/PDD/Search/PermitDetails?permitNum=LPRR-2600349,LPRR-2600349,4750 S 32ND ST,PHOENIX,1/21/2026 2:42:50 PM,Commercial,50000.00,BMWC CONSTRUCTORS INC,,,Trash,no_hvac_signal
FPPD,260120,FPPD-260120,https://apps-secure.phoenix.gov/PDD/Search/PermitDetails?permitNum=FPPD-260120,FPPD-260120,2636 W GEORGIA AVE,PHOENIX,1/21/2026 2:29:34 PM,Residential,0.00,TO BE BID,,,Trash,no_hvac_signal
LPRN,2600348,LPRN-2600348,https://apps-secure.phoenix.gov/PDD/Search/PermitDetails?permitNum=LPRN-2600348,LPRN-2600348,2636 W GEORGIA AVE,PHOENIX,1/21/2026 2:24:01 PM,Commercial,406600.00,TO BE BID,,,Trash,no_hvac_signal
ELEC,26000934,ELEC-26000934,https://apps-secure.phoenix.gov/PDD/Search/PermitDetails?permitNum=ELEC-26000934,ELEC-26000934,355 N CENTRAL AVE,PHOENIX,1/21/2026 2:18:23 PM,Commercial,6000.00,TOP CHOICE ELECTRICAL CONTRACTORS CORP,LPRM-2504602,,Trash,no_hvac_signal
FPPD,260119,FPPD-260119,https://apps-secure.phoenix.gov/PDD/Search/PermitDetails?permitNum=FPPD-260119,FPPD-260119,3039 W AGUA FRIA FWY,PHOENIX,1/21/2026 2:12:22 PM,Commercial,0.00,STANLEY CONVERGENT SECURITY SOLUTIONS INC,,,Trash,no_hvac_signal
FPPD,260118,FPPD-260118,https://apps-secure.phoenix.gov/PDD/Search/PermitDetails?permitNum=FPPD-260118,FPPD-260118,5722 N BLACK CANYON HWY,PHOENIX,1/21/2026 2:06:17 PM,Commercial,0.00,TO BE BID,,,Trash,no_hvac_signal
F157,26000933,F157-26000933,https://apps-secure.phoenix.gov/PDD/Search/PermitDetails?permitNum=F157-26000933,F157-26000933,100 S 48TH ST,PHOENIX,1/21/2026 1:46:14 PM,Commercial,0.00,TO BE BID,FPPD-251347,,Trash,no_hvac_signal
LSPL,2600345,LSPL-2600345,https://apps-secure.phoenix.gov/PDD/Search/PermitDetails?permitNum=LSPL-2600345,LSPL-2600345,902 N 2ND ST,PHOENIX,1/21/2026 1:45:31 PM,Residential,0.00,TO BE BID,,,Trash,no_hvac_signal
CPR,26000932,CPR-26000932,https://apps-secure.phoenix.gov/PDD/Search/PermitDetails?permitNum=CPR-26000932,CPR-26000932,2950 N 18TH PL,PHOENIX,1/21/2026 1:44:09 PM,Commercial,0.00,MARCOM LLC,CCPH-2400079,,Trash,no_hvac_signal
WSFT,26000929,WSFT-26000929,https://apps-secure.phoenix.gov/PDD/Search/PermitDetails?permitNum=WSFT-26000929,WSFT-26000929,650 N 5TH ST,PHOENIX,1/21/2026 1:32:05 PM,Residential,0.00,DIBBLE ENGINEERING,CCPH-2500300,,Trash,no_hvac_signal
CLS,26000928,CLS-26000928,https://apps-secure.phoenix.gov/PDD/Search/PermitDetails?permitNum=CLS-26000928,CLS-26000928,3563 W NORTHERN AVE,PHOENIX,1/21/2026 1:27:13 PM,Commercial,0.00,XTERIOR INNOVATIONS LLC,LSPL-2403722,,Trash,no_hvac_signal
FPPD,260117,FPPD-260117,https://apps-secure.phoenix.gov/PDD/Search/PermitDetails?permitNum=FPPD-260117,FPPD-260117,4839 W SOUTHERN AVE,PHOENIX,1/21/2026 1:08:34 PM,Residential,0.00,TO BE BID,,,Trash,no_hvac_signal
FPPX,260116,FPPX-260116,https://apps-secure.phoenix.gov/PDD/Search/PermitDetails?permitNum=FPPX-260116,FPPX-260116,6150 S 35TH AVE,PHOENIX,1/21/2026 1:05:16 PM,Commercial,0.00,TO BE BID,,,Trash,no_hvac_signal
WSHM,26000927,WSHM-26000927,https://apps-secure.phoenix.gov/PDD/Search/PermitDetails?permitNum=WSHM-26000927,WSHM-26000927,,PHOENIX,1/21/2026 12:49:10 PM,Residential,0.00,B & F CONTRACTING,SDEV-2600004,,Trash,no_hvac_signal
WSHM,26000925,WSHM-26000925,https://apps-secure.phoenix.gov/PDD/Search/PermitDetails?permitNum=WSHM-26000925,WSHM-26000925,,PHOENIX,1/21/2026 12:38:54 PM,Residential,0.00,PULTE HOME CORPORATION,SDEV-2600004,,Trash,no_hvac_signal
F159,26000923,F159-26000923,https://apps-secure.phoenix.gov/PDD/Search/PermitDetails?permitNum=F159-26000923,F159-26000923,6240 E LARKSPUR DR,PHOENIX,1/21/2026 12:34:52 PM,Commercial,0.00,FIRE SPRINKLER INSTALLERS LLC,FPPD-252556,,Trash,negative=fire|sprinkler
F159,26000924,F159-26000924,https://apps-secure.phoenix.gov/PDD/Search/PermitDetails?permitNum=F159-26000924,F159-26000924,6240 E LARKSPUR DR,PHOENIX,1/21/2026 12:34:52 PM,Commercial,0.00,FIRE SPRINKLER INSTALLERS LLC,FPPD-252556,,Trash,negative=fire|sprinkler
CLS,26000921,CLS-26000921,https://apps-secure.phoenix.gov/PDD/Search/PermitDetails?permitNum=CLS-26000921,CLS-26000921,205 W SHERMAN ST,PHOENIX,1/21/2026 12:26:05 PM,Commercial,0.00,FINESSE CONSTRUCTION L L C,LSPL-2102551,,Trash,no_hvac_signal
F824,2600264,F824-2600264,https://apps-secure.phoenix.gov/PDD/Search/PermitDetails?permitNum=F824-2600264,F824-2600264,11440 S 35TH AVE,PHOENIX,1/21/2026 12:19:47 PM,Residential,0.00,BLUE STAR GAS ASSOCIATES CO.,SPAD-2600073,,Trash,no_hvac_signal
F479,2600263,F479-2600263,https://apps-secure.phoenix.gov/PDD/Search/PermitDetails?permitNum=F479-2600263,F479-2600263,2221 W LIBERTY LN,PHOENIX,1/21/2026 12:16:55 PM,Commercial,0.00,M R TANNER CONSTRUCTION,FPPR-260002,,Trash,no_hvac_signal
LPRM,2600344,LPRM-2600344,https://apps-secure.phoenix.gov/PDD/Search/PermitDetails?permitNum=LPRM-2600344,LPRM-2600344,2110 E THOMAS RD,PHOENIX,1/21/2026 12:01:48 PM,Commercial,30000.00,TO BE BID,,,Trash,no_hvac_signal
CLS,26000918,CLS-26000918,https://apps-secure.phoenix.gov/PDD/Search/PermitDetails?permitNum=CLS-26000918,CLS-26000918,1825 N CENTRAL AVE,PHOENIX,1/21/2026 11:55:58 AM,Commercial,0.00,R H DUPPER LANDSCAPING INC,LSPL-2301831,,Trash,no_hvac_signal
F824,2600260,F824-2600260,https://apps-secure.phoenix.gov/PDD/Search/PermitDetails?permitNum=F824-2600260,F824-2600260,19243 N 14TH ST,PHOENIX,1/21/2026 11:53:29 AM,Commercial,0.00,"ACE HEATING, COOLING & PLUMBING LLC",SPAD-2600040,,Trash,negative=plumb(?:ing)?
AMND,23-1952A1,AMND-23-1952A1,https://apps-secure.phoenix.gov/PDD/Search/PermitDetails?permitNum=AMND-23-1952A1,AMND-23-1952A1,727 W MAGNOLIA ST,PHOENIX,1/21/2026 11:53:23 AM,Residential,0.00,TO BE BID,,,Trash,no_hvac_signal
LPRR,2600343,LPRR-2600343,https://apps-secure.phoenix.gov/PDD/Search/PermitDetails?permitNum=LPRR-2600343,LPRR-2600343,4450 N 45TH AVE,PHOENIX,1/21/2026 11:51:33 AM,Commercial,524675.20,TO BE BID,,,Trash,no_hvac_signal
WSPR,2600003,WSPR-2600003,https://apps-secure.phoenix.gov/PDD/Search/PermitDetails?permitNum=WSPR-2600003,WSPR-2600003,26000 N NORTERRA PKWY,PHOENIX,1/21/2026 11:49:24 AM,Commercial,0.00,OWNER,,,Trash,no_hvac_signal
ELEC,26000917,ELEC-26000917,https://apps-secure.phoenix.gov/PDD/Search/PermitDetails?permitNum=ELEC-26000917,ELEC-26000917,4255 W UNION HILLS DR,PHOENIX,1/21/2026 11:46:13 AM,Commercial,60000.00,T BUILT LLC,LPRM-2505483,,Trash,no_hvac_signal
WSOC,26000916,WSOC-26000916,https://apps-secure.phoenix.gov/PDD/Search/PermitDetails?permitNum=WSOC-26000916,WSOC-26000916,33960 N CAVE CREEK RD,PHOENIX,1/21/2026 11:45:53 AM,Residential,0.00,3 ENGINEERING,SDEV-2500007,,Trash,no_hvac_signal
RPV,26000915,RPV-26000915,https://apps-secure.phoenix.gov/PDD/Search/PermitDetails?permitNum=RPV-26000915,RPV-26000915,1408 E DUNBAR DR,PHOENIX,1/21/2026 11:40:26 AM,Commercial,23446.00,EARTHLING SOLAR LLC,SPAD-0113953,,Trash,negative=solar(?: pv)?
F193,2600258,F193-2600258,https://apps-secure.phoenix.gov/PDD/Search/PermitDetails?permitNum=F193-2600258,F193-2600258,1408 E DUNBAR DR,PHOENIX,1/21/2026 11:40:26 AM,Commercial,0.00,EARTHLING SOLAR LLC,SPAD-0113953,,Trash,negative=solar(?: pv)?
ELEC,26000914,ELEC-26000914,https://apps-secure.phoenix.gov/PDD/Search/PermitDetails?permitNum=ELEC-26000914,ELEC-26000914,3605 W GLENDALE AVE,PHOENIX,1/21/2026 11:39:29 AM,Commercial,60000.00,ARKAD BUILDERS INC DBA A B DAVIS BUILDERS,LPRM-2505619,,Trash,no_hvac_signal
CCSC,2600342,CCSC-2600342,https://apps-secure.phoenix.gov/PDD/Search/PermitDetails?permitNum=CCSC-2600342,CCSC-2600342,1405 W BROADWAY RD,PHOENIX,1/21/2026 11:38:16 AM,Commercial,0.00,TO BE BID,,,Trash,no_hvac_signal
TCO,26000913,TCO-26000913,https://apps-secure.phoenix.gov/PDD/Search/PermitDetails?permitNum=TCO-26000913,TCO-26000913,4220 N 32ND ST,PHOENIX,1/21/2026 11:38:06 AM,Commercial,178840.00,RADIUS CONTRACTORS LLC,BLD-24019465,,Trash,no_hvac_signal
F875,26000912,F875-26000912,https://apps-secure.phoenix.gov/PDD/Search/PermitDetails?permitNum=F875-26000912,F875-26000912,2950 N 18TH PL,PHOENIX,1/21/2026 11:35:52 AM,Commercial,0.00,NEXT PROTECTION LLC,,,Trash,no_hvac_signal
FPPD,260115,FPPD-260115,https://apps-secure.phoenix.gov/PDD/Search/PermitDetails?permitNum=FPPD-260115,FPPD-260115,920 S 47TH AVE,PHOENIX,1/21/2026 11:34:49 AM,Commercial,0.00,MCCARTHY BUILDING COMPANIES,,,Trash,no_hvac_signal
LPRM,2600341,LPRM-2600341,https://apps-secure.phoenix.gov/PDD/Search/PermitDetails?permitNum=LPRM-2600341,LPRM-2600341,2050 S 35TH AVE,PHOENIX,1/21/2026 11:30:43 AM,Commercial,25000.00,STORAGE EQUIPMENT SYSTEMS INC,,,Trash,no_hvac_signal
LSPL,2600340,LSPL-2600340,https://apps-secure.phoenix.gov/PDD/Search/PermitDetails?permitNum=LSPL-2600340,LSPL-2600340,4244 S 35TH AVE,PHOENIX,1/21/2026 11:23:07 AM,Commercial,0.00,TO BE BID,,,Trash,no_hvac_signal
OE,26000909,OE-26000909,https://apps-secure.phoenix.gov/PDD/Search/PermitDetails?permitNum=OE-26000909,OE-26000909,9226 N 13TH AVE,PHOENIX,1/21/2026 11:18:00 AM,Commercial,5000.00,I AND I CONSTRUCTION LLC,SPAD-0119265,,Trash,no_hvac_signal
PRLM,2600339,PRLM-2600339,https://apps-secure.phoenix.gov/PDD/Search/PermitDetails?permitNum=PRLM-2600339,PRLM-2600339,1731 W BROADWAY RD,PHOENIX,1/21/2026 10:54:36 AM,Residential,0.00,TO BE BID,SDEV-2300145,,Trash,no_hvac_signal
RPV,26000907,RPV-26000907,https://apps-secure.phoenix.gov/PDD/Search/PermitDetails?permitNum=RPV-26000907,RPV-26000907,2342 E PECAN RD,PHOENIX,1/21/2026 10:43:53 AM,Commercial,33518.78,UNITED ENERGY PARTNERS LLC,SPAD-0510866,,Trash,no_hvac_signal
RPV,26000906,RPV-26000906,https://apps-secure.phoenix.gov/PDD/Search/PermitDetails?permitNum=RPV-26000906,RPV-26000906,808 W BUTLER DR,PHOENIX,1/21/2026 10:38:22 AM,Commercial,60958.00,ICON POWER LLC,SPAD-2110441,,Trash,no_hvac_signal
F209,2600257,F209-2600257,https://apps-secure.phoenix.gov/PDD/Search/PermitDetails?permitNum=F209-2600257,F209-2600257,21314 N 58TH ST,PHOENIX,1/21/2026 10:26:31 AM,Commercial,0.00,UNITED ENERGY PARTNERS LLC,FPPR-251282,,Trash,no_hvac_signal
CFB,26000903,CFB-26000903,https://apps-secure.phoenix.gov/PDD/Search/PermitDetails?permitNum=CFB-26000903,CFB-26000903,2600 S 59TH AVE,PHOENIX,1/21/2026 10:21:05 AM,Commercial,0.00,REDPOINT CONTRACTING,CPFL-2500214,,Trash,no_hvac_signal
CLS,26000902,CLS-26000902,https://apps-secure.phoenix.gov/PDD/Search/PermitDetails?permitNum=CLS-26000902,CLS-26000902,2600 S 59TH AVE,PHOENIX,1/21/2026 10:16:26 AM,Commercial,0.00,WESTAR ENVIRONMENTAL L L C,LSPL-2501325,,Trash,no_hvac_signal
OSE,26000901,OSE-26000901,https://apps-secure.phoenix.gov/PDD/Search/PermitDetails?permitNum=OSE-26000901,OSE-26000901,5035 S 33RD ST,PHOENIX,1/21/2026 10:11:04 AM,Commercial,75000.00,IMPACT SIGN & GRAPHICS LLC,SPAD-0901503,,Trash,negative=sign
ME,26000898,ME-26000898,https://apps-secure.phoenix.gov/PDD/Search/PermitDetails?permitNum=ME-26000898,ME-26000898,2002 W ROSE GARDEN LN,PHOENIX,1/21/2026 10:05:51 AM,Commercial,36509.00,EMCOR SERVICES ARIZONA INC,LPRM-2507235,,Trash,no_hvac_signal
F159,26000897,F159-26000897,https://apps-secure.phoenix.gov/PDD/Search/PermitDetails?permitNum=F159-26000897,F159-26000897,6128 E SWEETWATER AVE,PHOENIX,1/21/2026 9:59:06 AM,Residential,0.00,U S A FIRE PROTECTION,FPPD-252651,,Trash,negative=fire
LPRM,2600338,LPRM-2600338,https://apps-secure.phoenix.gov/PDD/Search/PermitDetails?permitNum=LPRM-2600338,LPRM-2600338,1845 GRAND AVE,PHOENIX,1/21/2026 9:57:00 AM,Commercial,18711.00,KLINECORE LLC,,,Trash,no_hvac_signal
S,26000896,S-26000896,https://apps-secure.phoenix.gov/PDD/Search/PermitDetails?permitNum=S-26000896,S-26000896,4633 W POLK ST,PHOENIX,1/21/2026 9:55:01 AM,Commercial,3900000.00,STRUCTURAL PRESERVATION SYSTEMS LLC,LPRM-2505919,,Trash,no_hvac_signal
BLD,26000895,BLD-26000895,https://apps-secure.phoenix.gov/PDD/Search/PermitDetails?permitNum=BLD-26000895,BLD-26000895,3719 E LA SALLE ST,PHOENIX,1/21/2026 9:47:40 AM,Commercial,238828.40,BUD GRIFFIN CUSTOMER SUPPORT-ARIZONA LLC,LPRR-2505993,,Trash,no_hvac_signal
F809,26000894,F809-26000894,https://apps-secure.phoenix.gov/PDD/Search/PermitDetails?permitNum=F809-26000894,F809-26000894,5030 E SUNRISE DR,PHOENIX,1/21/2026 9:44:44 AM,Commercial,0.00,METRO FIRE EQ,,,Trash,negative=fire
ELEV,26000893,ELEV-26000893,https://apps-secure.phoenix.gov/PDD/Search/PermitDetails?permitNum=ELEV-26000893,ELEV-26000893,1919 E CAMELBACK RD,PHOENIX,1/21/2026 9:44:35 AM,Commercial,4550.00,CENTRIC ELEVATOR CORPORATION,SPAD-99003036,,Trash,no_hvac_signal
F875,26000892,F875-26000892,https://apps-secure.phoenix.gov/PDD/Search/PermitDetails?permitNum=F875-26000892,F875-26000892,4812 E OSBORN RD,PHOENIX,1/21/2026 9:42:46 AM,Commercial,0.00,SERVICE 1ST FIRE PROTECTION L L C,,,Trash,negative=fire
CPSW,2600335,CPSW-2600335,https://apps-secure.phoenix.gov/PDD/Search/PermitDetails?permitNum=CPSW-2600335,CPSW-2600335,3939 W CAREFREE HWY,PHOENIX,1/21/2026 9:41:51 AM,Commercial,0.00,KIMLEY-HORN AND ASSOCIATES INC,,,Trash,no_hvac_signal
LPRM,2600334,LPRM-2600334,https://apps-secure.phoenix.gov/PDD/Search/PermitDetails?permitNum=LPRM-2600334,LPRM-2600334,3618 W BUCKEYE RD,PHOENIX,1/21/2026 9:32:29 AM,Commercial,176000.00,TANK SOLUTIONS,,,Trash,no_hvac_signal
F209,2600256,F209-2600256,https://apps-secure.phoenix.gov/PDD/Search/PermitDetails?permitNum=F209-2600256,F209-2600256,2113 N 9TH AVE,PHOENIX,1/21/2026 9:28:01 AM,Commercial,0.00,GREEN CITRUS ENERGY LLC,FPPR-260009,,Trash,no_hvac_signal
F134,26000889,F134-26000889,https://apps-secure.phoenix.gov/PDD/Search/PermitDetails?permitNum=F134-26000889,F134-26000889,2840 W CACTUS RD,PHOENIX,1/21/2026 9:25:46 AM,Residential,0.00,ALLIED FIRE PROTECTION,FPPD-260059,,Trash,negative=fire
SGNP,214968,SGNP-214968,https://apps-secure.phoenix.gov/PDD/Search/PermitDetails?permitNum=SGNP-214968,SGNP-214968,4160 N 108TH AVE 148,PHOENIX,1/21/2026 9:23:54 AM,Commercial,3500.00,FRANKLIN'S FINE SIGNS LLC,LPSG-260020,,Trash,no_hvac_signal
LPSG,260075,LPSG-260075,https://apps-secure.phoenix.gov/PDD/Search/PermitDetails?permitNum=LPSG-260075,LPSG-260075,555 N 55TH AVE,PHOENIX,1/21/2026 9:20:33 AM,Commercial,200000.00,1ST CHOICE SIGNS AND GRAPHICS INC,,,Trash,no_hvac_signal
CGD,26000888,CGD-26000888,https://apps-secure.phoenix.gov/PDD/Search/PermitDetails?permitNum=CGD-26000888,CGD-26000888,2600 S 59TH AVE,PHOENIX,1/21/2026 9:17:49 AM,Commercial,0.00,ARROWMARK LLC,CPGD-2501596,,Trash,no_hvac_signal
CWT,26000887,CWT-26000887,https://apps-secure.phoenix.gov/PDD/Search/PermitDetails?permitNum=CWT-26000887,CWT-26000887,,PHOENIX,1/21/2026 9:17:13 AM,Residential,0.00,N P L CONSTRUCTION CO,CPWT-2301241,,Trash,no_hvac_signal
BLD,26000886,BLD-26000886,https://apps-secure.phoenix.gov/PDD/Search/PermitDetails?permitNum=BLD-26000886,BLD-26000886,625 N 2ND AVE,PHOENIX,1/21/2026 9:16:49 AM,Commercial,181388.00,MJM BUILDING SERVICES LLC,LPRR-2505915,,Trash,no_hvac_signal
OP,26000885,OP-26000885,https://apps-secure.phoenix.gov/PDD/Search/PermitDetails?permitNum=OP-26000885,OP-26000885,4405 W ROOSEVELT ST,PHOENIX,1/21/2026 9:11:54 AM,Commercial,2535.00,LAVENDER LANDSCAPE DESIGN CO LLC,,,Trash,no_hvac_signal
LPSG,260074,LPSG-260074,https://apps-secure.phoenix.gov/PDD/Search/PermitDetails?permitNum=LPSG-260074,LPSG-260074,4640 E MCDOWELL RD,PHOENIX,1/21/2026 9:09:39 AM,Commercial,8318.00,LJL VISUAL SOLUTIONS LLC,,,Trash,no_hvac_signal
SGNP,214967,SGNP-214967,https://apps-secure.phoenix.gov/PDD/Search/PermitDetails?permitNum=SGNP-214967,SGNP-214967,1050 N 52ND ST,PHOENIX,1/21/2026 9:02:48 AM,Commercial,5005.00,WESTERN SIGNS AND LIGHTING L L C,LPSG-260027,,Trash,negative=lighting
OE,26000883,OE-26000883,https://apps-secure.phoenix.gov/PDD/Search/PermitDetails?permitNum=OE-26000883,OE-26000883,32200 N 43RD AVE,PHOENIX,1/21/2026 8:40:38 AM,Commercial,95000.00,UNITED INTEGRATED SERVICES (USA) CORP,SPAD-2102373,,Trash,no_hvac_signal
OE,26000883,OE-26000883,https://apps-secure.phoenix.gov/PDD/Search/PermitDetails?permitNum=OE-26000883,OE-26000883,32200 N 43RD AVE,PHOENIX,1/21/2026 8:40:38 AM,Commercial,95000.00,UNITED INTEGRATED SERVICES (USA) CORP,SPAD-2102373,,Trash,no_hvac_signal
CSE,26000882,CSE-26000882,https://apps-secure.phoenix.gov/PDD/Search/PermitDetails?permitNum=CSE-26000882,CSE-26000882,23555 N 23RD AVE,PHOENIX,1/21/2026 8:33:53 AM,Commercial,0.00,MCCAIN CONSTRUCTION LLC,CPSE-2506871,,Trash,no_hvac_signal
WSHM,26000881,WSHM-26000881,https://apps-secure.phoenix.gov/PDD/Search/PermitDetails?permitNum=WSHM-26000881,WSHM-26000881,27442 N 39TH AVE,PHOENIX,1/21/2026 8:31:51 AM,Commercial,0.00,M G C CONTRACTORS INC,SPAD-1505973,,Trash,no_hvac_signal
SE,26000880,SE-26000880,https://apps-secure.phoenix.gov/PDD/Search/PermitDetails?permitNum=SE-26000880,SE-26000880,5088 W INNOVATION CIR,PHOENIX,1/21/2026 8:29:17 AM,Commercial,176000.00,AUSTIN COMMERCIAL,LPRM-2507140,,Trash,no_hvac_signal
SE,26000880,SE-26000880,https://apps-secure.phoenix.gov/PDD/Search/PermitDetails?permitNum=SE-26000880,SE-26000880,5088 W INNOVATION CIR,PHOENIX,1/21/2026 8:29:17 AM,Commercial,176000.00,AUSTIN COMMERCIAL,LPRM-2507140,,Trash,no_hvac_signal
PAPP,2600333,PAPP-2600333,https://apps-secure.phoenix.gov/PDD/Search/PermitDetails?permitNum=PAPP-2600333,PAPP-2600333,5088 W INNOVATION CIR,PHOENIX,1/21/2026 8:22:41 AM,Residential,0.00,TSMC ARIZONA CORPORATION,,,Trash,no_hvac_signal
WSHM,26000878,WSHM-26000878,https://apps-secure.phoenix.gov/PDD/Search/PermitDetails?permitNum=WSHM-26000878,WSHM-26000878,3315 W VERNON AVE,PHOENIX,1/21/2026 8:18:30 AM,Commercial,0.00,ROADRUNNER PAVING & ASPHALT MAINTENANCE LLC,SDEV-2600004,,Trash,no_hvac_signal
RVSN,2202210-12,RVSN-2202210-12,https://apps-secure.phoenix.gov/PDD/Search/PermitDetails?permitNum=RVSN-2202210-12,RVSN-2202210-12,32200 N 43RD AVE,PHOENIX,1/21/2026 8:11:16 AM,Commercial,0.00,UNITED INTEGRATED SERVICES (USA) CORP,PHAS-2202210-07,,Trash,no_hvac_signal
RVSN,2202210-12,RVSN-2202210-12,https://apps-secure.phoenix.gov/PDD/Search/PermitDetails?permitNum=RVSN-2202210-12,RVSN-2202210-12,32200 N 43RD AVE,PHOENIX,1/21/2026 8:11:16 AM,Commercial,0.00,UNITED INTEGRATED SERVICES (USA) CORP,PHAS-2202210-07,,Trash,no_hvac_signal
CES,26000877,CES-26000877,https://apps-secure.phoenix.gov/PDD/Search/PermitDetails?permitNum=CES-26000877,CES-26000877,4645 E MARILYN RD,PHOENIX,1/21/2026 8:10:17 AM,Commercial,0.00,CHASSE BUILDING TEAM INC,LSIS-2506827,,Trash,no_hvac_signal
RVSN,2202210-13,RVSN-2202210-13,https://apps-secure.phoenix.gov/PDD/Search/PermitDetails?permitNum=RVSN-2202210-13,RVSN-2202210-13,32200 N 43RD AVE,PHOENIX,1/21/2026 8:09:05 AM,Commercial,0.00,UNITED INTEGRATED SERVICES (USA) CORP,PHAS-2202210-05,,Trash,no_hvac_signal
RVSN,2202210-13,RVSN-2202210-13,https://apps-secure.phoenix.gov/PDD/Search/PermitDetails?permitNum=RVSN-2202210-13,RVSN-2202210-13,32200 N 43RD AVE,PHOENIX,1/21/2026 8:09:05 AM,Commercial,0.00,UNITED INTEGRATED SERVICES (USA) CORP,PHAS-2202210-05,,Trash,no_hvac_signal
WSHM,26000876,WSHM-26000876,https://apps-secure.phoenix.gov/PDD/Search/PermitDetails?permitNum=WSHM-26000876,WSHM-26000876,4602 E CALLE DEL MEDIO,PHOENIX,1/21/2026 8:08:41 AM,Residential,0.00,TORRENT RESOURCES INCORPORATED,SPAD-1101841,,Trash,no_hvac_signal
F100,26000875,F100-26000875,https://apps-secure.phoenix.gov/PDD/Search/PermitDetails?permitNum=F100-26000875,F100-26000875,32200 N 43RD AVE,PHOENIX,1/21/2026 8:03:35 AM,Commercial,0.00,SOUTHLAND INDUSTRIES INC,FPPD-252633,,Trash,no_hvac_signal
F100,26000875,F100-26000875,https://apps-secure.phoenix.gov/PDD/Search/PermitDetails?permitNum=F100-26000875,F100-26000875,32200 N 43RD AVE,PHOENIX,1/21/2026 8:03:35 AM,Commercial,0.00,SOUTHLAND INDUSTRIES INC,FPPD-252633,,Trash,no_hvac_signal
F122,26000874,F122-26000874,https://apps-secure.phoenix.gov/PDD/Search/PermitDetails?permitNum=F122-26000874,F122-26000874,10625 N TATUM BLVD,PHOENIX,1/21/2026 8:01:59 AM,Commercial,0.00,FAMILY FIRE & SECURITY LLC,FPPD-252690,,Trash,negative=fire
FPPD,260114,FPPD-260114,https://apps-secure.phoenix.gov/PDD/Search/PermitDetails?permitNum=FPPD-260114,FPPD-260114,32200 N 43RD AVE,PHOENIX,1/21/2026 7:57:12 AM,Commercial,0.00,FIRETROL PROTECTION SYSTEMS INC,,,Trash,no_hvac_signal
FPPD,260114,FPPD-260114,https://apps-secure.phoenix.gov/PDD/Search/PermitDetails?permitNum=FPPD-260114,FPPD-260114,32200 N 43RD AVE,PHOENIX,1/21/2026 7:57:12 AM,Commercial,0.00,FIRETROL PROTECTION SYSTEMS INC,,,Trash,no_hvac_signal
FPPD,260113,FPPD-260113,https://apps-secure.phoenix.gov/PDD/Search/PermitDetails?permitNum=FPPD-260113,FPPD-260113,32200 N 43RD AVE,PHOENIX,1/21/2026 7:53:39 AM,Residential,0.00,TO BE BID,,,Trash,no_hvac_signal
FPPD,260113,FPPD-260113,https://apps-secure.phoenix.gov/PDD/Search/PermitDetails?permitNum=FPPD-260113,FPPD-260113,32200 N 43RD AVE,PHOENIX,1/21/2026 7:53:39 AM,Residential,0.00,TO BE BID,,,Trash,no_hvac_signal
FPPD,260113,FPPD-260113,https://apps-secure.phoenix.gov/PDD/Search/PermitDetails?permitNum=FPPD-260113,FPPD-260113,32200 N 43RD AVE,PHOENIX,1/21/2026 7:53:39 AM,Residential,0.00,TO BE BID,,,Trash,no_hvac_signal
LPBI,2600332,LPBI-2600332,https://apps-secure.phoenix.gov/PDD/Search/PermitDetails?permitNum=LPBI-2600332,LPBI-2600332,2302 N CENTRAL AVE 511,PHOENIX,1/21/2026 7:33:22 AM,Commercial,10649.00,AMERICAN VISION WINDOWS OF ARIZONA LLC,,,Trash,no_hvac_signal
LPRM,2600331,LPRM-2600331,https://apps-secure.phoenix.gov/PDD/Search/PermitDetails?permitNum=LPRM-2600331,LPRM-2600331,21632 N 35TH AVE,PHOENIX,1/21/2026 6:38:00 AM,Commercial,63242.00,TO BE BID,,,Trash,no_hvac_signal
F875,26000872,F875-26000872,https://apps-secure.phoenix.gov/PDD/Search/PermitDetails?permitNum=F875-26000872,F875-26000872,12770 N TATUM BLVD,PHOENIX,1/21/2026 5:43:37 AM,Commercial,0.00,WESTSIDE FIRE ALARM LLC,,,Trash,negative=fire|alarm
WSHM,26000871,WSHM-26000871,https://apps-secure.phoenix.gov/PDD/Search/PermitDetails?permitNum=WSHM-26000871,WSHM-26000871,2920 N 24TH AVE,PHOENIX,1/21/2026 5:08:50 AM,Commercial,0.00,"YOUNG, SWENSON & CROSS PAVING INC.",SPAD-1809240,,Trash,no_hvac_signal
SGNP,214969,SGNP-214969,https://apps-secure.phoenix.gov/PDD/Search/PermitDetails?permitNum=SGNP-214969,SGNP-214969,2502 E CAMELBACK RD,PHOENIX,1/21/2026 12:00:00 AM,Commercial,1150.00,UNITED SIGN COMPANY LLC,LPSG-251534,,Trash,negative=sign
SGNP,214970,SGNP-214970,https://apps-secure.phoenix.gov/PDD/Search/PermitDetails?permitNum=SGNP-214970,SGNP-214970,2502 E CAMELBACK RD,PHOENIX,1/21/2026 12:00:00 AM,Commercial,1150.00,UNITED SIGN COMPANY LLC,LPSG-251534,,Trash,negative=sign
CPR,26000890,CPR-26000890,https://apps-secure.phoenix.gov/PDD/Search/PermitDetails?permitNum=CPR-26000890,CPR-26000890,6338 E SHEA BLVD,PHOENIX,1/21/2026 12:00:00 AM,Commercial,0.00,ALPINE PIPELINE LLC,SPAD-0200330,,Trash,no_hvac_signal
CLT,26000891,CLT-26000891,https://apps-secure.phoenix.gov/PDD/Search/PermitDetails?permitNum=CLT-26000891,CLT-26000891,6338 E SHEA BLVD,PHOENIX,1/21/2026 12:00:00 AM,Commercial,0.00,ALPINE PIPELINE LLC,SPAD-0200330,,Trash,no_hvac_signal
CCO,26000899,CCO-26000899,https://apps-secure.phoenix.gov/PDD/Search/PermitDetails?permitNum=CCO-26000899,CCO-26000899,2600 S 59TH AVE,PHOENIX,1/21/2026 12:00:00 AM,Commercial,0.00,R & M CONCRETE INC,CPGD-2501596,,Trash,no_hvac_signal
CPR,26000900,CPR-26000900,https://apps-secure.phoenix.gov/PDD/Search/PermitDetails?permitNum=CPR-26000900,CPR-26000900,2600 S 59TH AVE,PHOENIX,1/21/2026 12:00:00 AM,Commercial,0.00,ARROWMARK LLC,CPGD-2501596,,Trash,no_hvac_signal
CSE,26000904,CSE-26000904,https://apps-secure.phoenix.gov/PDD/Search/PermitDetails?permitNum=CSE-26000904,CSE-26000904,2600 S 59TH AVE,PHOENIX,1/21/2026 12:00:00 AM,Commercial,0.00,REDPOINT CONTRACTING,WSPR-2500002,,Trash,no_hvac_signal
CPR,26000905,CPR-26000905,https://apps-secure.phoenix.gov/PDD/Search/PermitDetails?permitNum=CPR-26000905,CPR-26000905,2600 S 59TH AVE,PHOENIX,1/21/2026 12:00:00 AM,Commercial,0.00,REDPOINT CONTRACTING,WSPR-2500002,,Trash,no_hvac_signal
LPRR,2600329,LPRR-2600329,https://apps-secure.phoenix.gov/PDD/Search/PermitDetails?permitNum=LPRR-2600329,LPRR-2600329,330 E ROOSEVELT ST,PHOENIX,1/20/2026 6:00:34 PM,Commercial,246000.00,INSTATE CONSTRUCTION LLC,,,Trash,no_hvac_signal
PRLM,2600328,PRLM-2600328,https://apps-secure.phoenix.gov/PDD/Search/PermitDetails?permitNum=PRLM-2600328,PRLM-2600328,2605 W MOUNTAIN VIEW RD,PHOENIX,1/20/2026 4:58:01 PM,Residential,0.00,TO BE BID,SDEV-2200162,,Trash,no_hvac_signal
S,26000869,S-26000869,https://apps-secure.phoenix.gov/PDD/Search/PermitDetails?permitNum=S-26000869,S-26000869,3050 S 35TH ST,PHOENIX,1/20/2026 4:25:12 PM,Commercial,143000.00,RAYMOND HANDLING SOLUTIONS INC.,LPRM-2506758,,Trash,no_hvac_signal
RPV,26000867,RPV-26000867,https://apps-secure.phoenix.gov/PDD/Search/PermitDetails?permitNum=RPV-26000867,RPV-26000867,15808 N 8TH ST,PHOENIX,1/20/2026 4:20:16 PM,Commercial,22140.00,ONEWORLDENERGY LLC,SPAD-2600030,,Trash,no_hvac_signal
WSHM,26000865,WSHM-26000865,https://apps-secure.phoenix.gov/PDD/Search/PermitDetails?permitNum=WSHM-26000865,WSHM-26000865,3030 W DUNLAP AVE,PHOENIX,1/20/2026 4:05:10 PM,Commercial,0.00,PCL CONSTRUCTION SERVICES INC,SPAD-2001531,,Trash,no_hvac_signal
SE,26000864,SE-26000864,https://apps-secure.phoenix.gov/PDD/Search/PermitDetails?permitNum=SE-26000864,SE-26000864,33750 N DOVE LAKES DR,PHOENIX,1/20/2026 3:52:19 PM,Commercial,25000.00,PACIFIC NETWORK SOLUTIONS CONSTRUCTION LLC,LPRM-2506539,,Trash,no_hvac_signal
F171,2600249,F171-2600249,https://apps-secure.phoenix.gov/PDD/Search/PermitDetails?permitNum=F171-2600249,F171-2600249,,PHOENIX,1/20/2026 3:50:08 PM,Commercial,0.00,MLC SERVICES LLC,SPAD-2300297,,Trash,no_hvac_signal
WSSD,26000863,WSSD-26000863,https://apps-secure.phoenix.gov/PDD/Search/PermitDetails?permitNum=WSSD-26000863,WSSD-26000863,5625 N 7TH ST,PHOENIX,1/20/2026 3:47:30 PM,Commercial,0.00,A B S ARIZONA BACKFLOW SPECIALIST L L C,SPAD-1601384,,Trash,negative=backflow
LPSG,260073,LPSG-260073,https://apps-secure.phoenix.gov/PDD/Search/PermitDetails?permitNum=LPSG-260073,LPSG-260073,350 E PINNACLE PEAK RD,PHOENIX,1/20/2026 3:42:43 PM,Commercial,800.00,SPG COMPANIES DBA SIGN PRINT GRAPHICS LLC,,,Trash,negative=sign
WSSD,26000862,WSSD-26000862,https://apps-secure.phoenix.gov/PDD/Search/PermitDetails?permitNum=WSSD-26000862,WSSD-26000862,1580 E PIMA ST,PHOENIX,1/20/2026 3:37:55 PM,Commercial,0.00,FIREMAN EQ CO,SPAD-0412482,,Trash,no_hvac_signal
WSHM,26000861,WSHM-26000861,https://apps-secure.phoenix.gov/PDD/Search/PermitDetails?permitNum=WSHM-26000861,WSHM-26000861,4122 W INNOVATIVE DR,PHOENIX,1/20/2026 3:36:38 PM,Commercial,0.00,ROBINS CONSTRUCTION INC,SPAD-0406609,,Trash,no_hvac_signal
F800,2600248,F800-2600248,https://apps-secure.phoenix.gov/PDD/Search/PermitDetails?permitNum=F800-2600248,F800-2600248,20814 N 39TH DR,PHOENIX,1/20/2026 3:33:14 PM,Commercial,0.00,CAPITAL ENERGY LLC,SPAD-0402962,,Trash,no_hvac_signal
F809,26000860,F809-26000860,https://apps-secure.phoenix.gov/PDD/Search/PermitDetails?permitNum=F809-26000860,F809-26000860,8226 S 15TH ST,PHOENIX,1/20/2026 3:30:31 PM,Commercial,0.00,PATRIOT FIRE AND BACKFLOW LLC,,,Trash,negative=backflow|fire
FPPD,260112,FPPD-260112,https://apps-secure.phoenix.gov/PDD/Search/PermitDetails?permitNum=FPPD-260112,FPPD-260112,1631 E CARSON RD,PHOENIX,1/20/2026 3:28:44 PM,Residential,0.00,TO BE BID,,,Trash,no_hvac_signal
CSW,26000859,CSW-26000859,https://apps-secure.phoenix.gov/PDD/Search/PermitDetails?permitNum=CSW-26000859,CSW-26000859,2600 S 59TH AVE,PHOENIX,1/20/2026 3:27:12 PM,Commercial,0.00,DESERT SERVICES S W P P P SOLUTIONS,CPSW-2407026,,Trash,no_hvac_signal
FPPX,260111,FPPX-260111,https://apps-secure.phoenix.gov/PDD/Search/PermitDetails?permitNum=FPPX-260111,FPPX-260111,7810 S 42ND PL,PHOENIX,1/20/2026 3:18:35 PM,Residential,0.00,TO BE BID,,,Trash,no_hvac_signal
CPR,26000858,CPR-26000858,https://apps-secure.phoenix.gov/PDD/Search/PermitDetails?permitNum=CPR-26000858,CPR-26000858,,PHOENIX,1/20/2026 3:12:09 PM,Commercial,0.00,ALK ASPHALT LLC,AMND-99-3985A3,,Trash,no_hvac_signal
SGNP,214962,SGNP-214962,https://apps-secure.phoenix.gov/PDD/Search/PermitDetails?permitNum=SGNP-214962,SGNP-214962,23910 N 19TH AVE,PHOENIX,1/20/2026 3:10:22 PM,Commercial,4500.00,GRACE SIGNS ARIZONA LLC,LPSG-260053,,Trash,no_hvac_signal
CWT,26000857,CWT-26000857,https://apps-secure.phoenix.gov/PDD/Search/PermitDetails?permitNum=CWT-26000857,CWT-26000857,,PHOENIX,1/20/2026 3:09:13 PM,Commercial,0.00,KELCO CONTRACTING L L C,CPWT-2500030,,Trash,no_hvac_signal
CWT,26000857,CWT-26000857,https://apps-secure.phoenix.gov/PDD/Search/PermitDetails?permitNum=CWT-26000857,CWT-26000857,,PHOENIX,1/20/2026 3:09:13 PM,Commercial,0.00,KELCO CONTRACTING L L C,CPWT-2500030,,Trash,no_hvac_signal
CSE,26000856,CSE-26000856,https://apps-secure.phoenix.gov/PDD/Search/PermitDetails?permitNum=CSE-26000856,CSE-26000856,,PHOENIX,1/20/2026 3:05:08 PM,Commercial,0.00,KELCO CONTRACTING L L C,CPSE-2500034,,Trash,no_hvac_signal
CSE,26000856,CSE-26000856,https://apps-secure.phoenix.gov/PDD/Search/PermitDetails?permitNum=CSE-26000856,CSE-26000856,,PHOENIX,1/20/2026 3:05:08 PM,Commercial,0.00,KELCO CONTRACTING L L C,CPSE-2500034,,Trash,no_hvac_signal
F824,2600246,F824-2600246,https://apps-secure.phoenix.gov/PDD/Search/PermitDetails?permitNum=F824-2600246,F824-2600246,6044 E ROSE CIRCLE DR,PHOENIX,1/20/2026 3:00:50 PM,Commercial,0.00,R H DESIGN AND BUILD LLC,SPAD-2501344,,Trash,no_hvac_signal
ELEC,26000855,ELEC-26000855,https://apps-secure.phoenix.gov/PDD/Search/PermitDetails?permitNum=ELEC-26000855,ELEC-26000855,5200 W SOUTHERN AVE,PHOENIX,1/20/2026 3:00:10 PM,Commercial,350000.00,BELA FLOR COMMUNITIES LLC,LPRM-2506720,,Trash,no_hvac_signal
CMW,26000854,CMW-26000854,https://apps-secure.phoenix.gov/PDD/Search/PermitDetails?permitNum=CMW-26000854,CMW-26000854,2964 W OSBORN RD,PHOENIX,1/20/2026 3:00:05 PM,Commercial,0.00,"GEOMECHANICS SOUTHWEST, INC.",CPMC-2600222,,Trash,no_hvac_signal
FPPR,260041,FPPR-260041,https://apps-secure.phoenix.gov/PDD/Search/PermitDetails?permitNum=FPPR-260041,FPPR-260041,15634 N 32ND ST,PHOENIX,1/20/2026 2:59:05 PM,Commercial,0.00,L&J CONTRACTORS INC,SPAD-2402605,,Trash,no_hvac_signal
LPRM,2600326,LPRM-2600326,https://apps-secure.phoenix.gov/PDD/Search/PermitDetails?permitNum=LPRM-2600326,LPRM-2600326,111 E BUCKEYE RD,PHOENIX,1/20/2026 2:59:00 PM,Commercial,35000.00,TO BE BID,,,Trash,no_hvac_signal
CSIT,26000853,CSIT-26000853,https://apps-secure.phoenix.gov/PDD/Search/PermitDetails?permitNum=CSIT-26000853,CSIT-26000853,9202 N 35TH AVE,PHOENIX,1/20/2026 2:56:47 PM,Commercial,0.00,OWNER,AMND-00-944A1,,Trash,no_hvac_signal
WSFT,26000852,WSFT-26000852,https://apps-secure.phoenix.gov/PDD/Search/PermitDetails?permitNum=WSFT-26000852,WSFT-26000852,,PHOENIX,1/20/2026 2:51:12 PM,Commercial,0.00,STEEL & SPARK LLC,SDEV-2400082,,Trash,no_hvac_signal
OE,26000851,OE-26000851,https://apps-secure.phoenix.gov/PDD/Search/PermitDetails?permitNum=OE-26000851,OE-26000851,5110 N 40TH ST,PHOENIX,1/20/2026 2:48:57 PM,Commercial,5000.00,HIGH-TECH INFRARED LLC,,,Trash,no_hvac_signal
WSFT,26000850,WSFT-26000850,https://apps-secure.phoenix.gov/PDD/Search/PermitDetails?permitNum=WSFT-26000850,WSFT-26000850,2806 N 24TH ST,PHOENIX,1/20/2026 2:45:58 PM,Residential,0.00,OWNER,SPAD-2000152,,Trash,no_hvac_signal
SCSU,2600325,SCSU-2600325,https://apps-secure.phoenix.gov/PDD/Search/PermitDetails?permitNum=SCSU-2600325,SCSU-2600325,1414 E HARWELL RD,PHOENIX,1/20/2026 2:35:23 PM,Commercial,0.00,OWNER,,,Trash,no_hvac_signal
LPSG,260072,LPSG-260072,https://apps-secure.phoenix.gov/PDD/Search/PermitDetails?permitNum=LPSG-260072,LPSG-260072,2325 W CYPRESS ST,PHOENIX,1/20/2026 2:24:34 PM,Commercial,3500.00,ASSOCIATED SIGN COMPANY,,,Trash,negative=sign
F171,2600242,F171-2600242,https://apps-secure.phoenix.gov/PDD/Search/PermitDetails?permitNum=F171-2600242,F171-2600242,,PHOENIX,1/20/2026 2:19:17 PM,Commercial,0.00,FELIX FIRE PROTECTION LLC,SPAD-2300297,,Trash,negative=fire
F171,2600243,F171-2600243,https://apps-secure.phoenix.gov/PDD/Search/PermitDetails?permitNum=F171-2600243,F171-2600243,,PHOENIX,1/20/2026 2:19:17 PM,Commercial,0.00,FELIX FIRE PROTECTION LLC,SPAD-2300297,,Trash,negative=fire
RPV,26000849,RPV-26000849,https://apps-secure.phoenix.gov/PDD/Search/PermitDetails?permitNum=RPV-26000849,RPV-26000849,10452 S 25TH AVE,PHOENIX,1/20/2026 2:16:45 PM,Commercial,35640.00,APOLLO SOLAR LLC,SPAD-0118386,,Trash,negative=solar(?: pv)?
F193,2600241,F193-2600241,https://apps-secure.phoenix.gov/PDD/Search/PermitDetails?permitNum=F193-2600241,F193-2600241,1811 E SIESTA LN,PHOENIX,1/20/2026 2:14:20 PM,Commercial,0.00,ACES CONSTRUCTION LLC,SPAD-0214343,,Trash,no_hvac_signal
CES,26000846,CES-26000846,https://apps-secure.phoenix.gov/PDD/Search/PermitDetails?permitNum=CES-26000846,CES-26000846,17453 N 25TH AVE,PHOENIX,1/20/2026 2:03:57 PM,Commercial,0.00,FLEMING WEST LLC,LSIS-2507015,,Trash,no_hvac_signal
TCO,26000845,TCO-26000845,https://apps-secure.phoenix.gov/PDD/Search/PermitDetails?permitNum=TCO-26000845,TCO-26000845,2230 E BELL RD,PHOENIX,1/20/2026 2:02:39 PM,Commercial,693350.40,WESTERN INSTALLATION AND LOGISTICS INC.,BLD-25017628,,Trash,no_hvac_signal
WSHM,26000844,WSHM-26000844,https://apps-secure.phoenix.gov/PDD/Search/PermitDetails?permitNum=WSHM-26000844,WSHM-26000844,1819 N 99TH AVE,PHOENIX,1/20/2026 1:59:48 PM,Commercial,0.00,P R H CONSTRUCTION INC,CCPH-2500159,,Trash,no_hvac_signal
FPPD,260110,FPPD-260110,https://apps-secure.phoenix.gov/PDD/Search/PermitDetails?permitNum=FPPD-260110,FPPD-260110,20700 N 56TH ST,PHOENIX,1/20/2026 1:56:19 PM,Commercial,0.00,WESPAC CONSTRUCTION,,,Trash,no_hvac_signal
FACT,2600322,FACT-2600322,https://apps-secure.phoenix.gov/PDD/Search/PermitDetails?permitNum=FACT-2600322,FACT-2600322,4040 E VIA ESTRELLA,PHOENIX,1/20/2026 1:42:11 PM,Residential,0.00,TO BE BID,,,Trash,no_hvac_signal
F800,2600240,F800-2600240,https://apps-secure.phoenix.gov/PDD/Search/PermitDetails?permitNum=F800-2600240,F800-2600240,2717 E CINNABAR AVE,PHOENIX,1/20/2026 1:31:18 PM,Commercial,0.00,ICON POWER LLC,SPAD-2600067,,Trash,no_hvac_signal
FPPX,260109,FPPX-260109,https://apps-secure.phoenix.gov/PDD/Search/PermitDetails?permitNum=FPPX-260109,FPPX-260109,2020 N 75TH AVE,PHOENIX,1/20/2026 1:29:39 PM,Commercial,0.00,TO BE BID,,,Trash,no_hvac_signal
FPPX,260109,FPPX-260109,https://apps-secure.phoenix.gov/PDD/Search/PermitDetails?permitNum=FPPX-260109,FPPX-260109,2020 N 75TH AVE,PHOENIX,1/20/2026 1:29:39 PM,Commercial,0.00,TO BE BID,,,Trash,no_hvac_signal
LPRM,2600321,LPRM-2600321,https://apps-secure.phoenix.gov/PDD/Search/PermitDetails?permitNum=LPRM-2600321,LPRM-2600321,3102 E CAMPBELL AVE,PHOENIX,1/20/2026 1:27:30 PM,Commercial,25000.00,TO BE BID,,,Trash,no_hvac_signal
FPPD,260108,FPPD-260108,https://apps-secure.phoenix.gov/PDD/Search/PermitDetails?permitNum=FPPD-260108,FPPD-260108,20802 N 38TH DR,PHOENIX,1/20/2026 1:11:01 PM,Commercial,0.00,TO BE BID,SPAD-2502168,,Trash,no_hvac_signal
RPV,26000843,RPV-26000843,https://apps-secure.phoenix.gov/PDD/Search/PermitDetails?permitNum=RPV-26000843,RPV-26000843,5809 E CALLE DEL PAISANO,PHOENIX,1/20/2026 1:09:40 PM,Commercial,12600.00,UNITED ENERGY PARTNERS LLC,,,Trash,no_hvac_signal
WSFT,26000842,WSFT-26000842,https://apps-secure.phoenix.gov/PDD/Search/PermitDetails?permitNum=WSFT-26000842,WSFT-26000842,,PHOENIX,1/20/2026 1:04:32 PM,Commercial,0.00,"WOOD, PATEL & ASSOCIATES INC",SDEV-0101827,,Trash,no_hvac_signal
F193,2600239,F193-2600239,https://apps-secure.phoenix.gov/PDD/Search/PermitDetails?permitNum=F193-2600239,F193-2600239,5809 E CALLE DEL PAISANO,PHOENIX,1/20/2026 1:04:19 PM,Commercial,0.00,UNITED ENERGY PARTNERS LLC,SPAD-0015795,,Trash,no_hvac_signal
F824,2600237,F824-2600237,https://apps-secure.phoenix.gov/PDD/Search/PermitDetails?permitNum=F824-2600237,F824-2600237,4730 E PIEDMONT RD,PHOENIX,1/20/2026 1:03:07 PM,Commercial,0.00,PROPANE SERVICES LLC,SPAD-2600069,,Trash,no_hvac_signal
RPV,26000841,RPV-26000841,https://apps-secure.phoenix.gov/PDD/Search/PermitDetails?permitNum=RPV-26000841,RPV-26000841,933 E LA MIRADA DR,PHOENIX,1/20/2026 12:56:34 PM,Commercial,22719.04,APOLLO SOLAR LLC,SPAD-1905432,,Trash,negative=solar(?: pv)?
F800,2600235,F800-2600235,https://apps-secure.phoenix.gov/PDD/Search/PermitDetails?permitNum=F800-2600235,F800-2600235,933 E LA MIRADA DR,PHOENIX,1/20/2026 12:56:34 PM,Commercial,0.00,APOLLO SOLAR LLC,SPAD-1905432,,Trash,negative=solar(?: pv)?
WSHM,26000840,WSHM-26000840,https://apps-secure.phoenix.gov/PDD/Search/PermitDetails?permitNum=WSHM-26000840,WSHM-26000840,,PHOENIX,1/20/2026 12:55:49 PM,Residential,0.00,S & S PAVING AND CONSTRUCTION,CCPH-2500256,,Trash,no_hvac_signal
RPV,26000839,RPV-26000839,https://apps-secure.phoenix.gov/PDD/Search/PermitDetails?permitNum=RPV-26000839,RPV-26000839,3946 W HOLLY ST,PHOENIX,1/20/2026 12:43:09 PM,Commercial,15795.00,BRIGHT HOME INSTALLATIONS LLC,SPAD-0606443,,Trash,no_hvac_signal
WSSD,26000838,WSSD-26000838,https://apps-secure.phoenix.gov/PDD/Search/PermitDetails?permitNum=WSSD-26000838,WSSD-26000838,829 N 1ST AVE,PHOENIX,1/20/2026 12:29:00 PM,Residential,0.00,SERVICE 1ST FIRE PROTECTION L L C,SPAD-2008666,,Trash,negative=fire
CSLC,26000837,CSLC-26000837,https://apps-secure.phoenix.gov/PDD/Search/PermitDetails?permitNum=CSLC-26000837,CSLC-26000837,6130 N 2ND ST,PHOENIX,1/20/2026 12:18:08 PM,Commercial,0.00,"DIRT PRO CONTRACTING, INC",CRSC-2600100,,Trash,no_hvac_signal
F800,2600232,F800-2600232,https://apps-secure.phoenix.gov/PDD/Search/PermitDetails?permitNum=F800-2600232,F800-2600232,3029 E SOUTH FORK DR,PHOENIX,1/20/2026 12:08:59 PM,Commercial,0.00,ONEWORLDENERGY LLC,SPAD-2008122,,Trash,no_hvac_signal
CMC,26000836,CMC-26000836,https://apps-secure.phoenix.gov/PDD/Search/PermitDetails?permitNum=CMC-26000836,CMC-26000836,9515 W CAMELBACK RD,PHOENIX,1/20/2026 12:03:50 PM,Commercial,0.00,ORCA PLUMBING AND REPAIR LLC,SPAD-2102955,,Trash,negative=plumb(?:ing)?
SE,26000835,SE-26000835,https://apps-secure.phoenix.gov/PDD/Search/PermitDetails?permitNum=SE-26000835,SE-26000835,10640 S CENTRAL AVE,PHOENIX,1/20/2026 12:03:34 PM,Commercial,1000000.00,CHASSE BUILDING TEAM INC,LPRM-2505873,,Trash,no_hvac_signal
WSHM,26000834,WSHM-26000834,https://apps-secure.phoenix.gov/PDD/Search/PermitDetails?permitNum=WSHM-26000834,WSHM-26000834,,PHOENIX,1/20/2026 11:55:07 AM,Commercial,0.00,SUNDT CONSTRUCTION INC,SDEV-2600004,,Trash,no_hvac_signal
F800,2600231,F800-2600231,https://apps-secure.phoenix.gov/PDD/Search/PermitDetails?permitNum=F800-2600231,F800-2600231,2045 E ANDERSON DR,PHOENIX,1/20/2026 11:53:40 AM,Commercial,0.00,ONEWORLDENERGY LLC,SPAD-1501251,,Trash,no_hvac_signal
WSFT,26000831,WSFT-26000831,https://apps-secure.phoenix.gov/PDD/Search/PermitDetails?permitNum=WSFT-26000831,WSFT-26000831,205 S 28TH ST,PHOENIX,1/20/2026 11:41:25 AM,Residential,0.00,A P FIRE PROTECTION L L C,SPAD-1704609,,Trash,negative=fire
FPPR,260040,FPPR-260040,https://apps-secure.phoenix.gov/PDD/Search/PermitDetails?permitNum=FPPR-260040,FPPR-260040,4640 E CAMELBACK HEIGHTS WAY,PHOENIX,1/20/2026 11:40:58 AM,Residential,0.00,SUN VALLEY SOLAR SOLUTIONS L L C,SPAD-0717368,,Trash,negative=solar(?: pv)?
CSE,26000829,CSE-26000829,https://apps-secure.phoenix.gov/PDD/Search/PermitDetails?permitNum=CSE-26000829,CSE-26000829,,PHOENIX,1/20/2026 11:33:33 AM,Residential,0.00,N P L CONSTRUCTION CO,WSPR-2400005,,Trash,no_hvac_signal
F800,2600230,F800-2600230,https://apps-secure.phoenix.gov/PDD/Search/PermitDetails?permitNum=F800-2600230,F800-2600230,2816 E MERCER LN,PHOENIX,1/20/2026 11:28:51 AM,Commercial,0.00,ONEWORLDENERGY LLC,SPAD-1706292,,Trash,no_hvac_signal
CLS,26000828,CLS-26000828,https://apps-secure.phoenix.gov/PDD/Search/PermitDetails?permitNum=CLS-26000828,CLS-26000828,6900 S 59TH AVE,PHOENIX,1/20/2026 11:23:18 AM,Commercial,0.00,GOTHIC LANDSCAPING INC,LSPL-2208940,,Trash,no_hvac_signal
FPPR,260039,FPPR-260039,https://apps-secure.phoenix.gov/PDD/Search/PermitDetails?permitNum=FPPR-260039,FPPR-260039,3800 E SKY HARBOR BLVD,PHOENIX,1/20/2026 11:23:01 AM,Commercial,0.00,API GROUP LIFE SAFETY USA LLC,AFPF-060232,,Trash,no_hvac_signal
FPPR,260039,FPPR-260039,https://apps-secure.phoenix.gov/PDD/Search/PermitDetails?permitNum=FPPR-260039,FPPR-260039,3800 E SKY HARBOR BLVD,PHOENIX,1/20/2026 11:23:01 AM,Commercial,0.00,API GROUP LIFE SAFETY USA LLC,AFPF-060232,,Trash,no_hvac_signal
F193,2600229,F193-2600229,https://apps-secure.phoenix.gov/PDD/Search/PermitDetails?permitNum=F193-2600229,F193-2600229,3946 W HOLLY ST,PHOENIX,1/20/2026 11:17:59 AM,Commercial,0.00,BRIGHT HOME INSTALLATIONS LLC,SPAD-0606443,,Trash,no_hvac_signal
CES,26000826,CES-26000826,https://apps-secure.phoenix.gov/PDD/Search/PermitDetails?permitNum=CES-26000826,CES-26000826,2909 E GROVERS AVE,PHOENIX,1/20/2026 11:00:52 AM,Commercial,0.00,IONIC BUILDERS LLC,LSIS-2406953,,Trash,no_hvac_signal
OP,26000825,OP-26000825,https://apps-secure.phoenix.gov/PDD/Search/PermitDetails?permitNum=OP-26000825,OP-26000825,9797 W INDIAN SCHOOL RD,PHOENIX,1/20/2026 10:52:35 AM,Commercial,150.00,GOTHIC LANDSCAPING INC,SDEV-2300083,,Trash,no_hvac_signal
OE,26000824,OE-26000824,https://apps-secure.phoenix.gov/PDD/Search/PermitDetails?permitNum=OE-26000824,OE-26000824,1810 N 79TH DR,PHOENIX,1/20/2026 10:48:31 AM,Commercial,114.00,AGAVE ENVIRONMENTAL CONTRACTIN,SPAD-2503621,,Trash,no_hvac_signal
F805,26000823,F805-26000823,https://apps-secure.phoenix.gov/PDD/Search/PermitDetails?permitNum=F805-26000823,F805-26000823,300 E JESSE OWENS PKWY,PHOENIX,1/20/2026 10:47:43 AM,Commercial,0.00,DATA LINK TECHNOLOGY SERVICES LLC,SPAD-2201620,,Trash,no_hvac_signal
CUT,26000822,CUT-26000822,https://apps-secure.phoenix.gov/PDD/Search/PermitDetails?permitNum=CUT-26000822,CUT-26000822,2301 N 48TH ST,PHOENIX,1/20/2026 10:45:28 AM,Residential,0.00,MARKHAM CONTRACTING CO,CCPR-0401152,,Trash,no_hvac_signal
LSAL,2600316,LSAL-2600316,https://apps-secure.phoenix.gov/PDD/Search/PermitDetails?permitNum=LSAL-2600316,LSAL-2600316,32300 N 51ST AVE,PHOENIX,1/20/2026 10:40:05 AM,Residential,0.00,TO BE BID,,,Trash,no_hvac_signal
F175,26000821,F175-26000821,https://apps-secure.phoenix.gov/PDD/Search/PermitDetails?permitNum=F175-26000821,F175-26000821,3825 W CLARENDON AVE,PHOENIX,1/20/2026 10:34:58 AM,Commercial,0.00,API GROUP LIFE SAFETY USA LLC,FPPD-252370,,Trash,no_hvac_signal
OP,26000820,OP-26000820,https://apps-secure.phoenix.gov/PDD/Search/PermitDetails?permitNum=OP-26000820,OP-26000820,1944 E SKY HARBOR CIR N,PHOENIX,1/20/2026 10:33:16 AM,Commercial,20605.32,METERING SERVICES INC,AFPF-150047,,Trash,no_hvac_signal
OP,26000820,OP-26000820,https://apps-secure.phoenix.gov/PDD/Search/PermitDetails?permitNum=OP-26000820,OP-26000820,1944 E SKY HARBOR CIR N,PHOENIX,1/20/2026 10:33:16 AM,Commercial,20605.32,METERING SERVICES INC,AFPF-150047,,Trash,no_hvac_signal
DEM,26000819,DEM-26000819,https://apps-secure.phoenix.gov/PDD/Search/PermitDetails?permitNum=DEM-26000819,DEM-26000819,3701 E UNIVERSITY DR,PHOENIX,1/20/2026 10:31:50 AM,Commercial,72730.00,HIGH POINT DEVELOPMENT LLC,SPAD-0015196,,Trash,no_hvac_signal
WSSD,26000818,WSSD-26000818,https://apps-secure.phoenix.gov/PDD/Search/PermitDetails?permitNum=WSSD-26000818,WSSD-26000818,1825 W UNION HILLS DR,PHOENIX,1/20/2026 10:23:10 AM,Commercial,0.00,HILLER COMPANIES INC (THE),SPAD-0706312,,Trash,no_hvac_signal
F105,26000817,F105-26000817,https://apps-secure.phoenix.gov/PDD/Search/PermitDetails?permitNum=F105-26000817,F105-26000817,2 N CENTRAL AVE,PHOENIX,1/20/2026 10:13:14 AM,Commercial,0.00,OLYMPIC WEST FIRE PROTECTION,FPPR-260014,,Trash,negative=fire
F105,26000817,F105-26000817,https://apps-secure.phoenix.gov/PDD/Search/PermitDetails?permitNum=F105-26000817,F105-26000817,2 N CENTRAL AVE,PHOENIX,1/20/2026 10:13:14 AM,Commercial,0.00,OLYMPIC WEST FIRE PROTECTION,FPPR-260014,,Trash,negative=fire
FPPR,260037,FPPR-260037,https://apps-secure.phoenix.gov/PDD/Search/PermitDetails?permitNum=FPPR-260037,FPPR-260037,3620 N BLACK CANYON HWY,PHOENIX,1/20/2026 10:06:10 AM,Commercial,0.00,FIRE SYSTEM SPECIALISTS,FITM-2506390,,Trash,negative=fire
LPRM,2600313,LPRM-2600313,https://apps-secure.phoenix.gov/PDD/Search/PermitDetails?permitNum=LPRM-2600313,LPRM-2600313,909 E BUCKEYE RD,PHOENIX,1/20/2026 10:03:17 AM,Commercial,5000.00,SIERRA VERDE CONSTRUCTION LLC,,,Trash,no_hvac_signal
PAPP,2600312,PAPP-2600312,https://apps-secure.phoenix.gov/PDD/Search/PermitDetails?permitNum=PAPP-2600312,PAPP-2600312,9680 S 59TH AVE,PHOENIX,1/20/2026 9:59:47 AM,Commercial,0.00,TO BE BID,,,Trash,no_hvac_signal
AMND,08-2800A2,AMND-08-2800A2,https://apps-secure.phoenix.gov/PDD/Search/PermitDetails?permitNum=AMND-08-2800A2,AMND-08-2800A2,1730 W ROOSEVELT ST,PHOENIX,1/20/2026 9:58:15 AM,Commercial,0.00,OWNER,,,Trash,no_hvac_signal
TCO,26000815,TCO-26000815,https://apps-secure.phoenix.gov/PDD/Search/PermitDetails?permitNum=TCO-26000815,TCO-26000815,20700 N 55TH ST,PHOENIX,1/20/2026 9:45:40 AM,Commercial,65639855.00,GS CONSTRUCTION DESERT LLC,BLD-24000661,,Trash,no_hvac_signal
SGNP,214961,SGNP-214961,https://apps-secure.phoenix.gov/PDD/Search/PermitDetails?permitNum=SGNP-214961,SGNP-214961,4925 W BELL RD,PHOENIX,1/20/2026 9:45:01 AM,Commercial,2000.00,TAGTEAM GRAFIX L L C,LPSG-251108,,Trash,no_hvac_signal
WSFT,26000814,WSFT-26000814,https://apps-secure.phoenix.gov/PDD/Search/PermitDetails?permitNum=WSFT-26000814,WSFT-26000814,12010 N TATUM BLVD,PHOENIX,1/20/2026 9:39:07 AM,Commercial,0.00,CENTERLINE FIRE DESIGN LLC,CCPH-2500038,,Trash,negative=fire
F134,26000813,F134-26000813,https://apps-secure.phoenix.gov/PDD/Search/PermitDetails?permitNum=F134-26000813,F134-26000813,4275 W INDIAN SCHOOL RD,PHOENIX,1/20/2026 9:37:45 AM,Residential,0.00,ALLIED FIRE PROTECTION,FPPD-252531,,Trash,negative=fire
CCO,26000812,CCO-26000812,https://apps-secure.phoenix.gov/PDD/Search/PermitDetails?permitNum=CCO-26000812,CCO-26000812,4735 E CALLE DEL MEDIO,PHOENIX,1/20/2026 9:37:11 AM,Commercial,1.00,LJL CONSTRUCTION AND ENVIRONMENTAL LLC,CPGD-2505310,,Trash,no_hvac_signal
F134,26000809,F134-26000809,https://apps-secure.phoenix.gov/PDD/Search/PermitDetails?permitNum=F134-26000809,F134-26000809,2250 E THOMAS RD,PHOENIX,1/20/2026 9:31:05 AM,Commercial,0.00,ALLIED FIRE PROTECTION,FPPD-252528,,Trash,negative=fire
CPSW,2600311,CPSW-2600311,https://apps-secure.phoenix.gov/PDD/Search/PermitDetails?permitNum=CPSW-2600311,CPSW-2600311,4645 E MARILYN RD,PHOENIX,1/20/2026 9:25:42 AM,Commercial,0.00,TO BE BID,,,Trash,no_hvac_signal
LSPX,2600309,LSPX-2600309,https://apps-secure.phoenix.gov/PDD/Search/PermitDetails?permitNum=LSPX-2600309,LSPX-2600309,3939 W CAREFREE HWY,PHOENIX,1/20/2026 9:24:06 AM,Commercial,0.00,TO BE BID,,,Trash,no_hvac_signal
LSPL,2600308,LSPL-2600308,https://apps-secure.phoenix.gov/PDD/Search/PermitDetails?permitNum=LSPL-2600308,LSPL-2600308,14400 N TATUM BLVD,PHOENIX,1/20/2026 9:24:00 AM,Commercial,0.00,TO BE BID,,,Trash,no_hvac_signal
CPSW,2600306,CPSW-2600306,https://apps-secure.phoenix.gov/PDD/Search/PermitDetails?permitNum=CPSW-2600306,CPSW-2600306,14400 N TATUM BLVD,PHOENIX,1/20/2026 9:23:59 AM,Commercial,0.00,TO BE BID,,,Trash,no_hvac_signal
CPFL,2600307,CPFL-2600307,https://apps-secure.phoenix.gov/PDD/Search/PermitDetails?permitNum=CPFL-2600307,CPFL-2600307,14400 N TATUM BLVD,PHOENIX,1/20/2026 9:23:59 AM,Commercial,0.00,TO BE BID,,,Trash,no_hvac_signal
CSW,26000807,CSW-26000807,https://apps-secure.phoenix.gov/PDD/Search/PermitDetails?permitNum=CSW-26000807,CSW-26000807,4027 S 13TH ST,PHOENIX,1/20/2026 9:21:14 AM,Commercial,6.00,PETRA CONTRACTING,CPSW-2502575,,Trash,no_hvac_signal
CGD,26000808,CGD-26000808,https://apps-secure.phoenix.gov/PDD/Search/PermitDetails?permitNum=CGD-26000808,CGD-26000808,4027 S 13TH ST,PHOENIX,1/20/2026 9:21:14 AM,Commercial,0.00,S & S PAVING AND CONSTRUCTION,CPGD-2501441,,Trash,no_hvac_signal
F875,26000806,F875-26000806,https://apps-secure.phoenix.gov/PDD/Search/PermitDetails?permitNum=F875-26000806,F875-26000806,4830 S 38TH ST,PHOENIX,1/20/2026 9:16:04 AM,Commercial,0.00,CINTAS CORPORATION NO 2,,,Trash,no_hvac_signal
F875,26000805,F875-26000805,https://apps-secure.phoenix.gov/PDD/Search/PermitDetails?permitNum=F875-26000805,F875-26000805,2602 S 47TH ST,PHOENIX,1/20/2026 9:16:03 AM,Commercial,0.00,CINTAS CORPORATION NO 2,,,Trash,no_hvac_signal
F875,26000804,F875-26000804,https://apps-secure.phoenix.gov/PDD/Search/PermitDetails?permitNum=F875-26000804,F875-26000804,4829 S 38TH ST,PHOENIX,1/20/2026 9:16:02 AM,Commercial,0.00,CINTAS CORPORATION NO 2,,,Trash,no_hvac_signal
LPSG,260071,LPSG-260071,https://apps-secure.phoenix.gov/PDD/Search/PermitDetails?permitNum=LPSG-260071,LPSG-260071,1702 E HIGHLAND AVE,PHOENIX,1/20/2026 9:07:37 AM,Commercial,21000.00,TRADEMARK VISUAL INC,,,Trash,no_hvac_signal
ELEC,26000802,ELEC-26000802,https://apps-secure.phoenix.gov/PDD/Search/PermitDetails?permitNum=ELEC-26000802,ELEC-26000802,2526 W NORTHERN AVE,PHOENIX,1/20/2026 8:52:17 AM,Commercial,21992.00,S R BRAY LLC,LPRM-2507226,,Trash,no_hvac_signal
WSSD,26000801,WSSD-26000801,https://apps-secure.phoenix.gov/PDD/Search/PermitDetails?permitNum=WSSD-26000801,WSSD-26000801,7717 N 27TH AVE,PHOENIX,1/20/2026 8:48:45 AM,Commercial,0.00,RCI SYSTEMS INC,SPAD-2000150,,Trash,no_hvac_signal
WSSD,26000800,WSSD-26000800,https://apps-secure.phoenix.gov/PDD/Search/PermitDetails?permitNum=WSSD-26000800,WSSD-26000800,6202 S 16TH ST,PHOENIX,1/20/2026 8:48:40 AM,Commercial,0.00,NUFLOW FIRE PROTECTION LLC,SPAD-0009812,,Trash,negative=fire
F824,2600227,F824-2600227,https://apps-secure.phoenix.gov/PDD/Search/PermitDetails?permitNum=F824-2600227,F824-2600227,15835 N 56TH WAY,PHOENIX,1/20/2026 8:42:42 AM,Residential,0.00,ARIZONA PROPANE,SPAD-2600065,,Trash,no_hvac_signal
F824,2600226,F824-2600226,https://apps-secure.phoenix.gov/PDD/Search/PermitDetails?permitNum=F824-2600226,F824-2600226,6911 E HEARN RD,PHOENIX,1/20/2026 8:37:15 AM,Residential,0.00,ARIZONA PROPANE,SPAD-1803052,,Trash,no_hvac_signal
F824,2600225,F824-2600225,https://apps-secure.phoenix.gov/PDD/Search/PermitDetails?permitNum=F824-2600225,F824-2600225,6833 E GRANDVIEW RD,PHOENIX,1/20/2026 8:33:54 AM,Residential,0.00,ARIZONA PROPANE,SPAD-0905276,,Trash,no_hvac_signal
FPPD,260107,FPPD-260107,https://apps-secure.phoenix.gov/PDD/Search/PermitDetails?permitNum=FPPD-260107,FPPD-260107,755 E WILLETTA ST,PHOENIX,1/20/2026 8:04:25 AM,Commercial,0.00,TO BE BID,,,Trash,no_hvac_signal
ELEC,26000832,ELEC-26000832,https://apps-secure.phoenix.gov/PDD/Search/PermitDetails?permitNum=ELEC-26000832,ELEC-26000832,2836 N 27TH AVE,PHOENIX,1/20/2026 12:00:00 AM,Commercial,60000.00,CORESTATES CONSTRUCTION SERVICES INC,LPRM-2505690,,Trash,no_hvac_signal
ELEC,26000833,ELEC-26000833,https://apps-secure.phoenix.gov/PDD/Search/PermitDetails?permitNum=ELEC-26000833,ELEC-26000833,3806 W GREENWAY RD,PHOENIX,1/20/2026 12:00:00 AM,Commercial,60000.00,CORESTATES CONSTRUCTION SERVICES INC,LPRM-2505691,,Trash,no_hvac_signal
SGNP,214963,SGNP-214963,https://apps-secure.phoenix.gov/PDD/Search/PermitDetails?permitNum=SGNP-214963,SGNP-214963,3110 N CENTRAL AVE,PHOENIX,1/20/2026 12:00:00 AM,Commercial,4000.00,ROYAL SIGN COMPANY,LPSG-251454,,Trash,negative=sign
SGNP,214964,SGNP-214964,https://apps-secure.phoenix.gov/PDD/Search/PermitDetails?permitNum=SGNP-214964,SGNP-214964,3110 N CENTRAL AVE,PHOENIX,1/20/2026 12:00:00 AM,Commercial,4000.00,ROYAL SIGN COMPANY,LPSG-251454,,Trash,negative=sign
SGNP,214965,SGNP-214965,https://apps-secure.phoenix.gov/PDD/Search/PermitDetails?permitNum=SGNP-214965,SGNP-214965,3110 N CENTRAL AVE,PHOENIX,1/20/2026 12:00:00 AM,Commercial,4000.00,ROYAL SIGN COMPANY,LPSG-251454,,Trash,negative=sign
SGNP,214966,SGNP-214966,https://apps-secure.phoenix.gov/PDD/Search/PermitDetails?permitNum=SGNP-214966,SGNP-214966,3110 N CENTRAL AVE,PHOENIX,1/20/2026 12:00:00 AM,Commercial,4000.00,ROYAL SIGN COMPANY,LPSG-251454,,Trash,negative=sign
SGNP,214960,SGNP-214960,https://apps-secure.phoenix.gov/PDD/Search/PermitDetails?permitNum=SGNP-214960,SGNP-214960,2902 W AGUA FRIA FWY,PHOENIX,1/20/2026 12:00:00 AM,Commercial,3000.00,BOOTZ & DUKE SIGN COMPANY,LPSG-260034,,Trash,negative=sign
CSL,26000811,CSL-26000811,https://apps-secure.phoenix.gov/PDD/Search/PermitDetails?permitNum=CSL-26000811,CSL-26000811,4735 E CALLE DEL MEDIO,PHOENIX,1/20/2026 12:00:00 AM,Residential,1.00,RED ROCK CONTRACTORS,CPGD-2505310,,Trash,no_hvac_signal
RVSN,2401007-01,RVSN-2401007-01,https://apps-secure.phoenix.gov/PDD/Search/PermitDetails?permitNum=RVSN-2401007-01,RVSN-2401007-01,6006 N 2ND ST,PHOENIX,1/20/2026 12:00:00 AM,Commercial,0.00,TO BE BID,,,Trash,no_hvac_signal
RVSN,2401008-01,RVSN-2401008-01,https://apps-secure.phoenix.gov/PDD/Search/PermitDetails?permitNum=RVSN-2401008-01,RVSN-2401008-01,6010 N 2ND ST,PHOENIX,1/20/2026 12:00:00 AM,Commercial,0.00,TO BE BID,,,Trash,no_hvac_signal
CCO,26000847,CCO-26000847,https://apps-secure.phoenix.gov/PDD/Search/PermitDetails?permitNum=CCO-26000847,CCO-26000847,1900 W THOMAS RD,PHOENIX,1/20/2026 12:00:00 AM,Commercial,0.00,ARROWMARK LLC,CPPA-2504326,,Trash,no_hvac_signal
CPR,26000848,CPR-26000848,https://apps-secure.phoenix.gov/PDD/Search/PermitDetails?permitNum=CPR-26000848,CPR-26000848,1900 W THOMAS RD,PHOENIX,1/20/2026 12:00:00 AM,Commercial,0.00,ARROWMARK LLC,CPPA-2504326,,Trash,no_hvac_signal
FPPX,260106,FPPX-260106,https://apps-secure.phoenix.gov/PDD/Search/PermitDetails?permitNum=FPPX-260106,FPPX-260106,6338 E CLINTON ST,PHOENIX,1/19/2026 7:35:59 PM,Commercial,0.00,PROPANE SERVICES LLC,SPAD-1505486,,Trash,no_hvac_signal
F193,2600222,F193-2600222,https://apps-secure.phoenix.gov/PDD/Search/PermitDetails?permitNum=F193-2600222,F193-2600222,1625 W POLLACK ST,PHOENIX,1/19/2026 6:13:51 PM,Commercial,0.00,SOLAR RESTORE LLC,SPAD-0111671,,Trash,negative=solar(?: pv)?
F809,26000798,F809-26000798,https://apps-secure.phoenix.gov/PDD/Search/PermitDetails?permitNum=F809-26000798,F809-26000798,3126 E INDIAN SCHOOL RD,PHOENIX,1/19/2026 3:49:05 PM,Commercial,0.00,METRO FIRE EQ,,,Trash,negative=fire
WSSD,26000797,WSSD-26000797,https://apps-secure.phoenix.gov/PDD/Search/PermitDetails?permitNum=WSSD-26000797,WSSD-26000797,2090 E BASELINE RD,PHOENIX,1/19/2026 3:13:12 PM,Residential,0.00,OWNER,SPAD-0402220,,Trash,no_hvac_signal
F875,26000796,F875-26000796,https://apps-secure.phoenix.gov/PDD/Search/PermitDetails?permitNum=F875-26000796,F875-26000796,1313 E OSBORN RD,PHOENIX,1/19/2026 3:04:03 PM,Commercial,0.00,SERVICE 1ST FIRE PROTECTION L L C,,,Trash,negative=fire
F105,26000795,F105-26000795,https://apps-secure.phoenix.gov/PDD/Search/PermitDetails?permitNum=F105-26000795,F105-26000795,2445 W DUNLAP AVE,PHOENIX,1/19/2026 2:07:34 PM,Commercial,0.00,RCI SYSTEMS INC,FPPD-252667,,Trash,no_hvac_signal
F159,26000794,F159-26000794,https://apps-secure.phoenix.gov/PDD/Search/PermitDetails?permitNum=F159-26000794,F159-26000794,6202 E JOAN DE ARC AVE,PHOENIX,1/19/2026 1:07:05 PM,Commercial,0.00,FIRE SPRINKLER INSTALLERS LLC,FPPD-252486,,Trash,negative=fire|sprinkler
OP,26000793,OP-26000793,https://apps-secure.phoenix.gov/PDD/Search/PermitDetails?permitNum=OP-26000793,OP-26000793,2012 W MORTEN AVE,PHOENIX,1/19/2026 12:40:18 PM,Residential,500.00,RED ROCK CONTRACTORS,,,Trash,no_hvac_signal
F134,26000791,F134-26000791,https://apps-secure.phoenix.gov/PDD/Search/PermitDetails?permitNum=F134-26000791,F134-26000791,12770 N TATUM BLVD,PHOENIX,1/19/2026 12:23:27 PM,Commercial,0.00,ARIZONA FIRE SYSTEMS SPECIALISTS LLC,FPPD-251753,,Trash,negative=fire
F134,26000792,F134-26000792,https://apps-secure.phoenix.gov/PDD/Search/PermitDetails?permitNum=F134-26000792,F134-26000792,1030 N 1ST ST,PHOENIX,1/19/2026 12:23:27 PM,Commercial,0.00,ARIZONA FIRE SYSTEMS SPECIALISTS LLC,FPPD-252562,,Trash,negative=fire
FPPD,260105,FPPD-260105,https://apps-secure.phoenix.gov/PDD/Search/PermitDetails?permitNum=FPPD-260105,FPPD-260105,3323 E BASELINE RD,PHOENIX,1/19/2026 12:23:27 PM,Commercial,0.00,ARIZONA FIRE SYSTEMS SPECIALISTS LLC,,,Trash,negative=fire
CRSC,2600303,CRSC-2600303,https://apps-secure.phoenix.gov/PDD/Search/PermitDetails?permitNum=CRSC-2600303,CRSC-2600303,6035 E CALLE DEL NORTE,PHOENIX,1/19/2026 12:02:19 PM,Residential,0.00,TO BE BID,,,Trash,no_hvac_signal
F809,26000790,F809-26000790,https://apps-secure.phoenix.gov/PDD/Search/PermitDetails?permitNum=F809-26000790,F809-26000790,7421 W INDIAN SCHOOL RD,PHOENIX,1/19/2026 11:05:58 AM,Commercial,0.00,A AND M FIRE PROTECTION LLC,,,Trash,negative=fire
FPPD,260104,FPPD-260104,https://apps-secure.phoenix.gov/PDD/Search/PermitDetails?permitNum=FPPD-260104,FPPD-260104,9475 W BROADWAY RD,PHOENIX,1/19/2026 11:02:30 AM,Commercial,0.00,DESERT WEST BUILDERS LLC,,,Trash,no_hvac_signal
F105,26000789,F105-26000789,https://apps-secure.phoenix.gov/PDD/Search/PermitDetails?permitNum=F105-26000789,F105-26000789,55 E PINNACLE PEAK RD,PHOENIX,1/19/2026 10:29:45 AM,Commercial,0.00,FOOTHILLS FIRE PROTECTION INC,FPPD-252575,,Trash,negative=fire
FPPD,260103,FPPD-260103,https://apps-secure.phoenix.gov/PDD/Search/PermitDetails?permitNum=FPPD-260103,FPPD-260103,11409 N BLACKHEATH RD,PHOENIX,1/19/2026 10:23:49 AM,Commercial,0.00,DEW S FIRE PROTECTION INC,,,Trash,negative=fire
F875,26000788,F875-26000788,https://apps-secure.phoenix.gov/PDD/Search/PermitDetails?permitNum=F875-26000788,F875-26000788,3131 E CAMELBACK RD,PHOENIX,1/19/2026 10:17:41 AM,Commercial,0.00,IMPACT FIRE SERVICES LLC,,,Trash,negative=fire
F875,26000787,F875-26000787,https://apps-secure.phoenix.gov/PDD/Search/PermitDetails?permitNum=F875-26000787,F875-26000787,3133 E CAMELBACK RD,PHOENIX,1/19/2026 10:11:36 AM,Commercial,0.00,IMPACT FIRE SERVICES LLC,,,Trash,negative=fire
WSFT,26000786,WSFT-26000786,https://apps-secure.phoenix.gov/PDD/Search/PermitDetails?permitNum=WSFT-26000786,WSFT-26000786,3014 W DEER VALLEY DR,PHOENIX,1/19/2026 9:54:04 AM,Residential,0.00,RICK ENGINEERING CO,CCPH-2500398,,Trash,no_hvac_signal
LSPL,2600302,LSPL-2600302,https://apps-secure.phoenix.gov/PDD/Search/PermitDetails?permitNum=LSPL-2600302,LSPL-2600302,67 E THOMAS RD,PHOENIX,1/19/2026 9:49:56 AM,Residential,0.00,TO BE BID,,,Trash,no_hvac_signal
F802,26000785,F802-26000785,https://apps-secure.phoenix.gov/PDD/Search/PermitDetails?permitNum=F802-26000785,F802-26000785,4440 E ELWOOD ST,PHOENIX,1/19/2026 9:32:36 AM,Commercial,0.00,METRO FIRE EQ,,,Trash,negative=fire
WSFT,26000784,WSFT-26000784,https://apps-secure.phoenix.gov/PDD/Search/PermitDetails?permitNum=WSFT-26000784,WSFT-26000784,17 E VIRGINIA AVE,PHOENIX,1/19/2026 9:29:50 AM,Commercial,0.00,HILLER COMPANIES INC (THE),SPAD-99003726,,Trash,no_hvac_signal
FPPD,260102,FPPD-260102,https://apps-secure.phoenix.gov/PDD/Search/PermitDetails?permitNum=FPPD-260102,FPPD-260102,3300 W CAMELBACK RD,PHOENIX,1/19/2026 9:28:18 AM,Commercial,0.00,HILLER COMPANIES INC (THE),,,Trash,no_hvac_signal
FPPD,260101,FPPD-260101,https://apps-secure.phoenix.gov/PDD/Search/PermitDetails?permitNum=FPPD-260101,FPPD-260101,2121 N 83RD AVE,PHOENIX,1/19/2026 9:26:30 AM,Commercial,0.00,HILLER COMPANIES INC (THE),,,Trash,no_hvac_signal
RPDR,2600300,RPDR-2600300,https://apps-secure.phoenix.gov/PDD/Search/PermitDetails?permitNum=RPDR-2600300,RPDR-2600300,5464 E CALLE DEL MEDIO,PHOENIX,1/19/2026 8:15:49 AM,Residential,0.00,OWNER,,,Trash,no_hvac_signal
F875,26000783,F875-26000783,https://apps-secure.phoenix.gov/PDD/Search/PermitDetails?permitNum=F875-26000783,F875-26000783,7730 S 59TH AVE,PHOENIX,1/19/2026 7:17:42 AM,Commercial,0.00,JK ALARMS OF AZ INC,,,Trash,no_hvac_signal
LPRM,2600299,LPRM-2600299,https://apps-secure.phoenix.gov/PDD/Search/PermitDetails?permitNum=LPRM-2600299,LPRM-2600299,2465 W SILVER FOX WAY,PHOENIX,1/19/2026 7:03:04 AM,Commercial,97000.00,HESSCOR INC,,,Trash,no_hvac_signal
S,26000782,S-26000782,https://apps-secure.phoenix.gov/PDD/Search/PermitDetails?permitNum=S-26000782,S-26000782,202 W DOBBINS RD,PHOENIX,1/19/2026 7:01:08 AM,Commercial,25000.00,VERTICAL 1 COMMUNICATIONS LLC,LPRM-2507237,,Trash,no_hvac_signal
LPRM,2600298,LPRM-2600298,https://apps-secure.phoenix.gov/PDD/Search/PermitDetails?permitNum=LPRM-2600298,LPRM-2600298,2467 W SILVER FOX WAY,PHOENIX,1/19/2026 6:58:38 AM,Commercial,97000.00,HESSCOR INC,,,Trash,no_hvac_signal
LPRM,2600295,LPRM-2600295,https://apps-secure.phoenix.gov/PDD/Search/PermitDetails?permitNum=LPRM-2600295,LPRM-2600295,9989 W CAMELBACK RD,PHOENIX,1/16/2026 9:44:18 PM,Commercial,190000.00,LUDVIK ELECTRIC CO,,,Trash,no_hvac_signal
LPRM,2600295,LPRM-2600295,https://apps-secure.phoenix.gov/PDD/Search/PermitDetails?permitNum=LPRM-2600295,LPRM-2600295,9989 W CAMELBACK RD,PHOENIX,1/16/2026 9:44:18 PM,Commercial,190000.00,LUDVIK ELECTRIC CO,,,Trash,no_hvac_signal
RPV,26000779,RPV-26000779,https://apps-secure.phoenix.gov/PDD/Search/PermitDetails?permitNum=RPV-26000779,RPV-26000779,27823 N 46TH PL,PHOENIX,1/16/2026 4:59:32 PM,Commercial,24523.47,FREEDOM FOREVER ARIZONA LLC,SPAD-0800645,,Trash,no_hvac_signal
RVSN,2109912-59,RVSN-2109912-59,https://apps-secure.phoenix.gov/PDD/Search/PermitDetails?permitNum=RVSN-2109912-59,RVSN-2109912-59,32200 N 43RD AVE,PHOENIX,1/16/2026 4:44:36 PM,Commercial,0.00,MARKETECH INT'L CORP. USA,PHAS-2109912-76,,Trash,no_hvac_signal
RVSN,2109912-59,RVSN-2109912-59,https://apps-secure.phoenix.gov/PDD/Search/PermitDetails?permitNum=RVSN-2109912-59,RVSN-2109912-59,32200 N 43RD AVE,PHOENIX,1/16/2026 4:44:36 PM,Commercial,0.00,MARKETECH INT'L CORP. USA,PHAS-2109912-76,,Trash,no_hvac_signal
RPDR,2600292,RPDR-2600292,https://apps-secure.phoenix.gov/PDD/Search/PermitDetails?permitNum=RPDR-2600292,RPDR-2600292,121 W GLENROSA AVE,PHOENIX,1/16/2026 4:42:16 PM,Residential,0.00,OWNER,,,Trash,no_hvac_signal
CWT,26000773,CWT-26000773,https://apps-secure.phoenix.gov/PDD/Search/PermitDetails?permitNum=CWT-26000773,CWT-26000773,1875 E SKY HARBOR CIR N,PHOENIX,1/16/2026 4:02:26 PM,Commercial,0.00,GREENTECH SERVICES LLC,CPWT-2507149,,Trash,no_hvac_signal
CWT,26000774,CWT-26000774,https://apps-secure.phoenix.gov/PDD/Search/PermitDetails?permitNum=CWT-26000774,CWT-26000774,1875 E SKY HARBOR CIR N,PHOENIX,1/16/2026 4:02:26 PM,Commercial,0.00,GREENTECH SERVICES LLC,CPWT-2507149,,Trash,no_hvac_signal
CPR,26000775,CPR-26000775,https://apps-secure.phoenix.gov/PDD/Search/PermitDetails?permitNum=CPR-26000775,CPR-26000775,1875 E SKY HARBOR CIR N,PHOENIX,1/16/2026 4:02:26 PM,Commercial,0.00,GREENTECH SERVICES LLC,CPWT-2507149,,Trash,no_hvac_signal
WSFT,26000769,WSFT-26000769,https://apps-secure.phoenix.gov/PDD/Search/PermitDetails?permitNum=WSFT-26000769,WSFT-26000769,18010 N TATUM BLVD,PHOENIX,1/16/2026 3:44:04 PM,Commercial,0.00,ADVANTAGE CONSULTING SERVICES LLC,SPAD-0006115,,Trash,no_hvac_signal
F230,26000768,F230-26000768,https://apps-secure.phoenix.gov/PDD/Search/PermitDetails?permitNum=F230-26000768,F230-26000768,4649 W AIRE LIBRE AVE,PHOENIX,1/16/2026 3:35:24 PM,Commercial,0.00,ANEVA SOLAR LLC,FPPR-251225,,Trash,negative=solar(?: pv)?
CPHG,2600290,CPHG-2600290,https://apps-secure.phoenix.gov/PDD/Search/PermitDetails?permitNum=CPHG-2600290,CPHG-2600290,27840 N 33RD AVE,PHOENIX,1/16/2026 3:33:58 PM,Commercial,5.00,CB REMODELING LLC,,,Trash,no_hvac_signal
WSFT,26000767,WSFT-26000767,https://apps-secure.phoenix.gov/PDD/Search/PermitDetails?permitNum=WSFT-26000767,WSFT-26000767,22830 N 19TH AVE,PHOENIX,1/16/2026 3:27:01 PM,Commercial,0.00,OWNER,CCPH-2400368,,Trash,no_hvac_signal
RPV,26000765,RPV-26000765,https://apps-secure.phoenix.gov/PDD/Search/PermitDetails?permitNum=RPV-26000765,RPV-26000765,29015 N 46TH WAY,PHOENIX,1/16/2026 3:21:55 PM,Commercial,19680.00,CAPITAL ENERGY LLC,SPAD-2001452,,Trash,no_hvac_signal
SE,26000763,SE-26000763,https://apps-secure.phoenix.gov/PDD/Search/PermitDetails?permitNum=SE-26000763,SE-26000763,4250 E BROADWAY RD,PHOENIX,1/16/2026 3:18:04 PM,Commercial,20000.00,"ROS AMERICA RACKING, INC.",LPRR-2506747,,Trash,no_hvac_signal
PRLM,2600287,PRLM-2600287,https://apps-secure.phoenix.gov/PDD/Search/PermitDetails?permitNum=PRLM-2600287,PRLM-2600287,9927 W MONTEBELLO AVE,PHOENIX,1/16/2026 2:49:17 PM,Residential,0.00,TO BE BID,,,Trash,no_hvac_signal
WSHM,26000759,WSHM-26000759,https://apps-secure.phoenix.gov/PDD/Search/PermitDetails?permitNum=WSHM-26000759,WSHM-26000759,4908 W BASELINE RD,PHOENIX,1/16/2026 2:46:39 PM,Commercial,0.00,ASU INC,CCPH-2500257,,Trash,no_hvac_signal
F481,26000758,F481-26000758,https://apps-secure.phoenix.gov/PDD/Search/PermitDetails?permitNum=F481-26000758,F481-26000758,100 S 48TH ST,PHOENIX,1/16/2026 2:44:35 PM,Commercial,0.00,MCSHANE CONSTRUCTION COMPANY LLC,FPPD-250472,,Trash,no_hvac_signal
CSIT,26000756,CSIT-26000756,https://apps-secure.phoenix.gov/PDD/Search/PermitDetails?permitNum=CSIT-26000756,CSIT-26000756,100 N 18TH ST 2B,PHOENIX,1/16/2026 2:36:13 PM,Commercial,0.00,OWNER,AMND-20-906A3,,Trash,no_hvac_signal
LPSG,260068,LPSG-260068,https://apps-secure.phoenix.gov/PDD/Search/PermitDetails?permitNum=LPSG-260068,LPSG-260068,3535 W SOUTHERN AVE,PHOENIX,1/16/2026 2:20:31 PM,Residential,2000.00,TAGTEAM GRAFIX L L C,,,Trash,no_hvac_signal
PRDV,260008,PRDV-260008,https://apps-secure.phoenix.gov/PDD/Search/PermitDetails?permitNum=PRDV-260008,PRDV-260008,4802 N 59TH AVE,PHOENIX,1/16/2026 2:17:54 PM,Residential,0.00,TO BE BID,,,Trash,no_hvac_signal
ELEC,26000754,ELEC-26000754,https://apps-secure.phoenix.gov/PDD/Search/PermitDetails?permitNum=ELEC-26000754,ELEC-26000754,5088 W INNOVATION CIR,PHOENIX,1/16/2026 2:17:02 PM,Commercial,3199516.00,OKLAND CONSTRUCTION COMPANY,LPRM-2600126,,Trash,no_hvac_signal
ELEC,26000754,ELEC-26000754,https://apps-secure.phoenix.gov/PDD/Search/PermitDetails?permitNum=ELEC-26000754,ELEC-26000754,5088 W INNOVATION CIR,PHOENIX,1/16/2026 2:17:02 PM,Commercial,3199516.00,OKLAND CONSTRUCTION COMPANY,LPRM-2600126,,Trash,no_hvac_signal
FPPX,260100,FPPX-260100,https://apps-secure.phoenix.gov/PDD/Search/PermitDetails?permitNum=FPPX-260100,FPPX-260100,777 N CENTRAL AVE,PHOENIX,1/16/2026 2:12:56 PM,Commercial,0.00,CLAYCO INC,SPAD-2300103,,Trash,no_hvac_signal
RPV,26000753,RPV-26000753,https://apps-secure.phoenix.gov/PDD/Search/PermitDetails?permitNum=RPV-26000753,RPV-26000753,1437 E DIAMOND ST,PHOENIX,1/16/2026 2:10:42 PM,Commercial,34500.00,INTY SOLAR LLC,SPAD-0117337,,Trash,negative=solar(?: pv)?
LPRR,2600284,LPRR-2600284,https://apps-secure.phoenix.gov/PDD/Search/PermitDetails?permitNum=LPRR-2600284,LPRR-2600284,2855 W CACTUS RD,PHOENIX,1/16/2026 2:10:34 PM,Commercial,31127.20,TO BE BID,,,Trash,no_hvac_signal
LPRM,2600283,LPRM-2600283,https://apps-secure.phoenix.gov/PDD/Search/PermitDetails?permitNum=LPRM-2600283,LPRM-2600283,5088 W INNOVATION CIR,PHOENIX,1/16/2026 2:10:15 PM,Commercial,6277288.00,OKLAND CONSTRUCTION COMPANY,LPRN-2500672,,Trash,no_hvac_signal
LPRM,2600283,LPRM-2600283,https://apps-secure.phoenix.gov/PDD/Search/PermitDetails?permitNum=LPRM-2600283,LPRM-2600283,5088 W INNOVATION CIR,PHOENIX,1/16/2026 2:10:15 PM,Commercial,6277288.00,OKLAND CONSTRUCTION COMPANY,LPRN-2500672,,Trash,no_hvac_signal
F875,26000752,F875-26000752,https://apps-secure.phoenix.gov/PDD/Search/PermitDetails?permitNum=F875-26000752,F875-26000752,4750 N 16TH ST,PHOENIX,1/16/2026 2:06:29 PM,Commercial,0.00,METRO FIRE EQ,,,Trash,negative=fire
SGNT,26000751,SGNT-26000751,https://apps-secure.phoenix.gov/PDD/Search/PermitDetails?permitNum=SGNT-26000751,SGNT-26000751,4312 W CACTUS RD,PHOENIX,1/16/2026 1:50:14 PM,Residential,200.00,OWNER,,,Trash,no_hvac_signal
RPV,26000750,RPV-26000750,https://apps-secure.phoenix.gov/PDD/Search/PermitDetails?permitNum=RPV-26000750,RPV-26000750,2910 W PORTLAND ST,PHOENIX,1/16/2026 1:32:32 PM,Commercial,9720.00,BRIGHT HOME INSTALLATIONS LLC,SPAD-0501656,,Trash,no_hvac_signal
CPGD,2600282,CPGD-2600282,https://apps-secure.phoenix.gov/PDD/Search/PermitDetails?permitNum=CPGD-2600282,CPGD-2600282,4717 E CALLE REDONDA,PHOENIX,1/16/2026 1:30:27 PM,Residential,0.00,OWNER,SPAD-2600062,,Trash,no_hvac_signal
RPV,26000749,RPV-26000749,https://apps-secure.phoenix.gov/PDD/Search/PermitDetails?permitNum=RPV-26000749,RPV-26000749,7728 N 13TH PL,PHOENIX,1/16/2026 1:16:12 PM,Commercial,23370.00,ONEWORLDENERGY LLC,SPAD-2600020,,Trash,no_hvac_signal
CPGD,2600280,CPGD-2600280,https://apps-secure.phoenix.gov/PDD/Search/PermitDetails?permitNum=CPGD-2600280,CPGD-2600280,4915 W MISTY WILLOW LN,PHOENIX,1/16/2026 1:09:05 PM,Residential,0.00,OWNER,SPAD-2600061,,Trash,no_hvac_signal
FEN,26000746,FEN-26000746,https://apps-secure.phoenix.gov/PDD/Search/PermitDetails?permitNum=FEN-26000746,FEN-26000746,2615 S 40TH ST,PHOENIX,1/16/2026 1:01:58 PM,Commercial,45000.00,"SOUND-CRETE CONTRACTORS, INC.",SPAD-0604311,,Trash,no_hvac_signal
TCO,26000745,TCO-26000745,https://apps-secure.phoenix.gov/PDD/Search/PermitDetails?permitNum=TCO-26000745,TCO-26000745,6150 S 35TH AVE,PHOENIX,1/16/2026 1:00:56 PM,Commercial,2000000.00,WADMAN CORPORATION,BLD-25002820,,Trash,no_hvac_signal
FPPD,260099,FPPD-260099,https://apps-secure.phoenix.gov/PDD/Search/PermitDetails?permitNum=FPPD-260099,FPPD-260099,18500 N 64TH ST,PHOENIX,1/16/2026 12:54:57 PM,Residential,0.00,TO BE BID,,,Trash,no_hvac_signal
PRDV,260007,PRDV-260007,https://apps-secure.phoenix.gov/PDD/Search/PermitDetails?permitNum=PRDV-260007,PRDV-260007,1817 W GRANT ST,PHOENIX,1/16/2026 12:54:46 PM,Residential,0.00,OWNER,,,Trash,no_hvac_signal
LPRR,2600279,LPRR-2600279,https://apps-secure.phoenix.gov/PDD/Search/PermitDetails?permitNum=LPRR-2600279,LPRR-2600279,3302 W PECOS RD,PHOENIX,1/16/2026 12:51:29 PM,Commercial,1152500.00,CITY OF PHOENIX WATER SERVICES,,,Trash,no_hvac_signal
LPRR,2600279,LPRR-2600279,https://apps-secure.phoenix.gov/PDD/Search/PermitDetails?permitNum=LPRR-2600279,LPRR-2600279,3302 W PECOS RD,PHOENIX,1/16/2026 12:51:29 PM,Commercial,1152500.00,CITY OF PHOENIX WATER SERVICES,,,Trash,no_hvac_signal
SCSR,2600278,SCSR-2600278,https://apps-secure.phoenix.gov/PDD/Search/PermitDetails?permitNum=SCSR-2600278,SCSR-2600278,1402 S 7TH AVE,PHOENIX,1/16/2026 12:42:46 PM,Residential,0.00,OWNER,SPAD-2404037,,Trash,no_hvac_signal
FPPD,260098,FPPD-260098,https://apps-secure.phoenix.gov/PDD/Search/PermitDetails?permitNum=FPPD-260098,FPPD-260098,5110 N ASCENT DR,PHOENIX,1/16/2026 12:36:12 PM,Commercial,0.00,SUNSTATE FIRE PROTECTION INC,,,Trash,negative=fire
F802,26000744,F802-26000744,https://apps-secure.phoenix.gov/PDD/Search/PermitDetails?permitNum=F802-26000744,F802-26000744,1973 E MARYLAND AVE,PHOENIX,1/16/2026 12:34:55 PM,Commercial,0.00,RCI SYSTEMS INC,,,Trash,no_hvac_signal
F875,26000743,F875-26000743,https://apps-secure.phoenix.gov/PDD/Search/PermitDetails?permitNum=F875-26000743,F875-26000743,555 N 5TH AVE,PHOENIX,1/16/2026 12:21:36 PM,Commercial,0.00,WESTSIDE FIRE ALARM LLC,,,Trash,negative=fire|alarm
RPV,26000742,RPV-26000742,https://apps-secure.phoenix.gov/PDD/Search/PermitDetails?permitNum=RPV-26000742,RPV-26000742,4018 W AVENIDA DEL SOL,PHOENIX,1/16/2026 12:08:23 PM,Commercial,34500.00,INTY SOLAR LLC,SPAD-2600033,,Trash,negative=solar(?: pv)?
FPPD,260097,FPPD-260097,https://apps-secure.phoenix.gov/PDD/Search/PermitDetails?permitNum=FPPD-260097,FPPD-260097,2943 E BECK LN,PHOENIX,1/16/2026 12:03:06 PM,Commercial,0.00,ARMOR FIRE PROTECTION INC,,,Trash,negative=fire
WSFT,26000741,WSFT-26000741,https://apps-secure.phoenix.gov/PDD/Search/PermitDetails?permitNum=WSFT-26000741,WSFT-26000741,6618 S 22ND PL,PHOENIX,1/16/2026 11:55:42 AM,Residential,0.00,HUBBARD ENGINEERING,SDEV-2400473,,Trash,no_hvac_signal
LPRR,2600277,LPRR-2600277,https://apps-secure.phoenix.gov/PDD/Search/PermitDetails?permitNum=LPRR-2600277,LPRR-2600277,5255 S CENTRAL AVE,PHOENIX,1/16/2026 11:53:17 AM,Commercial,465635.60,TO BE BID,,,Trash,no_hvac_signal
LPRS,2600276,LPRS-2600276,https://apps-secure.phoenix.gov/PDD/Search/PermitDetails?permitNum=LPRS-2600276,LPRS-2600276,8199 W LOWER BUCKEYE RD,PHOENIX,1/16/2026 11:51:41 AM,Commercial,1100000.00,TO BE BID,,,Trash,no_hvac_signal
CPHG,2600275,CPHG-2600275,https://apps-secure.phoenix.gov/PDD/Search/PermitDetails?permitNum=CPHG-2600275,CPHG-2600275,,PHOENIX,1/16/2026 11:49:42 AM,Residential,47.00,TO BE BID,,,Trash,no_hvac_signal
CPGD,2600274,CPGD-2600274,https://apps-secure.phoenix.gov/PDD/Search/PermitDetails?permitNum=CPGD-2600274,CPGD-2600274,2302 W GLENDALE AVE,PHOENIX,1/16/2026 11:44:12 AM,Commercial,0.00,OWNER BUILDER CONSTRUCTION,,,Trash,no_hvac_signal
WSHM,26000740,WSHM-26000740,https://apps-secure.phoenix.gov/PDD/Search/PermitDetails?permitNum=WSHM-26000740,WSHM-26000740,5800 W ELLIOT RD,PHOENIX,1/16/2026 11:41:34 AM,Commercial,0.00,LJA ENGINEERING INC.,SDEV-2600004,,Trash,no_hvac_signal
LPCO,2600272,LPCO-2600272,https://apps-secure.phoenix.gov/PDD/Search/PermitDetails?permitNum=LPCO-2600272,LPCO-2600272,4160 N 108TH AVE 148,PHOENIX,1/16/2026 11:33:24 AM,Commercial,25000.00,TO BE BID,,,Trash,no_hvac_signal
LSIS,2600271,LSIS-2600271,https://apps-secure.phoenix.gov/PDD/Search/PermitDetails?permitNum=LSIS-2600271,LSIS-2600271,1225 E WILLETTA ST,PHOENIX,1/16/2026 11:28:55 AM,Residential,0.00,TO BE BID,,,Trash,no_hvac_signal
FPPR,260031,FPPR-260031,https://apps-secure.phoenix.gov/PDD/Search/PermitDetails?permitNum=FPPR-260031,FPPR-260031,1725 E WINCHCOMB DR,PHOENIX,1/16/2026 11:25:44 AM,Commercial,0.00,STATIC SUN ELECTRIC AND SOLAR LLC,SPAD-2202668,,Trash,negative=solar(?: pv)?
FPPR,260030,FPPR-260030,https://apps-secure.phoenix.gov/PDD/Search/PermitDetails?permitNum=FPPR-260030,FPPR-260030,17603 N 58TH PL,PHOENIX,1/16/2026 11:24:40 AM,Residential,0.00,OWNER,SPAD-2001399,,Trash,no_hvac_signal
SE,26000739,SE-26000739,https://apps-secure.phoenix.gov/PDD/Search/PermitDetails?permitNum=SE-26000739,SE-26000739,13221 N 34TH ST,PHOENIX,1/16/2026 11:19:32 AM,Commercial,262500.00,SUN RENU SOLAR LLC,LPRM-2505824,,Trash,negative=solar(?: pv)?
RVSN,2302848-03,RVSN-2302848-03,https://apps-secure.phoenix.gov/PDD/Search/PermitDetails?permitNum=RVSN-2302848-03,RVSN-2302848-03,5615 S 91ST AVE,PHOENIX,1/16/2026 11:14:40 AM,Commercial,30000.00,AMERESCO INC,LPRR-2302848,,Trash,no_hvac_signal
CSL,26000738,CSL-26000738,https://apps-secure.phoenix.gov/PDD/Search/PermitDetails?permitNum=CSL-26000738,CSL-26000738,11650 S 28TH AVE,PHOENIX,1/16/2026 11:00:31 AM,Residential,0.00,OWNER,CPHG-2306561,,Trash,no_hvac_signal
S,26000737,S-26000737,https://apps-secure.phoenix.gov/PDD/Search/PermitDetails?permitNum=S-26000737,S-26000737,4810 S CENTRAL AVE,PHOENIX,1/16/2026 10:54:51 AM,Commercial,288000.00,STEELING ARIZONA & REPAIR LLC,LPRM-2506956,,Trash,no_hvac_signal
LPRM,2600270,LPRM-2600270,https://apps-secure.phoenix.gov/PDD/Search/PermitDetails?permitNum=LPRM-2600270,LPRM-2600270,4303 W BELL RD,PHOENIX,1/16/2026 10:50:06 AM,Commercial,430000.00,TO BE BID,,,Trash,no_hvac_signal
LPSG,260067,LPSG-260067,https://apps-secure.phoenix.gov/PDD/Search/PermitDetails?permitNum=LPSG-260067,LPSG-260067,2335 W CORPORATE CENTER DR,PHOENIX,1/16/2026 10:50:05 AM,Commercial,2182.00,ALL WEATHER SIGN SERVICE,,,Trash,negative=sign
F193,2600218,F193-2600218,https://apps-secure.phoenix.gov/PDD/Search/PermitDetails?permitNum=F193-2600218,F193-2600218,2910 W PORTLAND ST,PHOENIX,1/16/2026 10:43:47 AM,Commercial,0.00,BRIGHT HOME INSTALLATIONS LLC,SPAD-0501656,,Trash,no_hvac_signal
LPRR,2600269,LPRR-2600269,https://apps-secure.phoenix.gov/PDD/Search/PermitDetails?permitNum=LPRR-2600269,LPRR-2600269,11840 N 28TH DR,PHOENIX,1/16/2026 10:23:57 AM,Commercial,201600.00,TO BE BID,,,Trash,no_hvac_signal
TCO,26000735,TCO-26000735,https://apps-secure.phoenix.gov/PDD/Search/PermitDetails?permitNum=TCO-26000735,TCO-26000735,8911 N 7TH ST,PHOENIX,1/16/2026 10:20:17 AM,Commercial,1132800.00,MARCO CONTRACTORS INC,BLD-25020264,,Trash,no_hvac_signal
CGD,26000734,CGD-26000734,https://apps-secure.phoenix.gov/PDD/Search/PermitDetails?permitNum=CGD-26000734,CGD-26000734,10640 S CENTRAL AVE,PHOENIX,1/16/2026 10:15:59 AM,Commercial,0.00,CHASSE BUILDING TEAM INC,CPHG-2506156,,Trash,no_hvac_signal
LPRR,2600268,LPRR-2600268,https://apps-secure.phoenix.gov/PDD/Search/PermitDetails?permitNum=LPRR-2600268,LPRR-2600268,6635 W HAPPY VALLEY RD,PHOENIX,1/16/2026 10:02:26 AM,Commercial,75240.40,TO BE BID,,,Trash,no_hvac_signal
LPSG,260066,LPSG-260066,https://apps-secure.phoenix.gov/PDD/Search/PermitDetails?permitNum=LPSG-260066,LPSG-260066,3502 W DUNLAP AVE,PHOENIX,1/16/2026 9:45:59 AM,Residential,1000.00,GEORGE SIGNS L L C,,,Trash,no_hvac_signal
LPRR,2600267,LPRR-2600267,https://apps-secure.phoenix.gov/PDD/Search/PermitDetails?permitNum=LPRR-2600267,LPRR-2600267,4131 N 24TH ST,PHOENIX,1/16/2026 9:42:57 AM,Commercial,800000.00,CONCORD GENERAL CONTRACTING INC,,,Trash,no_hvac_signal
F482,26000731,F482-26000731,https://apps-secure.phoenix.gov/PDD/Search/PermitDetails?permitNum=F482-26000731,F482-26000731,100 S 48TH ST,PHOENIX,1/16/2026 9:40:34 AM,Commercial,0.00,AIRPARK SIGNS % GRAPHICS,FPPD-252668,,Trash,no_hvac_signal
DEM,26000730,DEM-26000730,https://apps-secure.phoenix.gov/PDD/Search/PermitDetails?permitNum=DEM-26000730,DEM-26000730,4114 N 22ND ST,PHOENIX,1/16/2026 9:35:10 AM,Commercial,3360.00,VAN'S HAULING & TRACTOR WORK LLC,SPAD-0203927,,Trash,no_hvac_signal
FPPD,260096,FPPD-260096,https://apps-secure.phoenix.gov/PDD/Search/PermitDetails?permitNum=FPPD-260096,FPPD-260096,9475 W BROADWAY RD,PHOENIX,1/16/2026 9:21:12 AM,Commercial,0.00,DESERT WEST BUILDERS LLC,,,Trash,no_hvac_signal
F159,26000729,F159-26000729,https://apps-secure.phoenix.gov/PDD/Search/PermitDetails?permitNum=F159-26000729,F159-26000729,303 W NORTHVIEW AVE,PHOENIX,1/16/2026 9:13:53 AM,Commercial,0.00,R A D FIRE PROTECTION INC,FPPD-252617,,Trash,negative=fire
BLD,26000728,BLD-26000728,https://apps-secure.phoenix.gov/PDD/Search/PermitDetails?permitNum=BLD-26000728,BLD-26000728,4111 N 44TH ST,PHOENIX,1/16/2026 9:11:46 AM,Commercial,60280.00,ALLY CONSTRUCTION INC,LPBI-2506982,,Trash,no_hvac_signal
LPRM,2600266,LPRM-2600266,https://apps-secure.phoenix.gov/PDD/Search/PermitDetails?permitNum=LPRM-2600266,LPRM-2600266,2126 W INDIAN SCHOOL RD,PHOENIX,1/16/2026 9:11:17 AM,Commercial,700000.00,JIT SOLAR LLC,,,Trash,negative=solar(?: pv)?
LPRM,2600265,LPRM-2600265,https://apps-secure.phoenix.gov/PDD/Search/PermitDetails?permitNum=LPRM-2600265,LPRM-2600265,2021 W HOLLY ST,PHOENIX,1/16/2026 9:05:41 AM,Commercial,108970.00,TO BE BID,,,Trash,no_hvac_signal
F159,26000727,F159-26000727,https://apps-secure.phoenix.gov/PDD/Search/PermitDetails?permitNum=F159-26000727,F159-26000727,4515 N CAMINO ALLENADA,PHOENIX,1/16/2026 8:53:35 AM,Commercial,0.00,R A D FIRE PROTECTION INC,FPPD-252711,,Trash,negative=fire
BLD,26000726,BLD-26000726,https://apps-secure.phoenix.gov/PDD/Search/PermitDetails?permitNum=BLD-26000726,BLD-26000726,5670 S 32ND ST,PHOENIX,1/16/2026 8:42:41 AM,Commercial,309964.80,BJERK BUILDERS,LPRR-2506873,,Trash,no_hvac_signal
LPRM,2600264,LPRM-2600264,https://apps-secure.phoenix.gov/PDD/Search/PermitDetails?permitNum=LPRM-2600264,LPRM-2600264,821 N 11TH AVE,PHOENIX,1/16/2026 8:32:26 AM,Commercial,708000.00,TO BE BID,,,Trash,no_hvac_signal
CPGD,2600263,CPGD-2600263,https://apps-secure.phoenix.gov/PDD/Search/PermitDetails?permitNum=CPGD-2600263,CPGD-2600263,111 N 17TH ST,PHOENIX,1/16/2026 8:26:47 AM,Commercial,0.00,TO BE BID,,,Trash,no_hvac_signal
WSHM,26000725,WSHM-26000725,https://apps-secure.phoenix.gov/PDD/Search/PermitDetails?permitNum=WSHM-26000725,WSHM-26000725,901 N 19TH ST,PHOENIX,1/16/2026 8:25:07 AM,Commercial,0.00,LOW MOUNTAIN CONSTRUCTION,SPAD-0216468,,Trash,no_hvac_signal
LPSG,260065,LPSG-260065,https://apps-secure.phoenix.gov/PDD/Search/PermitDetails?permitNum=LPSG-260065,LPSG-260065,610 E BELL RD,PHOENIX,1/16/2026 8:17:06 AM,Commercial,4500.00,SANDSTORM SIGNS AND SERVICES INC,,,Trash,no_hvac_signal
RPV,26000723,RPV-26000723,https://apps-secure.phoenix.gov/PDD/Search/PermitDetails?permitNum=RPV-26000723,RPV-26000723,2312 N 30TH PL,PHOENIX,1/16/2026 8:07:37 AM,Commercial,39500.00,PROSTRUCT SOLAR LLC,SPAD-1909816,,Trash,negative=solar(?: pv)?
FPPX,260095,FPPX-260095,https://apps-secure.phoenix.gov/PDD/Search/PermitDetails?permitNum=FPPX-260095,FPPX-260095,5088 W INNOVATION CIR,PHOENIX,1/16/2026 7:47:29 AM,Residential,0.00,OLYMPIC WEST FIRE PROTECTION,,,Trash,negative=fire
CPO,26000722,CPO-26000722,https://apps-secure.phoenix.gov/PDD/Search/PermitDetails?permitNum=CPO-26000722,CPO-26000722,4135 W THOMAS RD,PHOENIX,1/16/2026 7:31:26 AM,Commercial,0.00,SAFE SITE UTILITY SERVICES LLC,SPAD-0006740,,Trash,no_hvac_signal
LPSG,260064,LPSG-260064,https://apps-secure.phoenix.gov/PDD/Search/PermitDetails?permitNum=LPSG-260064,LPSG-260064,3033 N CENTRAL AVE,PHOENIX,1/16/2026 7:30:32 AM,Commercial,2000.00,BOOTZ & DUKE SIGN COMPANY,,,Trash,negative=sign
LPSG,260063,LPSG-260063,https://apps-secure.phoenix.gov/PDD/Search/PermitDetails?permitNum=LPSG-260063,LPSG-260063,2411 W NORTHERN AVE,PHOENIX,1/16/2026 7:25:52 AM,Commercial,3000.00,BOOTZ & DUKE SIGN COMPANY,,,Trash,negative=sign
BLD,26000724,BLD-26000724,https://apps-secure.phoenix.gov/PDD/Search/PermitDetails?permitNum=BLD-26000724,BLD-26000724,605 E BELL RD,PHOENIX,1/16/2026 12:00:00 AM,Commercial,67975.00,MORALES AIR LLC,LPBI-2600172,,Trash,no_hvac_signal
SGNP,214957,SGNP-214957,https://apps-secure.phoenix.gov/PDD/Search/PermitDetails?permitNum=SGNP-214957,SGNP-214957,1530 W BELL RD,PHOENIX,1/16/2026 12:00:00 AM,Commercial,4500.00,SANDSTORM SIGNS AND SERVICES INC,LPSG-260042,,Trash,no_hvac_signal
SGNP,214958,SGNP-214958,https://apps-secure.phoenix.gov/PDD/Search/PermitDetails?permitNum=SGNP-214958,SGNP-214958,1530 W BELL RD,PHOENIX,1/16/2026 12:00:00 AM,Commercial,4500.00,SANDSTORM SIGNS AND SERVICES INC,LPSG-260042,,Trash,no_hvac_signal
SGNP,214959,SGNP-214959,https://apps-secure.phoenix.gov/PDD/Search/PermitDetails?permitNum=SGNP-214959,SGNP-214959,1530 W BELL RD,PHOENIX,1/16/2026 12:00:00 AM,Commercial,4500.00,SANDSTORM SIGNS AND SERVICES INC,LPSG-260042,,Trash,no_hvac_signal
LPSG,260069,LPSG-260069,https://apps-secure.phoenix.gov/PDD/Search/PermitDetails?permitNum=LPSG-260069,LPSG-260069,1 E DEER VALLEY DR,PHOENIX,1/16/2026 12:00:00 AM,Commercial,2500.00,FAST SIGNS,,,Trash,no_hvac_signal
LPSG,260070,LPSG-260070,https://apps-secure.phoenix.gov/PDD/Search/PermitDetails?permitNum=LPSG-260070,LPSG-260070,3831 E LA SALLE ST,PHOENIX,1/16/2026 12:00:00 AM,Commercial,2500.00,FAST SIGNS,,,Trash,no_hvac_signal
CPWT,2600262,CPWT-2600262,https://apps-secure.phoenix.gov/PDD/Search/PermitDetails?permitNum=CPWT-2600262,CPWT-2600262,444 N 25TH AVE,PHOENIX,1/15/2026 9:30:57 PM,Commercial,0.00,TO BE BID,,,Trash,no_hvac_signal
CPGD,2600261,CPGD-2600261,https://apps-secure.phoenix.gov/PDD/Search/PermitDetails?permitNum=CPGD-2600261,CPGD-2600261,9910 W INDIAN SCHOOL RD,PHOENIX,1/15/2026 8:32:21 PM,Residential,0.00,TO BE BID,,,Trash,no_hvac_signal
F800,2600213,F800-2600213,https://apps-secure.phoenix.gov/PDD/Search/PermitDetails?permitNum=F800-2600213,F800-2600213,6853 W BERKELEY RD,PHOENIX,1/15/2026 6:15:49 PM,Commercial,0.00,ONEWORLDENERGY LLC,SPAD-2600048,,Trash,no_hvac_signal
FPPX,260094,FPPX-260094,https://apps-secure.phoenix.gov/PDD/Search/PermitDetails?permitNum=FPPX-260094,FPPX-260094,4452 E HORSESHOE RD,PHOENIX,1/15/2026 5:01:11 PM,Commercial,0.00,ALPHA FIRE PROTECTION INC,,,Trash,negative=fire
LPSG,260062,LPSG-260062,https://apps-secure.phoenix.gov/PDD/Search/PermitDetails?permitNum=LPSG-260062,LPSG-260062,5826 N 16TH ST,PHOENIX,1/15/2026 4:44:58 PM,Commercial,2000.00,TAGTEAM GRAFIX L L C,,,Trash,no_hvac_signal
F481,26000720,F481-26000720,https://apps-secure.phoenix.gov/PDD/Search/PermitDetails?permitNum=F481-26000720,F481-26000720,22830 N 19TH AVE,PHOENIX,1/15/2026 4:41:05 PM,Commercial,0.00,K G M BUILDERS INC,FPPD-260042,,Trash,no_hvac_signal
RPV,26000718,RPV-26000718,https://apps-secure.phoenix.gov/PDD/Search/PermitDetails?permitNum=RPV-26000718,RPV-26000718,4040 E CRIMSON TER,PHOENIX,1/15/2026 4:09:30 PM,Commercial,34000.00,SOLAR OPTIMUM INC.,SPAD-1006246,,Trash,negative=solar(?: pv)?
F800,2600211,F800-2600211,https://apps-secure.phoenix.gov/PDD/Search/PermitDetails?permitNum=F800-2600211,F800-2600211,707 W WOOD DR,PHOENIX,1/15/2026 3:56:29 PM,Commercial,0.00,CAPITAL ENERGY LLC,SPAD-2600053,,Trash,no_hvac_signal
WSHM,26000717,WSHM-26000717,https://apps-secure.phoenix.gov/PDD/Search/PermitDetails?permitNum=WSHM-26000717,WSHM-26000717,5018 E THOMAS RD,PHOENIX,1/15/2026 3:55:24 PM,Commercial,0.00,B C S ENTERPRISES INC,SDEV-2600004,,Trash,no_hvac_signal
RPV,26000715,RPV-26000715,https://apps-secure.phoenix.gov/PDD/Search/PermitDetails?permitNum=RPV-26000715,RPV-26000715,560 W MONTEBELLO AVE,PHOENIX,1/15/2026 3:46:02 PM,Commercial,34500.00,INTY SOLAR LLC,SPAD-2600028,,Trash,negative=solar(?: pv)?
SE,26000713,SE-26000713,https://apps-secure.phoenix.gov/PDD/Search/PermitDetails?permitNum=SE-26000713,SE-26000713,17648 N 32ND ST,PHOENIX,1/15/2026 3:41:14 PM,Commercial,35500.00,BETACOM INCORPORATED,LPRM-2506694,,Trash,no_hvac_signal
RPV,26000712,RPV-26000712,https://apps-secure.phoenix.gov/PDD/Search/PermitDetails?permitNum=RPV-26000712,RPV-26000712,6853 W BERKELEY RD,PHOENIX,1/15/2026 3:37:38 PM,Commercial,30750.00,ONEWORLDENERGY LLC,SPAD-2600048,,Trash,no_hvac_signal
WSOC,26000711,WSOC-26000711,https://apps-secure.phoenix.gov/PDD/Search/PermitDetails?permitNum=WSOC-26000711,WSOC-26000711,5717 E VIA LOS RANCHOS,PHOENIX,1/15/2026 3:37:06 PM,Commercial,0.00,PATTERSON HOMES LLC,SDEV-2500007,,Trash,no_hvac_signal
F875,26000710,F875-26000710,https://apps-secure.phoenix.gov/PDD/Search/PermitDetails?permitNum=F875-26000710,F875-26000710,6111 N CENTRAL AVE,PHOENIX,1/15/2026 3:23:32 PM,Residential,0.00,METRO FIRE EQ,,,Trash,negative=fire
SGNP,214956,SGNP-214956,https://apps-secure.phoenix.gov/PDD/Search/PermitDetails?permitNum=SGNP-214956,SGNP-214956,926 S 7TH ST,PHOENIX,1/15/2026 3:15:18 PM,Commercial,4000.00,ROCKART INDUSTRIES LLC,LPSG-251583,,Trash,no_hvac_signal
LPRM,2600260,LPRM-2600260,https://apps-secure.phoenix.gov/PDD/Search/PermitDetails?permitNum=LPRM-2600260,LPRM-2600260,3941 W MOHAVE ST,PHOENIX,1/15/2026 3:03:04 PM,Commercial,12000.00,"APEX TECHNICAL SALES, INC.",,,Trash,no_hvac_signal
LPSG,260058,LPSG-260058,https://apps-secure.phoenix.gov/PDD/Search/PermitDetails?permitNum=LPSG-260058,LPSG-260058,20650 N 56TH ST,PHOENIX,1/15/2026 2:42:53 PM,Commercial,8500.00,D'S SIGNS & LIGHTING LLC,,,Trash,negative=lighting
PRLM,2600259,PRLM-2600259,https://apps-secure.phoenix.gov/PDD/Search/PermitDetails?permitNum=PRLM-2600259,PRLM-2600259,602 S 23RD AVE,PHOENIX,1/15/2026 2:42:30 PM,Residential,0.00,TO BE BID,,,Trash,no_hvac_signal
LPSG,260057,LPSG-260057,https://apps-secure.phoenix.gov/PDD/Search/PermitDetails?permitNum=LPSG-260057,LPSG-260057,21622 N 7TH AVE 9,PHOENIX,1/15/2026 2:42:29 PM,Commercial,2100.00,SIGN A RAMA EAST BELL ROAD,,,Trash,negative=sign
F809,26000708,F809-26000708,https://apps-secure.phoenix.gov/PDD/Search/PermitDetails?permitNum=F809-26000708,F809-26000708,7037 W VAN BUREN ST,PHOENIX,1/15/2026 2:35:25 PM,Commercial,0.00,METRO FIRE EQ,,,Trash,negative=fire
F122,26000707,F122-26000707,https://apps-secure.phoenix.gov/PDD/Search/PermitDetails?permitNum=F122-26000707,F122-26000707,225 N 17TH ST,PHOENIX,1/15/2026 2:27:41 PM,Commercial,0.00,FELIX FIRE PROTECTION LLC,FPPD-252376,,Trash,negative=fire
RPV,26000706,RPV-26000706,https://apps-secure.phoenix.gov/PDD/Search/PermitDetails?permitNum=RPV-26000706,RPV-26000706,2018 N 10TH ST,PHOENIX,1/15/2026 2:24:54 PM,Commercial,8400.00,SUN X POWER LLC,SPAD-1204173,,Trash,no_hvac_signal
CPR,26000705,CPR-26000705,https://apps-secure.phoenix.gov/PDD/Search/PermitDetails?permitNum=CPR-26000705,CPR-26000705,3939 N 99TH AVE,PHOENIX,1/15/2026 2:19:57 PM,Commercial,1.00,ALL UTILITY CONTRACTING LLC,WSPR-2500011,,Trash,no_hvac_signal
F802,26000704,F802-26000704,https://apps-secure.phoenix.gov/PDD/Search/PermitDetails?permitNum=F802-26000704,F802-26000704,8226 S 15TH ST,PHOENIX,1/15/2026 2:18:29 PM,Commercial,0.00,INTELLIGRATED COMMUNICATIONS INC,,,Trash,no_hvac_signal
F800,2600208,F800-2600208,https://apps-secure.phoenix.gov/PDD/Search/PermitDetails?permitNum=F800-2600208,F800-2600208,29015 N 46TH WAY,PHOENIX,1/15/2026 2:16:54 PM,Commercial,0.00,CAPITAL ENERGY LLC,SPAD-2001452,,Trash,no_hvac_signal
LPRR,2600258,LPRR-2600258,https://apps-secure.phoenix.gov/PDD/Search/PermitDetails?permitNum=LPRR-2600258,LPRR-2600258,26 E BASELINE RD,PHOENIX,1/15/2026 2:16:27 PM,Commercial,5000000.00,TO BE BID,,,Trash,no_hvac_signal
F875,26000703,F875-26000703,https://apps-secure.phoenix.gov/PDD/Search/PermitDetails?permitNum=F875-26000703,F875-26000703,2250 E THOMAS RD,PHOENIX,1/15/2026 2:09:39 PM,Commercial,0.00,API GROUP LIFE SAFETY USA LLC,,,Trash,no_hvac_signal
F875,26000702,F875-26000702,https://apps-secure.phoenix.gov/PDD/Search/PermitDetails?permitNum=F875-26000702,F875-26000702,9010 N 19TH AVE,PHOENIX,1/15/2026 2:09:37 PM,Commercial,0.00,API GROUP LIFE SAFETY USA LLC,,,Trash,no_hvac_signal
FACT,2600256,FACT-2600256,https://apps-secure.phoenix.gov/PDD/Search/PermitDetails?permitNum=FACT-2600256,FACT-2600256,4520 E INDIAN SCHOOL RD 3,PHOENIX,1/15/2026 1:52:51 PM,Commercial,0.00,TO BE BID,,,Trash,no_hvac_signal
PAPP,2600255,PAPP-2600255,https://apps-secure.phoenix.gov/PDD/Search/PermitDetails?permitNum=PAPP-2600255,PAPP-2600255,2400 N 7TH ST,PHOENIX,1/15/2026 1:52:22 PM,Commercial,0.00,TO BE BID,,,Trash,no_hvac_signal
FPPD,260093,FPPD-260093,https://apps-secure.phoenix.gov/PDD/Search/PermitDetails?permitNum=FPPD-260093,FPPD-260093,421 S 3RD ST,PHOENIX,1/15/2026 1:51:35 PM,Commercial,0.00,RCI SYSTEMS INC,,,Trash,no_hvac_signal
LPSG,260055,LPSG-260055,https://apps-secure.phoenix.gov/PDD/Search/PermitDetails?permitNum=LPSG-260055,LPSG-260055,1605 N 7TH AVE,PHOENIX,1/15/2026 1:15:24 PM,Commercial,2500.00,MAS COLORS LLC,,,Trash,no_hvac_signal
F875,26000699,F875-26000699,https://apps-secure.phoenix.gov/PDD/Search/PermitDetails?permitNum=F875-26000699,F875-26000699,5642 S 43RD AVE,PHOENIX,1/15/2026 1:13:06 PM,Commercial,0.00,COMPLETE FIRE PROTECTION INC,,,Trash,negative=fire
RPV,26000698,RPV-26000698,https://apps-secure.phoenix.gov/PDD/Search/PermitDetails?permitNum=RPV-26000698,RPV-26000698,5232 E MURIEL DR,PHOENIX,1/15/2026 1:11:55 PM,Commercial,42840.00,TESLA,SPAD-1300725,,Trash,no_hvac_signal
AMND,21-296A4,AMND-21-296A4,https://apps-secure.phoenix.gov/PDD/Search/PermitDetails?permitNum=AMND-21-296A4,AMND-21-296A4,32400 N 51ST AVE,PHOENIX,1/15/2026 1:11:21 PM,Residential,0.00,TO BE BID,,,Trash,no_hvac_signal
AMND,21-296A4,AMND-21-296A4,https://apps-secure.phoenix.gov/PDD/Search/PermitDetails?permitNum=AMND-21-296A4,AMND-21-296A4,32400 N 51ST AVE,PHOENIX,1/15/2026 1:11:21 PM,Residential,0.00,TO BE BID,,,Trash,no_hvac_signal
F800,2600205,F800-2600205,https://apps-secure.phoenix.gov/PDD/Search/PermitDetails?permitNum=F800-2600205,F800-2600205,5232 E MURIEL DR,PHOENIX,1/15/2026 1:08:46 PM,Residential,0.00,TESLA,SPAD-1300725,,Trash,no_hvac_signal
F194,2600204,F194-2600204,https://apps-secure.phoenix.gov/PDD/Search/PermitDetails?permitNum=F194-2600204,F194-2600204,3051 W CASINO AVE,PHOENIX,1/15/2026 1:06:49 PM,Commercial,0.00,SOLAR OPTIMUM INC.,FPPR-251229,,Trash,negative=solar(?: pv)?
LPCO,2600251,LPCO-2600251,https://apps-secure.phoenix.gov/PDD/Search/PermitDetails?permitNum=LPCO-2600251,LPCO-2600251,7550 N 19TH AVE,PHOENIX,1/15/2026 12:58:29 PM,Residential,0.00,OWNER,SPAD-0209697,,Trash,no_hvac_signal
LPBE,2600250,LPBE-2600250,https://apps-secure.phoenix.gov/PDD/Search/PermitDetails?permitNum=LPBE-2600250,LPBE-2600250,13221 N 34TH ST,PHOENIX,1/15/2026 12:43:52 PM,Commercial,62000.00,FLANIGAN LIFTS LLC,SPAD-0414474,,Trash,no_hvac_signal
WSHM,26000697,WSHM-26000697,https://apps-secure.phoenix.gov/PDD/Search/PermitDetails?permitNum=WSHM-26000697,WSHM-26000697,2225 W PINNACLE PEAK RD,PHOENIX,1/15/2026 12:31:26 PM,Commercial,0.00,VEQUITY CONSTRUCTION LLC,CCPH-2500185,,Trash,no_hvac_signal
S,26000696,S-26000696,https://apps-secure.phoenix.gov/PDD/Search/PermitDetails?permitNum=S-26000696,S-26000696,2425 E DEER VALLEY DR,PHOENIX,1/15/2026 12:31:13 PM,Commercial,10000.00,PRECISE SIGN CO,LPRM-2506635,,Trash,negative=sign
F800,2600203,F800-2600203,https://apps-secure.phoenix.gov/PDD/Search/PermitDetails?permitNum=F800-2600203,F800-2600203,808 W BUTLER DR,PHOENIX,1/15/2026 12:29:46 PM,Commercial,0.00,ICON POWER LLC,SPAD-2110441,,Trash,no_hvac_signal
RPV,26000695,RPV-26000695,https://apps-secure.phoenix.gov/PDD/Search/PermitDetails?permitNum=RPV-26000695,RPV-26000695,2270 E DESERT COVE AVE,PHOENIX,1/15/2026 12:26:54 PM,Commercial,12000.00,SOLAR OPTIMUM INC.,SPAD-1804260,,Trash,negative=solar(?: pv)?
F171,2600202,F171-2600202,https://apps-secure.phoenix.gov/PDD/Search/PermitDetails?permitNum=F171-2600202,F171-2600202,,PHOENIX,1/15/2026 12:14:18 PM,Commercial,0.00,FOOTHILLS FIRE PROTECTION INC,SPAD-2300297,,Trash,negative=fire
CMC,26000694,CMC-26000694,https://apps-secure.phoenix.gov/PDD/Search/PermitDetails?permitNum=CMC-26000694,CMC-26000694,4620 E COTTON GIN LOOP,PHOENIX,1/15/2026 12:12:51 PM,Commercial,0.00,MISSION UNDERGROUND LLC,SDEV-2600001,,Trash,no_hvac_signal
RPV,26000693,RPV-26000693,https://apps-secure.phoenix.gov/PDD/Search/PermitDetails?permitNum=RPV-26000693,RPV-26000693,707 W WOOD DR,PHOENIX,1/15/2026 12:06:48 PM,Commercial,17220.00,CAPITAL ENERGY LLC,SPAD-2600053,,Trash,no_hvac_signal
BLD,26000692,BLD-26000692,https://apps-secure.phoenix.gov/PDD/Search/PermitDetails?permitNum=BLD-26000692,BLD-26000692,102 W WATKINS ST,PHOENIX,1/15/2026 12:03:44 PM,Commercial,376914.40,BJERK BUILDERS,LPRR-2506620,,Trash,no_hvac_signal
FPPD,260092,FPPD-260092,https://apps-secure.phoenix.gov/PDD/Search/PermitDetails?permitNum=FPPD-260092,FPPD-260092,3300 W CAMELBACK RD,PHOENIX,1/15/2026 12:01:16 PM,Residential,0.00,TO BE BID,,,Trash,no_hvac_signal
FPPD,260092,FPPD-260092,https://apps-secure.phoenix.gov/PDD/Search/PermitDetails?permitNum=FPPD-260092,FPPD-260092,3300 W CAMELBACK RD,PHOENIX,1/15/2026 12:01:16 PM,Residential,0.00,TO BE BID,,,Trash,no_hvac_signal
CPGD,2600249,CPGD-2600249,https://apps-secure.phoenix.gov/PDD/Search/PermitDetails?permitNum=CPGD-2600249,CPGD-2600249,7001 E CORRINE DR,PHOENIX,1/15/2026 12:00:14 PM,Residential,0.00,TO BE BID,,,Trash,no_hvac_signal
RVSN,2202211-04,RVSN-2202211-04,https://apps-secure.phoenix.gov/PDD/Search/PermitDetails?permitNum=RVSN-2202211-04,RVSN-2202211-04,32200 N 43RD AVE,PHOENIX,1/15/2026 11:56:02 AM,Commercial,0.00,UNITED INTEGRATED SERVICES (USA) CORP,LPRN-2202211,,Trash,no_hvac_signal
RVSN,2202211-04,RVSN-2202211-04,https://apps-secure.phoenix.gov/PDD/Search/PermitDetails?permitNum=RVSN-2202211-04,RVSN-2202211-04,32200 N 43RD AVE,PHOENIX,1/15/2026 11:56:02 AM,Commercial,0.00,UNITED INTEGRATED SERVICES (USA) CORP,LPRN-2202211,,Trash,no_hvac_signal
RVSN,2202211-04,RVSN-2202211-04,https://apps-secure.phoenix.gov/PDD/Search/PermitDetails?permitNum=RVSN-2202211-04,RVSN-2202211-04,32200 N 43RD AVE,PHOENIX,1/15/2026 11:56:02 AM,Commercial,0.00,UNITED INTEGRATED SERVICES (USA) CORP,LPRN-2202211,,Trash,no_hvac_signal
F481,26000690,F481-26000690,https://apps-secure.phoenix.gov/PDD/Search/PermitDetails?permitNum=F481-26000690,F481-26000690,4625 E PARADISE VILLAGE PKWY N,PHOENIX,1/15/2026 11:53:53 AM,Commercial,0.00,LAYTON CONSTRUCTION COMPANY LLC,FPPD-251001,,Trash,no_hvac_signal
TCO,26000688,TCO-26000688,https://apps-secure.phoenix.gov/PDD/Search/PermitDetails?permitNum=TCO-26000688,TCO-26000688,50 E FILLMORE ST,PHOENIX,1/15/2026 11:51:26 AM,Commercial,69683338.35,LAYTON CONSTRUCTION COMPANY LLC,BLD-23008778,,Trash,no_hvac_signal
TCO,26000688,TCO-26000688,https://apps-secure.phoenix.gov/PDD/Search/PermitDetails?permitNum=TCO-26000688,TCO-26000688,50 E FILLMORE ST,PHOENIX,1/15/2026 11:51:26 AM,Commercial,69683338.35,LAYTON CONSTRUCTION COMPANY LLC,BLD-23008778,,Trash,no_hvac_signal
OE,26000686,OE-26000686,https://apps-secure.phoenix.gov/PDD/Search/PermitDetails?permitNum=OE-26000686,OE-26000686,2515 E BELL RD,PHOENIX,1/15/2026 11:47:20 AM,Commercial,8500.00,FREDOS RENOVATION SERVICES LLC,SPAD-1902154,,Trash,no_hvac_signal
LPSG,260054,LPSG-260054,https://apps-secure.phoenix.gov/PDD/Search/PermitDetails?permitNum=LPSG-260054,LPSG-260054,5544 E THOMAS RD,PHOENIX,1/15/2026 11:40:19 AM,Commercial,4800.00,AIRPARK SIGNS % GRAPHICS,,,Trash,no_hvac_signal
RPV,26000684,RPV-26000684,https://apps-secure.phoenix.gov/PDD/Search/PermitDetails?permitNum=RPV-26000684,RPV-26000684,1541 E CHEERY LYNN RD,PHOENIX,1/15/2026 11:38:22 AM,Commercial,27720.00,ARGENT SOLAR ELECTRIC INC,SPAD-0010103,,Trash,negative=solar(?: pv)?
CPST,2600247,CPST-2600247,https://apps-secure.phoenix.gov/PDD/Search/PermitDetails?permitNum=CPST-2600247,CPST-2600247,2350 S 91ST AVE,PHOENIX,1/15/2026 11:37:47 AM,Residential,0.00,TO BE BID,,,Trash,no_hvac_signal
WSHM,26000683,WSHM-26000683,https://apps-secure.phoenix.gov/PDD/Search/PermitDetails?permitNum=WSHM-26000683,WSHM-26000683,884 N 44TH AVE,PHOENIX,1/15/2026 11:31:45 AM,Commercial,0.00,EARTHCORE DEVELOPMENT INC,CCPH-2500183,,Trash,no_hvac_signal
F140,2600201,F140-2600201,https://apps-secure.phoenix.gov/PDD/Search/PermitDetails?permitNum=F140-2600201,F140-2600201,2740 W NORTHERN AVE,PHOENIX,1/15/2026 10:59:13 AM,Commercial,0.00,AZ ULTIMATE DEVELOPEMENT LLC,FPPR-251294,,Trash,no_hvac_signal
F193,2600200,F193-2600200,https://apps-secure.phoenix.gov/PDD/Search/PermitDetails?permitNum=F193-2600200,F193-2600200,2843 W MARLETTE AVE,PHOENIX,1/15/2026 10:57:06 AM,Commercial,0.00,POSITIVE SYNERGY LLC,SPAD-2504173,,Trash,no_hvac_signal
WSFT,26000681,WSFT-26000681,https://apps-secure.phoenix.gov/PDD/Search/PermitDetails?permitNum=WSFT-26000681,WSFT-26000681,26800 N 27TH AVE,PHOENIX,1/15/2026 10:50:49 AM,Commercial,0.00,MOUNTAIN STATE FIRE PROTECTION LLC,SPAD-1501042,,Trash,negative=fire
LPRM,2600246,LPRM-2600246,https://apps-secure.phoenix.gov/PDD/Search/PermitDetails?permitNum=LPRM-2600246,LPRM-2600246,2470 S 22ND AVE,PHOENIX,1/15/2026 10:49:52 AM,Commercial,600000.00,FELIX CONSTRUCTION COMPANY,AFPF-060308,,Trash,no_hvac_signal
LPRM,2600246,LPRM-2600246,https://apps-secure.phoenix.gov/PDD/Search/PermitDetails?permitNum=LPRM-2600246,LPRM-2600246,2470 S 22ND AVE,PHOENIX,1/15/2026 10:49:52 AM,Commercial,600000.00,FELIX CONSTRUCTION COMPANY,AFPF-060308,,Trash,no_hvac_signal
F875,26000680,F875-26000680,https://apps-secure.phoenix.gov/PDD/Search/PermitDetails?permitNum=F875-26000680,F875-26000680,2800 N CENTRAL AVE,PHOENIX,1/15/2026 10:43:44 AM,Commercial,0.00,HILLER COMPANIES INC (THE),,,Trash,no_hvac_signal
LPSG,260053,LPSG-260053,https://apps-secure.phoenix.gov/PDD/Search/PermitDetails?permitNum=LPSG-260053,LPSG-260053,23910 N 19TH AVE,PHOENIX,1/15/2026 10:34:44 AM,Commercial,4500.00,GRACE SIGNS ARIZONA LLC,,,Trash,no_hvac_signal
FPPD,260091,FPPD-260091,https://apps-secure.phoenix.gov/PDD/Search/PermitDetails?permitNum=FPPD-260091,FPPD-260091,16248 N 44TH ST,PHOENIX,1/15/2026 10:33:18 AM,Commercial,0.00,TO BE BID,,,Trash,no_hvac_signal
RPV,26000679,RPV-26000679,https://apps-secure.phoenix.gov/PDD/Search/PermitDetails?permitNum=RPV-26000679,RPV-26000679,4932 E MARINO DR,PHOENIX,1/15/2026 10:23:18 AM,Commercial,20910.00,CAPITAL ENERGY LLC,SPAD-2600032,,Trash,no_hvac_signal
F875,26000678,F875-26000678,https://apps-secure.phoenix.gov/PDD/Search/PermitDetails?permitNum=F875-26000678,F875-26000678,1616 W ALAMEDA RD,PHOENIX,1/15/2026 10:20:04 AM,Commercial,0.00,COMPLETE FIRE PROTECTION INC,,,Trash,negative=fire
CES,26000677,CES-26000677,https://apps-secure.phoenix.gov/PDD/Search/PermitDetails?permitNum=CES-26000677,CES-26000677,10640 S CENTRAL AVE,PHOENIX,1/15/2026 10:11:11 AM,Commercial,0.00,CHASSE BUILDING TEAM INC,LSIS-2506627,,Trash,no_hvac_signal
LPRR,2600245,LPRR-2600245,https://apps-secure.phoenix.gov/PDD/Search/PermitDetails?permitNum=LPRR-2600245,LPRR-2600245,9910 W CAMELBACK RD,PHOENIX,1/15/2026 10:01:50 AM,Commercial,125000.00,T BUILT LLC,,,Trash,no_hvac_signal
F809,26000676,F809-26000676,https://apps-secure.phoenix.gov/PDD/Search/PermitDetails?permitNum=F809-26000676,F809-26000676,6525 W HAPPY VALLEY RD,PHOENIX,1/15/2026 9:58:31 AM,Commercial,0.00,SUMMIT FIRE PROTECTION CO,,,Trash,negative=fire
LPRM,2600244,LPRM-2600244,https://apps-secure.phoenix.gov/PDD/Search/PermitDetails?permitNum=LPRM-2600244,LPRM-2600244,7103 N BLACK CANYON HWY,PHOENIX,1/15/2026 9:55:43 AM,Commercial,35500.00,TO BE BID,,,Trash,no_hvac_signal
CSIT,26000675,CSIT-26000675,https://apps-secure.phoenix.gov/PDD/Search/PermitDetails?permitNum=CSIT-26000675,CSIT-26000675,1101 E BELL RD,PHOENIX,1/15/2026 9:47:30 AM,Commercial,0.00,PATTERSON & DEWAR ENGINEERS INC,AMND-00-3732A5,,Trash,no_hvac_signal
F801,26000673,F801-26000673,https://apps-secure.phoenix.gov/PDD/Search/PermitDetails?permitNum=F801-26000673,F801-26000673,9816 W TAMARISK AVE,PHOENIX,1/15/2026 9:39:51 AM,Commercial,0.00,MISSION UNDERGROUND LLC,,,Trash,no_hvac_signal
LPRM,2600243,LPRM-2600243,https://apps-secure.phoenix.gov/PDD/Search/PermitDetails?permitNum=LPRM-2600243,LPRM-2600243,2502 W VAN BUREN ST,PHOENIX,1/15/2026 9:37:05 AM,Commercial,100000.00,TO BE BID,,,Trash,no_hvac_signal
F805,26000672,F805-26000672,https://apps-secure.phoenix.gov/PDD/Search/PermitDetails?permitNum=F805-26000672,F805-26000672,4643 E CACTUS RD,PHOENIX,1/15/2026 9:32:15 AM,Residential,0.00,SELECT SECURITY SYSTEMS,SPAD-2001910,,Trash,no_hvac_signal
F157,26000671,F157-26000671,https://apps-secure.phoenix.gov/PDD/Search/PermitDetails?permitNum=F157-26000671,F157-26000671,4610 N 35TH AVE,PHOENIX,1/15/2026 9:28:44 AM,Commercial,0.00,WESTERN FENCE CO INC,SPAD-2503902,,Trash,negative=fence
FEN,26000670,FEN-26000670,https://apps-secure.phoenix.gov/PDD/Search/PermitDetails?permitNum=FEN-26000670,FEN-26000670,4610 N 35TH AVE,PHOENIX,1/15/2026 9:27:43 AM,Commercial,0.00,WESTERN FENCE CO INC,SPAD-2503902,,Trash,negative=fence
F875,26000666,F875-26000666,https://apps-secure.phoenix.gov/PDD/Search/PermitDetails?permitNum=F875-26000666,F875-26000666,414 N 5TH ST,PHOENIX,1/15/2026 9:10:42 AM,Commercial,0.00,WESTSIDE FIRE ALARM LLC,,,Trash,negative=fire|alarm
CPR,26000665,CPR-26000665,https://apps-secure.phoenix.gov/PDD/Search/PermitDetails?permitNum=CPR-26000665,CPR-26000665,1003 E INDIAN SCHOOL RD,PHOENIX,1/15/2026 9:08:02 AM,Commercial,0.00,AMERICAN ASPHALT PAVING AND SEALCOATING INC,RVSN-2300968-01,,Trash,no_hvac_signal
ELEV,26000662,ELEV-26000662,https://apps-secure.phoenix.gov/PDD/Search/PermitDetails?permitNum=ELEV-26000662,ELEV-26000662,2402 E ESPLANADE LN,PHOENIX,1/15/2026 8:52:36 AM,Commercial,568132.00,KONE ELEVATOR COMPANY,LPBE-T141565,,Trash,no_hvac_signal
FITM,2600199,FITM-2600199,https://apps-secure.phoenix.gov/PDD/Search/PermitDetails?permitNum=FITM-2600199,FITM-2600199,6544 W THOMAS RD,PHOENIX,1/15/2026 8:52:20 AM,Residential,0.00,METRO FIRE EQ,SPAD-0217613,,Trash,negative=fire
LPBE,2600241,LPBE-2600241,https://apps-secure.phoenix.gov/PDD/Search/PermitDetails?permitNum=LPBE-2600241,LPBE-2600241,2402 E ESPLANADE LN,PHOENIX,1/15/2026 8:47:57 AM,Commercial,568132.00,KONE ELEVATOR COMPANY,SPAD-0302479,,Trash,no_hvac_signal
F800,2600198,F800-2600198,https://apps-secure.phoenix.gov/PDD/Search/PermitDetails?permitNum=F800-2600198,F800-2600198,4932 E MARINO DR,PHOENIX,1/15/2026 8:25:55 AM,Commercial,0.00,CAPITAL ENERGY LLC,SPAD-2600032,,Trash,no_hvac_signal
CPFL,2600240,CPFL-2600240,https://apps-secure.phoenix.gov/PDD/Search/PermitDetails?permitNum=CPFL-2600240,CPFL-2600240,821 N 11TH AVE,PHOENIX,1/15/2026 8:20:13 AM,Commercial,0.00,TO BE BID,,,Trash,no_hvac_signal
WSSD,26000661,WSSD-26000661,https://apps-secure.phoenix.gov/PDD/Search/PermitDetails?permitNum=WSSD-26000661,WSSD-26000661,737 E GLENDALE AVE,PHOENIX,1/15/2026 8:16:23 AM,Residential,0.00,SERVICE 1ST FIRE PROTECTION L L C,SPAD-0902118,,Trash,negative=fire
CCO,26000660,CCO-26000660,https://apps-secure.phoenix.gov/PDD/Search/PermitDetails?permitNum=CCO-26000660,CCO-26000660,3240 S 48TH ST,PHOENIX,1/15/2026 8:14:11 AM,Commercial,3.27,KUBER DEVELOPMENT COMPANY L L C,CPGD-2506310,,Trash,no_hvac_signal
CGD,26000659,CGD-26000659,https://apps-secure.phoenix.gov/PDD/Search/PermitDetails?permitNum=CGD-26000659,CGD-26000659,3240 S 48TH ST,PHOENIX,1/15/2026 8:12:47 AM,Commercial,3.27,KUBER DEVELOPMENT COMPANY L L C,CPGD-2506310,,Trash,no_hvac_signal
CPA,26000658,CPA-26000658,https://apps-secure.phoenix.gov/PDD/Search/PermitDetails?permitNum=CPA-26000658,CPA-26000658,3240 S 48TH ST,PHOENIX,1/15/2026 8:11:17 AM,Commercial,3.27,KUBER DEVELOPMENT COMPANY L L C,CPGD-2506310,,Trash,no_hvac_signal
FPPD,260090,FPPD-260090,https://apps-secure.phoenix.gov/PDD/Search/PermitDetails?permitNum=FPPD-260090,FPPD-260090,2516 W VILLAGE DR,PHOENIX,1/15/2026 8:00:56 AM,Commercial,0.00,GUARDIAN FIRE PROTECTION CO,,,Trash,negative=fire
OME,26000657,OME-26000657,https://apps-secure.phoenix.gov/PDD/Search/PermitDetails?permitNum=OME-26000657,OME-26000657,4732 S CENTRAL AVE,PHOENIX,1/15/2026 5:00:02 AM,Commercial,19000.00,PUBLIC WORKS I88,AFPF-100103,,Trash,no_hvac_signal
DEM,26000668,DEM-26000668,https://apps-secure.phoenix.gov/PDD/Search/PermitDetails?permitNum=DEM-26000668,DEM-26000668,21222 N CAVE CREEK RD,PHOENIX,1/15/2026 12:00:00 AM,Commercial,14175.00,DUGAN'S LAND CLEARING & LANDSCAPING LLC,SPAD-2303102,,Trash,no_hvac_signal
SGNP,214955,SGNP-214955,https://apps-secure.phoenix.gov/PDD/Search/PermitDetails?permitNum=SGNP-214955,SGNP-214955,4920 W THUNDERBIRD RD,PHOENIX,1/15/2026 12:00:00 AM,Commercial,9087.00,LJL VISUAL SOLUTIONS LLC,LPSG-260016,,Trash,no_hvac_signal
DEM,26000667,DEM-26000667,https://apps-secure.phoenix.gov/PDD/Search/PermitDetails?permitNum=DEM-26000667,DEM-26000667,21222 N CAVE CREEK RD,PHOENIX,1/15/2026 12:00:00 AM,Commercial,5000.00,DUGAN'S LAND CLEARING & LANDSCAPING LLC,SPAD-2303102,,Trash,no_hvac_signal
CPR,26000700,CPR-26000700,https://apps-secure.phoenix.gov/PDD/Search/PermitDetails?permitNum=CPR-26000700,CPR-26000700,1716 W ADAMS ST,PHOENIX,1/15/2026 12:00:00 AM,Residential,0.00,VIASUN CORPORATION,SPAD-0521036,,Trash,no_hvac_signal
CDW,26000701,CDW-26000701,https://apps-secure.phoenix.gov/PDD/Search/PermitDetails?permitNum=CDW-26000701,CDW-26000701,1716 W ADAMS ST,PHOENIX,1/15/2026 12:00:00 AM,Commercial,0.00,PRIMAVERA GRADING & PAVING LLC,SPAD-0521036,,Trash,no_hvac_signal
F800,2600197,F800-2600197,https://apps-secure.phoenix.gov/PDD/Search/PermitDetails?permitNum=F800-2600197,F800-2600197,8908 W COLUMBUS AVE,PHOENIX,1/14/2026 8:35:29 PM,Commercial,0.00,ONEWORLDENERGY LLC,SPAD-2503373,,Trash,no_hvac_signal
RPV,26000656,RPV-26000656,https://apps-secure.phoenix.gov/PDD/Search/PermitDetails?permitNum=RPV-26000656,RPV-26000656,8625 S 70TH DR,PHOENIX,1/14/2026 8:17:08 PM,Commercial,15990.00,ONEWORLDENERGY LLC,SPAD-2504150,,Trash,no_hvac_signal
LPSG,260050,LPSG-260050,https://apps-secure.phoenix.gov/PDD/Search/PermitDetails?permitNum=LPSG-260050,LPSG-260050,10810 N TATUM BLVD,PHOENIX,1/14/2026 6:19:25 PM,Commercial,4000.00,FRANKLIN'S FINE SIGNS LLC,,,Trash,no_hvac_signal
CPGD,2600239,CPGD-2600239,https://apps-secure.phoenix.gov/PDD/Search/PermitDetails?permitNum=CPGD-2600239,CPGD-2600239,727 W MAGNOLIA ST,PHOENIX,1/14/2026 4:35:43 PM,Residential,1.00,TO BE BID,,,Trash,no_hvac_signal
DSAP,26014,DSAP-26014,https://apps-secure.phoenix.gov/PDD/Search/PermitDetails?permitNum=DSAP-26014,DSAP-26014,5100 E ROOSEVELT ST,PHOENIX,1/14/2026 4:27:15 PM,Commercial,0.00,OWNER,,,Trash,no_hvac_signal
FPPD,260089,FPPD-260089,https://apps-secure.phoenix.gov/PDD/Search/PermitDetails?permitNum=FPPD-260089,FPPD-260089,5803 N 14TH PL,PHOENIX,1/14/2026 4:05:47 PM,Commercial,0.00,ARMOR FIRE PROTECTION INC,,,Trash,negative=fire
CPR,26000655,CPR-26000655,https://apps-secure.phoenix.gov/PDD/Search/PermitDetails?permitNum=CPR-26000655,CPR-26000655,1201 N LAUREL AVE,PHOENIX,1/14/2026 4:05:05 PM,Residential,0.00,BROTHERS CONSTRUCTION L L C,CPGD-2502692,,Trash,no_hvac_signal
CDW,26000654,CDW-26000654,https://apps-secure.phoenix.gov/PDD/Search/PermitDetails?permitNum=CDW-26000654,CDW-26000654,1201 N LAUREL AVE,PHOENIX,1/14/2026 4:04:27 PM,Residential,0.00,BROTHERS CONSTRUCTION L L C,CPGD-2502692,,Trash,no_hvac_signal
F193,2600195,F193-2600195,https://apps-secure.phoenix.gov/PDD/Search/PermitDetails?permitNum=F193-2600195,F193-2600195,3609 W ROYAL PALM RD,PHOENIX,1/14/2026 4:01:18 PM,Commercial,0.00,ANEVA SOLAR LLC,SPAD-2600005,,Trash,negative=solar(?: pv)?
FPPR,260028,FPPR-260028,https://apps-secure.phoenix.gov/PDD/Search/PermitDetails?permitNum=FPPR-260028,FPPR-260028,5088 W INNOVATION CIR,PHOENIX,1/14/2026 3:57:11 PM,Residential,0.00,AIDANT FIRE PROTECTION CO,SPAD-2500376,,Trash,negative=fire
FPPR,260028,FPPR-260028,https://apps-secure.phoenix.gov/PDD/Search/PermitDetails?permitNum=FPPR-260028,FPPR-260028,5088 W INNOVATION CIR,PHOENIX,1/14/2026 3:57:11 PM,Residential,0.00,AIDANT FIRE PROTECTION CO,SPAD-2500376,,Trash,negative=fire
TCO,26000653,TCO-26000653,https://apps-secure.phoenix.gov/PDD/Search/PermitDetails?permitNum=TCO-26000653,TCO-26000653,31700 N 29TH AVE,PHOENIX,1/14/2026 3:53:24 PM,Commercial,3518481.00,IDM CONSTRUCTION AZ LLC,BLD-23021266,,Trash,no_hvac_signal
CPGD,2600237,CPGD-2600237,https://apps-secure.phoenix.gov/PDD/Search/PermitDetails?permitNum=CPGD-2600237,CPGD-2600237,4901 W MISTY WILLOW LN,PHOENIX,1/14/2026 3:42:56 PM,Residential,0.00,TO BE BID,SPAD-2600050,,Trash,no_hvac_signal
F809,26000652,F809-26000652,https://apps-secure.phoenix.gov/PDD/Search/PermitDetails?permitNum=F809-26000652,F809-26000652,3065 S 43RD AVE,PHOENIX,1/14/2026 3:39:17 PM,Commercial,0.00,SERVICE 1ST FIRE PROTECTION L L C,,,Trash,negative=fire
FPPD,260088,FPPD-260088,https://apps-secure.phoenix.gov/PDD/Search/PermitDetails?permitNum=FPPD-260088,FPPD-260088,2946 E BROADWAY RD,PHOENIX,1/14/2026 3:37:48 PM,Commercial,0.00,IMPACT FIRE SERVICES LLC,,,Trash,negative=fire
F805,26000651,F805-26000651,https://apps-secure.phoenix.gov/PDD/Search/PermitDetails?permitNum=F805-26000651,F805-26000651,777 N CENTRAL AVE,PHOENIX,1/14/2026 3:37:40 PM,Commercial,0.00,CLAYCO INC,SPAD-2300103,,Trash,no_hvac_signal
F824,2600194,F824-2600194,https://apps-secure.phoenix.gov/PDD/Search/PermitDetails?permitNum=F824-2600194,F824-2600194,5812 N 12TH ST 36,PHOENIX,1/14/2026 3:35:37 PM,Commercial,0.00,PROPANE SERVICES LLC,SPAD-2600051,,Trash,no_hvac_signal
LPCO,2600236,LPCO-2600236,https://apps-secure.phoenix.gov/PDD/Search/PermitDetails?permitNum=LPCO-2600236,LPCO-2600236,11024 N 28TH DR,PHOENIX,1/14/2026 3:34:11 PM,Commercial,0.00,WDS COMMERCIAL LLC,,,Trash,no_hvac_signal
F824,2600193,F824-2600193,https://apps-secure.phoenix.gov/PDD/Search/PermitDetails?permitNum=F824-2600193,F824-2600193,16008 S 38TH WAY,PHOENIX,1/14/2026 3:33:48 PM,Commercial,0.00,PROPANE SERVICES LLC,SPAD-2600049,,Trash,no_hvac_signal
CPST,2600235,CPST-2600235,https://apps-secure.phoenix.gov/PDD/Search/PermitDetails?permitNum=CPST-2600235,CPST-2600235,326 E ORANGEWOOD AVE,PHOENIX,1/14/2026 3:13:38 PM,Residential,0.00,TO BE BID,,,Trash,no_hvac_signal
MDHM,2600234,MDHM-2600234,https://apps-secure.phoenix.gov/PDD/Search/PermitDetails?permitNum=MDHM-2600234,MDHM-2600234,7943 W GRANADA RD,PHOENIX,1/14/2026 3:10:55 PM,Commercial,0.00,OWNER,,,Trash,no_hvac_signal
AMND,04-1452A7,AMND-04-1452A7,https://apps-secure.phoenix.gov/PDD/Search/PermitDetails?permitNum=AMND-04-1452A7,AMND-04-1452A7,1400 S 35TH AVE,PHOENIX,1/14/2026 3:04:51 PM,Commercial,0.00,TO BE BID,,,Trash,no_hvac_signal
LPRS,2600233,LPRS-2600233,https://apps-secure.phoenix.gov/PDD/Search/PermitDetails?permitNum=LPRS-2600233,LPRS-2600233,30 W HADLEY ST,PHOENIX,1/14/2026 3:04:36 PM,Commercial,20000000.00,FORM ARIZONA LLC,,,Trash,no_hvac_signal
DSAP,26013,DSAP-26013,https://apps-secure.phoenix.gov/PDD/Search/PermitDetails?permitNum=DSAP-26013,DSAP-26013,1107 E BELL RD,PHOENIX,1/14/2026 3:00:26 PM,Commercial,0.00,TO BE BID,,,Trash,no_hvac_signal
DEM,26000649,DEM-26000649,https://apps-secure.phoenix.gov/PDD/Search/PermitDetails?permitNum=DEM-26000649,DEM-26000649,7100 N 12TH ST,PHOENIX,1/14/2026 2:52:06 PM,Commercial,100.00,AMERI-SOL LLC,SPAD-1503201,,Trash,no_hvac_signal
LSPL,2600232,LSPL-2600232,https://apps-secure.phoenix.gov/PDD/Search/PermitDetails?permitNum=LSPL-2600232,LSPL-2600232,5050 W MOHAVE ST,PHOENIX,1/14/2026 2:45:49 PM,Commercial,0.00,TO BE BID,,,Trash,no_hvac_signal
CSL,26000648,CSL-26000648,https://apps-secure.phoenix.gov/PDD/Search/PermitDetails?permitNum=CSL-26000648,CSL-26000648,12240 N SCOTTSDALE RD,PHOENIX,1/14/2026 2:44:25 PM,Residential,0.00,OWNER,CPGD-2506613,,Trash,no_hvac_signal
CWT,26000646,CWT-26000646,https://apps-secure.phoenix.gov/PDD/Search/PermitDetails?permitNum=CWT-26000646,CWT-26000646,4303 W BELL RD,PHOENIX,1/14/2026 2:22:35 PM,Commercial,0.00,AP CONTRACTING INC,CPWT-2502666,,Trash,no_hvac_signal
CPR,26000647,CPR-26000647,https://apps-secure.phoenix.gov/PDD/Search/PermitDetails?permitNum=CPR-26000647,CPR-26000647,4303 W BELL RD,PHOENIX,1/14/2026 2:22:35 PM,Commercial,0.00,AP CONTRACTING INC,CPWT-2502666,,Trash,no_hvac_signal
CSIT,26000645,CSIT-26000645,https://apps-secure.phoenix.gov/PDD/Search/PermitDetails?permitNum=CSIT-26000645,CSIT-26000645,118 W HATCHER RD,PHOENIX,1/14/2026 2:21:11 PM,Residential,0.00,TO BE BID,AMND-21-4323A1,,Trash,no_hvac_signal
F216,2600191,F216-2600191,https://apps-secure.phoenix.gov/PDD/Search/PermitDetails?permitNum=F216-2600191,F216-2600191,2276 W SOUTHERN AVE,PHOENIX,1/14/2026 2:05:00 PM,Commercial,0.00,WACO LLC,AFPF-100011,,Trash,no_hvac_signal
SGNP,214954,SGNP-214954,https://apps-secure.phoenix.gov/PDD/Search/PermitDetails?permitNum=SGNP-214954,SGNP-214954,2600 W HAPPY VALLEY RD,PHOENIX,1/14/2026 2:04:42 PM,Commercial,500000.00,CBS OUTDOOR INC,LPSG-251091,,Trash,no_hvac_signal
SGNP,214953,SGNP-214953,https://apps-secure.phoenix.gov/PDD/Search/PermitDetails?permitNum=SGNP-214953,SGNP-214953,2600 W HAPPY VALLEY RD,PHOENIX,1/14/2026 2:03:43 PM,Commercial,500000.00,CBS OUTDOOR INC,LPSG-251091,,Trash,no_hvac_signal
RVSN,2103107-02,RVSN-2103107-02,https://apps-secure.phoenix.gov/PDD/Search/PermitDetails?permitNum=RVSN-2103107-02,RVSN-2103107-02,,PHOENIX,1/14/2026 2:01:38 PM,Residential,0.00,TO BE BID,,,Trash,no_hvac_signal
SE,26000642,SE-26000642,https://apps-secure.phoenix.gov/PDD/Search/PermitDetails?permitNum=SE-26000642,SE-26000642,500 N 20TH ST,PHOENIX,1/14/2026 1:53:21 PM,Commercial,877360.00,LOW MOUNTAIN CONSTRUCTION,LPRX-2503582,,Trash,no_hvac_signal
LPRM,2600230,LPRM-2600230,https://apps-secure.phoenix.gov/PDD/Search/PermitDetails?permitNum=LPRM-2600230,LPRM-2600230,3300 W CAMELBACK RD,PHOENIX,1/14/2026 1:52:54 PM,Commercial,282219000.00,SCOUT SOLAR LLC,,,Trash,negative=solar(?: pv)?
PLMB,26000641,PLMB-26000641,https://apps-secure.phoenix.gov/PDD/Search/PermitDetails?permitNum=PLMB-26000641,PLMB-26000641,901 N 19TH ST,PHOENIX,1/14/2026 1:52:51 PM,Commercial,20000.00,LOW MOUNTAIN CONSTRUCTION,LPRM-1802745,,Trash,no_hvac_signal
F201,2600188,F201-2600188,https://apps-secure.phoenix.gov/PDD/Search/PermitDetails?permitNum=F201-2600188,F201-2600188,200 W WASHINGTON ST,PHOENIX,1/14/2026 1:49:35 PM,Residential,0.00,OWNER,SPAD-2302766,,Trash,no_hvac_signal
WSFT,26000640,WSFT-26000640,https://apps-secure.phoenix.gov/PDD/Search/PermitDetails?permitNum=WSFT-26000640,WSFT-26000640,4770 N 99TH AVE,PHOENIX,1/14/2026 1:47:09 PM,Commercial,0.00,NOLIN FIRE SPRINKLERS INC,CCPH-2500143,,Trash,negative=fire
CSIT,26000639,CSIT-26000639,https://apps-secure.phoenix.gov/PDD/Search/PermitDetails?permitNum=CSIT-26000639,CSIT-26000639,4518 E CACTUS RD,PHOENIX,1/14/2026 1:43:39 PM,Commercial,0.00,FORREST GROVE EAST LLC,AMND-00-4403A43,,Trash,no_hvac_signal
FPPD,260087,FPPD-260087,https://apps-secure.phoenix.gov/PDD/Search/PermitDetails?permitNum=FPPD-260087,FPPD-260087,4375 N 45TH AVE,PHOENIX,1/14/2026 1:39:09 PM,Commercial,0.00,FCL BUILDERS ARIZONA LLC,,,Trash,no_hvac_signal
LPRR,2600228,LPRR-2600228,https://apps-secure.phoenix.gov/PDD/Search/PermitDetails?permitNum=LPRR-2600228,LPRR-2600228,5328 W ROOSEVELT ST,PHOENIX,1/14/2026 1:08:52 PM,Commercial,24000.00,EMERALD INC,,,Trash,no_hvac_signal
BLD,26000638,BLD-26000638,https://apps-secure.phoenix.gov/PDD/Search/PermitDetails?permitNum=BLD-26000638,BLD-26000638,3563 W NORTHERN AVE,PHOENIX,1/14/2026 1:02:06 PM,Commercial,800000.00,AMERICO BUILDERS LLC,LPRT-2501911,,Trash,no_hvac_signal
S,26000637,S-26000637,https://apps-secure.phoenix.gov/PDD/Search/PermitDetails?permitNum=S-26000637,S-26000637,100 N 3RD ST,PHOENIX,1/14/2026 12:57:20 PM,Commercial,52600.00,CONVENTION CENTER & THEATRICAL FACILITIES > I-295,LPRM-2600184,,Trash,no_hvac_signal
FPPD,260086,FPPD-260086,https://apps-secure.phoenix.gov/PDD/Search/PermitDetails?permitNum=FPPD-260086,FPPD-260086,4125 E BASELINE RD,PHOENIX,1/14/2026 12:37:03 PM,Commercial,0.00,METRO FIRE EQUIPMENT,,,Trash,negative=fire
WSFT,26000636,WSFT-26000636,https://apps-secure.phoenix.gov/PDD/Search/PermitDetails?permitNum=WSFT-26000636,WSFT-26000636,1819 N 99TH AVE,PHOENIX,1/14/2026 12:32:41 PM,Commercial,0.00,TROJAN FIRE PROTECTION LLC,CCPH-2500159,,Trash,negative=fire
FPPD,260085,FPPD-260085,https://apps-secure.phoenix.gov/PDD/Search/PermitDetails?permitNum=FPPD-260085,FPPD-260085,7409 W VIRGINIA AVE,PHOENIX,1/14/2026 12:31:00 PM,Residential,0.00,TO BE BID,,,Trash,no_hvac_signal
WSFT,26000635,WSFT-26000635,https://apps-secure.phoenix.gov/PDD/Search/PermitDetails?permitNum=WSFT-26000635,WSFT-26000635,5307 N 17TH AVE,PHOENIX,1/14/2026 12:29:48 PM,Commercial,0.00,ROGERS FIRE SPRINKLERS LLC,CCPH-2400269,,Trash,negative=fire
SGNP,214947,SGNP-214947,https://apps-secure.phoenix.gov/PDD/Search/PermitDetails?permitNum=SGNP-214947,SGNP-214947,4630 N 23RD AVE,PHOENIX,1/14/2026 12:29:04 PM,Commercial,1300.00,HAWK BUILDERS L L C,LPSG-251555,,Trash,no_hvac_signal
SGNP,214946,SGNP-214946,https://apps-secure.phoenix.gov/PDD/Search/PermitDetails?permitNum=SGNP-214946,SGNP-214946,4630 N 23RD AVE,PHOENIX,1/14/2026 12:28:28 PM,Commercial,1300.00,HAWK BUILDERS L L C,LPSG-251555,,Trash,no_hvac_signal
SGNP,214945,SGNP-214945,https://apps-secure.phoenix.gov/PDD/Search/PermitDetails?permitNum=SGNP-214945,SGNP-214945,4630 N 23RD AVE,PHOENIX,1/14/2026 12:26:19 PM,Commercial,1300.00,HAWK BUILDERS L L C,LPSG-251555,,Trash,no_hvac_signal
SE,26000634,SE-26000634,https://apps-secure.phoenix.gov/PDD/Search/PermitDetails?permitNum=SE-26000634,SE-26000634,5517 N 17TH AVE,PHOENIX,1/14/2026 12:22:25 PM,Commercial,25000.00,NORTHSTAR COMMUNICATIONS INC,LPRM-2506840,,Trash,no_hvac_signal
F122,26000633,F122-26000633,https://apps-secure.phoenix.gov/PDD/Search/PermitDetails?permitNum=F122-26000633,F122-26000633,3050 S 35TH ST,PHOENIX,1/14/2026 12:19:39 PM,Commercial,0.00,SIEMENS INDUSTRY INC,FPPD-252544,,Trash,no_hvac_signal
BLD,26000630,BLD-26000630,https://apps-secure.phoenix.gov/PDD/Search/PermitDetails?permitNum=BLD-26000630,BLD-26000630,4239 W MCDOWELL RD,PHOENIX,1/14/2026 12:01:35 PM,Commercial,75000.00,X I T CONSTRUCTION LLC,LPRR-2506689,,Trash,no_hvac_signal
F122,26000629,F122-26000629,https://apps-secure.phoenix.gov/PDD/Search/PermitDetails?permitNum=F122-26000629,F122-26000629,1202 N 57TH AVE,PHOENIX,1/14/2026 11:59:11 AM,Commercial,0.00,BENSON SECURITY SYSTEMS,FPPD-252585,,Trash,no_hvac_signal
F122,26000629,F122-26000629,https://apps-secure.phoenix.gov/PDD/Search/PermitDetails?permitNum=F122-26000629,F122-26000629,1202 N 57TH AVE,PHOENIX,1/14/2026 11:59:11 AM,Commercial,0.00,BENSON SECURITY SYSTEMS,FPPD-252585,,Trash,no_hvac_signal
CSIT,26000628,CSIT-26000628,https://apps-secure.phoenix.gov/PDD/Search/PermitDetails?permitNum=CSIT-26000628,CSIT-26000628,2975 W DOVE VALLEY RD,PHOENIX,1/14/2026 11:53:19 AM,Commercial,0.00,GABLE FAMILY BUILDERS LLC,AMND-21-2669A3,,Trash,no_hvac_signal
PRLC,260006,PRLC-260006,https://apps-secure.phoenix.gov/PDD/Search/PermitDetails?permitNum=PRLC-260006,PRLC-260006,111 W ADAMS ST,PHOENIX,1/14/2026 11:53:13 AM,Commercial,0.00,TO BE BID,,,Trash,no_hvac_signal
F193,2600186,F193-2600186,https://apps-secure.phoenix.gov/PDD/Search/PermitDetails?permitNum=F193-2600186,F193-2600186,10452 S 25TH AVE,PHOENIX,1/14/2026 11:51:47 AM,Commercial,0.00,APOLLO SOLAR LLC,SPAD-0118386,,Trash,negative=solar(?: pv)?
WSHM,26000627,WSHM-26000627,https://apps-secure.phoenix.gov/PDD/Search/PermitDetails?permitNum=WSHM-26000627,WSHM-26000627,,PHOENIX,1/14/2026 11:46:46 AM,Commercial,0.00,WILLMENG CONSTRUCTION INC,SPAD-0717183,,Trash,no_hvac_signal
WSSD,26000626,WSSD-26000626,https://apps-secure.phoenix.gov/PDD/Search/PermitDetails?permitNum=WSSD-26000626,WSSD-26000626,4930 E GREENWAY RD,PHOENIX,1/14/2026 11:46:25 AM,Residential,0.00,SUMMIT FIRE PROTECTION CO,SPAD-0115695,,Trash,negative=fire
CSIT,26000624,CSIT-26000624,https://apps-secure.phoenix.gov/PDD/Search/PermitDetails?permitNum=CSIT-26000624,CSIT-26000624,2640 E MCDOWELL RD,PHOENIX,1/14/2026 11:42:14 AM,Commercial,0.00,RYTAN LLC,AMND-18-1117A2,,Trash,no_hvac_signal
CSIT,26000625,CSIT-26000625,https://apps-secure.phoenix.gov/PDD/Search/PermitDetails?permitNum=CSIT-26000625,CSIT-26000625,2640 E MCDOWELL RD,PHOENIX,1/14/2026 11:42:14 AM,Commercial,0.00,OWNER,AMND-18-1117A3,,Trash,no_hvac_signal
PAPP,2600227,PAPP-2600227,https://apps-secure.phoenix.gov/PDD/Search/PermitDetails?permitNum=PAPP-2600227,PAPP-2600227,8004 N 27TH AVE,PHOENIX,1/14/2026 11:41:51 AM,Commercial,0.00,TO BE BID,,,Trash,no_hvac_signal
ELEC,26000623,ELEC-26000623,https://apps-secure.phoenix.gov/PDD/Search/PermitDetails?permitNum=ELEC-26000623,ELEC-26000623,20440 N 23RD AVE,PHOENIX,1/14/2026 11:40:20 AM,Commercial,29169.00,S R BRAY LLC,LPRM-2507157,,Trash,no_hvac_signal
FPPD,260082,FPPD-260082,https://apps-secure.phoenix.gov/PDD/Search/PermitDetails?permitNum=FPPD-260082,FPPD-260082,6900 S 59TH AVE,PHOENIX,1/14/2026 11:40:00 AM,Commercial,0.00,VALLEY FIRE SPRINKLER INC,,,Trash,negative=fire|sprinkler
FPPD,260083,FPPD-260083,https://apps-secure.phoenix.gov/PDD/Search/PermitDetails?permitNum=FPPD-260083,FPPD-260083,6900 S 59TH AVE,PHOENIX,1/14/2026 11:40:00 AM,Commercial,0.00,VALLEY FIRE SPRINKLER INC,,,Trash,negative=fire|sprinkler
FPPD,260084,FPPD-260084,https://apps-secure.phoenix.gov/PDD/Search/PermitDetails?permitNum=FPPD-260084,FPPD-260084,6900 S 59TH AVE,PHOENIX,1/14/2026 11:40:00 AM,Commercial,0.00,VALLEY FIRE SPRINKLER INC,,,Trash,negative=fire|sprinkler
FPPD,260066,FPPD-260066,https://apps-secure.phoenix.gov/PDD/Search/PermitDetails?permitNum=FPPD-260066,FPPD-260066,6900 S 59TH AVE,PHOENIX,1/14/2026 11:39:59 AM,Commercial,0.00,VALLEY FIRE SPRINKLER INC,,,Trash,negative=fire|sprinkler
FPPD,260067,FPPD-260067,https://apps-secure.phoenix.gov/PDD/Search/PermitDetails?permitNum=FPPD-260067,FPPD-260067,6900 S 59TH AVE,PHOENIX,1/14/2026 11:39:59 AM,Commercial,0.00,VALLEY FIRE SPRINKLER INC,,,Trash,negative=fire|sprinkler
FPPD,260068,FPPD-260068,https://apps-secure.phoenix.gov/PDD/Search/PermitDetails?permitNum=FPPD-260068,FPPD-260068,6900 S 59TH AVE,PHOENIX,1/14/2026 11:39:59 AM,Commercial,0.00,VALLEY FIRE SPRINKLER INC,,,Trash,negative=fire|sprinkler
FPPD,260069,FPPD-260069,https://apps-secure.phoenix.gov/PDD/Search/PermitDetails?permitNum=FPPD-260069,FPPD-260069,6900 S 59TH AVE,PHOENIX,1/14/2026 11:39:59 AM,Commercial,0.00,VALLEY FIRE SPRINKLER INC,,,Trash,negative=fire|sprinkler
FPPD,260070,FPPD-260070,https://apps-secure.phoenix.gov/PDD/Search/PermitDetails?permitNum=FPPD-260070,FPPD-260070,6900 S 59TH AVE,PHOENIX,1/14/2026 11:39:59 AM,Commercial,0.00,VALLEY FIRE SPRINKLER INC,,,Trash,negative=fire|sprinkler
FPPD,260071,FPPD-260071,https://apps-secure.phoenix.gov/PDD/Search/PermitDetails?permitNum=FPPD-260071,FPPD-260071,6900 S 59TH AVE,PHOENIX,1/14/2026 11:39:59 AM,Commercial,0.00,VALLEY FIRE SPRINKLER INC,,,Trash,negative=fire|sprinkler
FPPD,260072,FPPD-260072,https://apps-secure.phoenix.gov/PDD/Search/PermitDetails?permitNum=FPPD-260072,FPPD-260072,6900 S 59TH AVE,PHOENIX,1/14/2026 11:39:59 AM,Commercial,0.00,VALLEY FIRE SPRINKLER INC,,,Trash,negative=fire|sprinkler
FPPD,260073,FPPD-260073,https://apps-secure.phoenix.gov/PDD/Search/PermitDetails?permitNum=FPPD-260073,FPPD-260073,6900 S 59TH AVE,PHOENIX,1/14/2026 11:39:59 AM,Commercial,0.00,VALLEY FIRE SPRINKLER INC,,,Trash,negative=fire|sprinkler
FPPD,260074,FPPD-260074,https://apps-secure.phoenix.gov/PDD/Search/PermitDetails?permitNum=FPPD-260074,FPPD-260074,6900 S 59TH AVE,PHOENIX,1/14/2026 11:39:59 AM,Commercial,0.00,VALLEY FIRE SPRINKLER INC,,,Trash,negative=fire|sprinkler
FPPD,260075,FPPD-260075,https://apps-secure.phoenix.gov/PDD/Search/PermitDetails?permitNum=FPPD-260075,FPPD-260075,6900 S 59TH AVE,PHOENIX,1/14/2026 11:39:59 AM,Commercial,0.00,VALLEY FIRE SPRINKLER INC,,,Trash,negative=fire|sprinkler
FPPD,260076,FPPD-260076,https://apps-secure.phoenix.gov/PDD/Search/PermitDetails?permitNum=FPPD-260076,FPPD-260076,6900 S 59TH AVE,PHOENIX,1/14/2026 11:39:59 AM,Commercial,0.00,VALLEY FIRE SPRINKLER INC,,,Trash,negative=fire|sprinkler
FPPD,260077,FPPD-260077,https://apps-secure.phoenix.gov/PDD/Search/PermitDetails?permitNum=FPPD-260077,FPPD-260077,6900 S 59TH AVE,PHOENIX,1/14/2026 11:39:59 AM,Commercial,0.00,VALLEY FIRE SPRINKLER INC,,,Trash,negative=fire|sprinkler
FPPD,260078,FPPD-260078,https://apps-secure.phoenix.gov/PDD/Search/PermitDetails?permitNum=FPPD-260078,FPPD-260078,6900 S 59TH AVE,PHOENIX,1/14/2026 11:39:59 AM,Commercial,0.00,VALLEY FIRE SPRINKLER INC,,,Trash,negative=fire|sprinkler
FPPD,260079,FPPD-260079,https://apps-secure.phoenix.gov/PDD/Search/PermitDetails?permitNum=FPPD-260079,FPPD-260079,6900 S 59TH AVE,PHOENIX,1/14/2026 11:39:59 AM,Commercial,0.00,VALLEY FIRE SPRINKLER INC,,,Trash,negative=fire|sprinkler
FPPD,260080,FPPD-260080,https://apps-secure.phoenix.gov/PDD/Search/PermitDetails?permitNum=FPPD-260080,FPPD-260080,6900 S 59TH AVE,PHOENIX,1/14/2026 11:39:59 AM,Commercial,0.00,VALLEY FIRE SPRINKLER INC,,,Trash,negative=fire|sprinkler
FPPD,260081,FPPD-260081,https://apps-secure.phoenix.gov/PDD/Search/PermitDetails?permitNum=FPPD-260081,FPPD-260081,6900 S 59TH AVE,PHOENIX,1/14/2026 11:39:59 AM,Commercial,0.00,VALLEY FIRE SPRINKLER INC,,,Trash,negative=fire|sprinkler
FPPD,260065,FPPD-260065,https://apps-secure.phoenix.gov/PDD/Search/PermitDetails?permitNum=FPPD-260065,FPPD-260065,5818 N 3RD AVE,PHOENIX,1/14/2026 11:39:07 AM,Commercial,0.00,ARIZONA FIRE PROTECTION INC.,,,Trash,negative=fire
F800,2600185,F800-2600185,https://apps-secure.phoenix.gov/PDD/Search/PermitDetails?permitNum=F800-2600185,F800-2600185,5018 E SUMMER MOON LN,PHOENIX,1/14/2026 11:32:05 AM,Commercial,0.00,ICON POWER LLC,SPAD-2404181,,Trash,no_hvac_signal
CRSC,2600226,CRSC-2600226,https://apps-secure.phoenix.gov/PDD/Search/PermitDetails?permitNum=CRSC-2600226,CRSC-2600226,4820 E OSBORN RD,PHOENIX,1/14/2026 11:29:04 AM,Residential,0.00,TO BE BID,,,Trash,no_hvac_signal
WSFT,26000622,WSFT-26000622,https://apps-secure.phoenix.gov/PDD/Search/PermitDetails?permitNum=WSFT-26000622,WSFT-26000622,832 N 11TH AVE,PHOENIX,1/14/2026 11:24:42 AM,Residential,0.00,RS ARCHITECTURE,SPAD-0524000,,Trash,no_hvac_signal
F209,2600181,F209-2600181,https://apps-secure.phoenix.gov/PDD/Search/PermitDetails?permitNum=F209-2600181,F209-2600181,2613 N 21ST ST,PHOENIX,1/14/2026 11:09:27 AM,Commercial,0.00,"VECTOR ENERGY, LLC",FPPR-251137,,Trash,no_hvac_signal
WSFT,26000621,WSFT-26000621,https://apps-secure.phoenix.gov/PDD/Search/PermitDetails?permitNum=WSFT-26000621,WSFT-26000621,3541 W LOWER BUCKEYE RD,PHOENIX,1/14/2026 11:09:20 AM,Commercial,0.00,ARIZONA FLOW TESTING LLC,CCPH-2300273,,Trash,no_hvac_signal
F140,2600180,F140-2600180,https://apps-secure.phoenix.gov/PDD/Search/PermitDetails?permitNum=F140-2600180,F140-2600180,2275 W PINNACLE PEAK RD,PHOENIX,1/14/2026 10:53:38 AM,Commercial,0.00,D&H UNITED FUELING SOLUTIONS INC,FPPR-260011,,Trash,no_hvac_signal
RVSN,2402034-01,RVSN-2402034-01,https://apps-secure.phoenix.gov/PDD/Search/PermitDetails?permitNum=RVSN-2402034-01,RVSN-2402034-01,2021 E VERDIN WAY,PHOENIX,1/14/2026 10:49:25 AM,Commercial,0.00,TAYLOR MORRISON ARIZONA INC,,,Trash,no_hvac_signal
S,26000619,S-26000619,https://apps-secure.phoenix.gov/PDD/Search/PermitDetails?permitNum=S-26000619,S-26000619,2311 W UTOPIA RD,PHOENIX,1/14/2026 10:43:23 AM,Commercial,1240.00,RAYMOND HANDLING SOLUTIONS INC.,LPRM-2505681,,Trash,no_hvac_signal
RVSN,2505855-01,RVSN-2505855-01,https://apps-secure.phoenix.gov/PDD/Search/PermitDetails?permitNum=RVSN-2505855-01,RVSN-2505855-01,350 E PINNACLE PEAK RD,PHOENIX,1/14/2026 10:35:04 AM,Commercial,0.00,CYH TECHNOLOGY USA LLC,,,Trash,no_hvac_signal
SCSR,2600223,SCSR-2600223,https://apps-secure.phoenix.gov/PDD/Search/PermitDetails?permitNum=SCSR-2600223,SCSR-2600223,13 S 36TH ST,PHOENIX,1/14/2026 10:32:05 AM,Commercial,0.00,TO BE BID,,,Trash,no_hvac_signal
CPMC,2600222,CPMC-2600222,https://apps-secure.phoenix.gov/PDD/Search/PermitDetails?permitNum=CPMC-2600222,CPMC-2600222,2964 W OSBORN RD,PHOENIX,1/14/2026 10:27:49 AM,Commercial,0.00,"GEOMECHANICS SOUTHWEST, INC.",,,Trash,no_hvac_signal
CDF,26000618,CDF-26000618,https://apps-secure.phoenix.gov/PDD/Search/PermitDetails?permitNum=CDF-26000618,CDF-26000618,,PHOENIX,1/14/2026 10:16:25 AM,Commercial,0.00,SAHUARO CONTRACTING COMPANY,CPPA-2500007,,Trash,no_hvac_signal
CDF,26000618,CDF-26000618,https://apps-secure.phoenix.gov/PDD/Search/PermitDetails?permitNum=CDF-26000618,CDF-26000618,,PHOENIX,1/14/2026 10:16:25 AM,Commercial,0.00,SAHUARO CONTRACTING COMPANY,CPPA-2500007,,Trash,no_hvac_signal
FACT,2600221,FACT-2600221,https://apps-secure.phoenix.gov/PDD/Search/PermitDetails?permitNum=FACT-2600221,FACT-2600221,1124 W PEORIA AVE,PHOENIX,1/14/2026 10:16:14 AM,Residential,0.00,TO BE BID,,,Trash,no_hvac_signal
CPA,26000617,CPA-26000617,https://apps-secure.phoenix.gov/PDD/Search/PermitDetails?permitNum=CPA-26000617,CPA-26000617,,PHOENIX,1/14/2026 10:14:44 AM,Commercial,0.00,M R TANNER CONSTRUCTION,CPPA-2500007,,Trash,no_hvac_signal
CPA,26000617,CPA-26000617,https://apps-secure.phoenix.gov/PDD/Search/PermitDetails?permitNum=CPA-26000617,CPA-26000617,,PHOENIX,1/14/2026 10:14:44 AM,Commercial,0.00,M R TANNER CONSTRUCTION,CPPA-2500007,,Trash,no_hvac_signal
OP,26000616,OP-26000616,https://apps-secure.phoenix.gov/PDD/Search/PermitDetails?permitNum=OP-26000616,OP-26000616,251 W WASHINGTON ST,PHOENIX,1/14/2026 10:13:38 AM,Commercial,2500.00,EMCOR SERVICES ARIZONA INC,AFPF-060503,,Trash,no_hvac_signal
OP,26000616,OP-26000616,https://apps-secure.phoenix.gov/PDD/Search/PermitDetails?permitNum=OP-26000616,OP-26000616,251 W WASHINGTON ST,PHOENIX,1/14/2026 10:13:38 AM,Commercial,2500.00,EMCOR SERVICES ARIZONA INC,AFPF-060503,,Trash,no_hvac_signal
LPSG,260049,LPSG-260049,https://apps-secure.phoenix.gov/PDD/Search/PermitDetails?permitNum=LPSG-260049,LPSG-260049,1625 W PINNACLE PEAK RD,PHOENIX,1/14/2026 10:12:53 AM,Commercial,2500.00,ASSOCIATED SIGN COMPANY,,,Trash,negative=sign
BLD,26000615,BLD-26000615,https://apps-secure.phoenix.gov/PDD/Search/PermitDetails?permitNum=BLD-26000615,BLD-26000615,1157 N 35TH AVE,PHOENIX,1/14/2026 10:12:09 AM,Commercial,125000.00,HORIZONS COMMERCIAL CONTRACTING L L C,LPRR-2504929,,Trash,no_hvac_signal
CLS,26000614,CLS-26000614,https://apps-secure.phoenix.gov/PDD/Search/PermitDetails?permitNum=CLS-26000614,CLS-26000614,2975 W DOVE VALLEY RD,PHOENIX,1/14/2026 10:11:52 AM,Commercial,0.00,HASHKNIFE HOTSHOTS LLC,LSPL-2501843,,Trash,no_hvac_signal
CCO,26000613,CCO-26000613,https://apps-secure.phoenix.gov/PDD/Search/PermitDetails?permitNum=CCO-26000613,CCO-26000613,,PHOENIX,1/14/2026 10:10:29 AM,Commercial,0.00,TEMCON CONCRETE CONSTRUCTION,CPPA-2500007,,Trash,no_hvac_signal
CCO,26000613,CCO-26000613,https://apps-secure.phoenix.gov/PDD/Search/PermitDetails?permitNum=CCO-26000613,CCO-26000613,,PHOENIX,1/14/2026 10:10:29 AM,Commercial,0.00,TEMCON CONCRETE CONSTRUCTION,CPPA-2500007,,Trash,no_hvac_signal
F105,26000612,F105-26000612,https://apps-secure.phoenix.gov/PDD/Search/PermitDetails?permitNum=F105-26000612,F105-26000612,5555 N 7TH ST,PHOENIX,1/14/2026 10:09:53 AM,Commercial,0.00,METRO FIRE EQUIPMENT,FPPD-252698,,Trash,negative=fire
CLS,26000611,CLS-26000611,https://apps-secure.phoenix.gov/PDD/Search/PermitDetails?permitNum=CLS-26000611,CLS-26000611,2975 W DOVE VALLEY RD,PHOENIX,1/14/2026 10:07:11 AM,Commercial,0.00,HASHKNIFE HOTSHOTS LLC,LSPL-2502270,,Trash,no_hvac_signal
F159,26000607,F159-26000607,https://apps-secure.phoenix.gov/PDD/Search/PermitDetails?permitNum=F159-26000607,F159-26000607,6900 S 59TH AVE,PHOENIX,1/14/2026 9:46:36 AM,Commercial,0.00,VALLEY FIRE SPRINKLER INC,FPPD-251898,,Trash,negative=fire|sprinkler
F159,26000608,F159-26000608,https://apps-secure.phoenix.gov/PDD/Search/PermitDetails?permitNum=F159-26000608,F159-26000608,6900 S 59TH AVE,PHOENIX,1/14/2026 9:46:36 AM,Commercial,0.00,VALLEY FIRE SPRINKLER INC,FPPD-252610,,Trash,negative=fire|sprinkler
F159,26000609,F159-26000609,https://apps-secure.phoenix.gov/PDD/Search/PermitDetails?permitNum=F159-26000609,F159-26000609,6900 S 59TH AVE,PHOENIX,1/14/2026 9:46:36 AM,Commercial,0.00,VALLEY FIRE SPRINKLER INC,FPPD-252605,,Trash,negative=fire|sprinkler
F159,26000610,F159-26000610,https://apps-secure.phoenix.gov/PDD/Search/PermitDetails?permitNum=F159-26000610,F159-26000610,6900 S 59TH AVE,PHOENIX,1/14/2026 9:46:36 AM,Commercial,0.00,VALLEY FIRE SPRINKLER INC,FPPD-252600,,Trash,negative=fire|sprinkler
F159,26000606,F159-26000606,https://apps-secure.phoenix.gov/PDD/Search/PermitDetails?permitNum=F159-26000606,F159-26000606,6900 S 59TH AVE,PHOENIX,1/14/2026 9:46:35 AM,Commercial,0.00,VALLEY FIRE SPRINKLER INC,FPPD-251899,,Trash,negative=fire|sprinkler
CGD,26000599,CGD-26000599,https://apps-secure.phoenix.gov/PDD/Search/PermitDetails?permitNum=CGD-26000599,CGD-26000599,32000 N 29TH AVE,PHOENIX,1/14/2026 9:39:21 AM,Commercial,0.00,KNOCHEL BROTHERS INC,RVSN-2301381-02,,Trash,no_hvac_signal
CGD,26000600,CGD-26000600,https://apps-secure.phoenix.gov/PDD/Search/PermitDetails?permitNum=CGD-26000600,CGD-26000600,32000 N 29TH AVE,PHOENIX,1/14/2026 9:39:21 AM,Commercial,0.00,KNOCHEL BROTHERS INC,RVSN-2301381-02,,Trash,no_hvac_signal
CGD,26000601,CGD-26000601,https://apps-secure.phoenix.gov/PDD/Search/PermitDetails?permitNum=CGD-26000601,CGD-26000601,32000 N 29TH AVE,PHOENIX,1/14/2026 9:39:21 AM,Commercial,0.00,KNOCHEL BROTHERS INC,RVSN-2301381-02,,Trash,no_hvac_signal
CGD,26000602,CGD-26000602,https://apps-secure.phoenix.gov/PDD/Search/PermitDetails?permitNum=CGD-26000602,CGD-26000602,32000 N 29TH AVE,PHOENIX,1/14/2026 9:39:21 AM,Commercial,0.00,KNOCHEL BROTHERS INC,RVSN-2301381-02,,Trash,no_hvac_signal
CGD,26000603,CGD-26000603,https://apps-secure.phoenix.gov/PDD/Search/PermitDetails?permitNum=CGD-26000603,CGD-26000603,32000 N 29TH AVE,PHOENIX,1/14/2026 9:39:21 AM,Commercial,0.00,KNOCHEL BROTHERS INC,RVSN-2301381-02,,Trash,no_hvac_signal
CUT,26000598,CUT-26000598,https://apps-secure.phoenix.gov/PDD/Search/PermitDetails?permitNum=CUT-26000598,CUT-26000598,5224 W ALAMEDA RD,PHOENIX,1/14/2026 9:16:45 AM,Commercial,0.00,CAN DO DRILLING N EXCAVATING LLC,SPAD-1904222,,Trash,no_hvac_signal
OP,26000596,OP-26000596,https://apps-secure.phoenix.gov/PDD/Search/PermitDetails?permitNum=OP-26000596,OP-26000596,2111 W FILLMORE ST,PHOENIX,1/14/2026 9:14:46 AM,Commercial,3000.00,TALIS CONSTRUCTION CORP.,SPAD-0217837,,Trash,no_hvac_signal
OP,26000595,OP-26000595,https://apps-secure.phoenix.gov/PDD/Search/PermitDetails?permitNum=OP-26000595,OP-26000595,2211 W ROOSEVELT ST,PHOENIX,1/14/2026 9:13:52 AM,Commercial,3000.00,TALIS CONSTRUCTION CORP.,SPAD-1301567,,Trash,no_hvac_signal
WSHM,26000594,WSHM-26000594,https://apps-secure.phoenix.gov/PDD/Search/PermitDetails?permitNum=WSHM-26000594,WSHM-26000594,,PHOENIX,1/14/2026 9:11:22 AM,Commercial,0.00,TAYLOR MORRISON ARIZONA INC,CSPH-2300016,,Trash,no_hvac_signal
F875,26000592,F875-26000592,https://apps-secure.phoenix.gov/PDD/Search/PermitDetails?permitNum=F875-26000592,F875-26000592,5640 S 16TH ST,PHOENIX,1/14/2026 9:08:38 AM,Commercial,0.00,METRO FIRE EQ,,,Trash,negative=fire
CPPA,2600218,CPPA-2600218,https://apps-secure.phoenix.gov/PDD/Search/PermitDetails?permitNum=CPPA-2600218,CPPA-2600218,111 N 17TH ST 2A,PHOENIX,1/14/2026 9:05:37 AM,Commercial,0.00,TO BE BID,,,Trash,no_hvac_signal
CLT,26000591,CLT-26000591,https://apps-secure.phoenix.gov/PDD/Search/PermitDetails?permitNum=CLT-26000591,CLT-26000591,500 N 20TH ST,PHOENIX,1/14/2026 8:58:24 AM,Commercial,0.00,KLASS SERVICES,CCPH-2400354,,Trash,no_hvac_signal
CLT,26000590,CLT-26000590,https://apps-secure.phoenix.gov/PDD/Search/PermitDetails?permitNum=CLT-26000590,CLT-26000590,500 N 20TH ST,PHOENIX,1/14/2026 8:56:27 AM,Commercial,0.00,KLASS SERVICES,CCPH-2400354,,Trash,no_hvac_signal
CLT,26000589,CLT-26000589,https://apps-secure.phoenix.gov/PDD/Search/PermitDetails?permitNum=CLT-26000589,CLT-26000589,500 N 20TH ST,PHOENIX,1/14/2026 8:53:50 AM,Commercial,0.00,KLASS SERVICES,CCPH-2400354,,Trash,no_hvac_signal
CLT,26000588,CLT-26000588,https://apps-secure.phoenix.gov/PDD/Search/PermitDetails?permitNum=CLT-26000588,CLT-26000588,500 N 20TH ST,PHOENIX,1/14/2026 8:50:38 AM,Commercial,0.00,KLASS SERVICES,CCPH-2400354,,Trash,no_hvac_signal
LPSC,2600216,LPSC-2600216,https://apps-secure.phoenix.gov/PDD/Search/PermitDetails?permitNum=LPSC-2600216,LPSC-2600216,1945 E INDIAN SCHOOL RD,PHOENIX,1/14/2026 8:26:03 AM,Commercial,350000.00,TO BE BID,,,Trash,no_hvac_signal
LPSC,2600217,LPSC-2600217,https://apps-secure.phoenix.gov/PDD/Search/PermitDetails?permitNum=LPSC-2600217,LPSC-2600217,4215 E BELL RD,PHOENIX,1/14/2026 8:26:03 AM,Commercial,200000.00,TO BE BID,,,Trash,no_hvac_signal
LPRM,2600215,LPRM-2600215,https://apps-secure.phoenix.gov/PDD/Search/PermitDetails?permitNum=LPRM-2600215,LPRM-2600215,350 E PINNACLE PEAK RD,PHOENIX,1/14/2026 8:21:59 AM,Commercial,75000.00,TOYOTALIFT OF ARIZONA INC.,,,Trash,no_hvac_signal
OME,26000585,OME-26000585,https://apps-secure.phoenix.gov/PDD/Search/PermitDetails?permitNum=OME-26000585,OME-26000585,9820 W CAMPBELL AVE,PHOENIX,1/14/2026 8:06:28 AM,Commercial,15000.00,PUBLIC WORKS I88,AFPF-110083,,Trash,no_hvac_signal
WSFT,26000584,WSFT-26000584,https://apps-secure.phoenix.gov/PDD/Search/PermitDetails?permitNum=WSFT-26000584,WSFT-26000584,3000 E CHAMBERS ST,PHOENIX,1/14/2026 8:02:03 AM,Commercial,0.00,ARIZONA FLOW TESTING LLC,SPAD-0209796,,Trash,no_hvac_signal
WSHM,26000583,WSHM-26000583,https://apps-secure.phoenix.gov/PDD/Search/PermitDetails?permitNum=WSHM-26000583,WSHM-26000583,18603 N 4TH DR,PHOENIX,1/14/2026 7:30:51 AM,Residential,0.00,OWNER,SPAD-0614652,,Trash,no_hvac_signal
OME,26000582,OME-26000582,https://apps-secure.phoenix.gov/PDD/Search/PermitDetails?permitNum=OME-26000582,OME-26000582,1202 N 3RD ST,PHOENIX,1/14/2026 7:15:32 AM,Commercial,12000.00,PUBLIC WORKS I88,AFPF-260004,,Trash,no_hvac_signal
LPRM,2600214,LPRM-2600214,https://apps-secure.phoenix.gov/PDD/Search/PermitDetails?permitNum=LPRM-2600214,LPRM-2600214,281 E MCKINLEY ST,PHOENIX,1/14/2026 7:00:59 AM,Commercial,100000.00,EAST MESA ELECTRIC LLC,,,Trash,no_hvac_signal
DSAP,26012,DSAP-26012,https://apps-secure.phoenix.gov/PDD/Search/PermitDetails?permitNum=DSAP-26012,DSAP-26012,20300 N 56TH ST,PHOENIX,1/14/2026 5:54:37 AM,Commercial,0.00,TO BE BID,,,Trash,no_hvac_signal
LSIS,2600213,LSIS-2600213,https://apps-secure.phoenix.gov/PDD/Search/PermitDetails?permitNum=LSIS-2600213,LSIS-2600213,2246 S CENTRAL AVE,PHOENIX,1/14/2026 4:42:32 AM,Commercial,0.00,TO BE BID,,,Trash,no_hvac_signal
SGNP,214948,SGNP-214948,https://apps-secure.phoenix.gov/PDD/Search/PermitDetails?permitNum=SGNP-214948,SGNP-214948,2412 E UNIVERSITY DR,PHOENIX,1/14/2026 12:00:00 AM,Commercial,8500.00,ROCKART INDUSTRIES LLC,LPSG-251257,,Trash,no_hvac_signal
SGNP,214949,SGNP-214949,https://apps-secure.phoenix.gov/PDD/Search/PermitDetails?permitNum=SGNP-214949,SGNP-214949,2412 E UNIVERSITY DR,PHOENIX,1/14/2026 12:00:00 AM,Commercial,8500.00,ROCKART INDUSTRIES LLC,LPSG-251257,,Trash,no_hvac_signal
SGNP,214950,SGNP-214950,https://apps-secure.phoenix.gov/PDD/Search/PermitDetails?permitNum=SGNP-214950,SGNP-214950,2412 E UNIVERSITY DR,PHOENIX,1/14/2026 12:00:00 AM,Commercial,8500.00,ROCKART INDUSTRIES LLC,LPSG-251257,,Trash,no_hvac_signal
SGNP,214951,SGNP-214951,https://apps-secure.phoenix.gov/PDD/Search/PermitDetails?permitNum=SGNP-214951,SGNP-214951,2412 E UNIVERSITY DR,PHOENIX,1/14/2026 12:00:00 AM,Commercial,8500.00,ROCKART INDUSTRIES LLC,LPSG-251257,,Trash,no_hvac_signal
SGNP,214952,SGNP-214952,https://apps-secure.phoenix.gov/PDD/Search/PermitDetails?permitNum=SGNP-214952,SGNP-214952,2412 E UNIVERSITY DR,PHOENIX,1/14/2026 12:00:00 AM,Commercial,8500.00,ROCKART INDUSTRIES LLC,LPSG-251257,,Trash,no_hvac_signal
SGNP,214943,SGNP-214943,https://apps-secure.phoenix.gov/PDD/Search/PermitDetails?permitNum=SGNP-214943,SGNP-214943,12040 N 35TH AVE,PHOENIX,1/14/2026 12:00:00 AM,Commercial,6000.00,FRANKLIN'S FINE SIGNS LLC,LPSG-251539,,Trash,no_hvac_signal
SGNP,214944,SGNP-214944,https://apps-secure.phoenix.gov/PDD/Search/PermitDetails?permitNum=SGNP-214944,SGNP-214944,12040 N 35TH AVE,PHOENIX,1/14/2026 12:00:00 AM,Commercial,6000.00,FRANKLIN'S FINE SIGNS LLC,LPSG-251539,,Trash,no_hvac_signal
OE,26000631,OE-26000631,https://apps-secure.phoenix.gov/PDD/Search/PermitDetails?permitNum=OE-26000631,OE-26000631,2339 E INDIAN SCHOOL RD,PHOENIX,1/14/2026 12:00:00 AM,Commercial,5000.00,ACOSTA ELEC INC,SPAD-0302855,,Trash,no_hvac_signal
OE,26000632,OE-26000632,https://apps-secure.phoenix.gov/PDD/Search/PermitDetails?permitNum=OE-26000632,OE-26000632,2337 E INDIAN SCHOOL RD,PHOENIX,1/14/2026 12:00:00 AM,Commercial,5000.00,ACOSTA ELEC INC,SPAD-2600046,,Trash,no_hvac_signal
CES,26000586,CES-26000586,https://apps-secure.phoenix.gov/PDD/Search/PermitDetails?permitNum=CES-26000586,CES-26000586,2804 W COLTER ST,PHOENIX,1/14/2026 12:00:00 AM,Commercial,0.00,HERNANDEZ MESQUITE LANDSCAPE SERVICES INC,LSIS-2505355,,Trash,no_hvac_signal
CLS,26000587,CLS-26000587,https://apps-secure.phoenix.gov/PDD/Search/PermitDetails?permitNum=CLS-26000587,CLS-26000587,2804 W COLTER ST,PHOENIX,1/14/2026 12:00:00 AM,Commercial,0.00,HERNANDEZ MESQUITE LANDSCAPE SERVICES INC,LSPL-2505356,,Trash,no_hvac_signal
CSW,26000643,CSW-26000643,https://apps-secure.phoenix.gov/PDD/Search/PermitDetails?permitNum=CSW-26000643,CSW-26000643,4250 W DOVE VALLEY RD,PHOENIX,1/14/2026 12:00:00 AM,Commercial,0.00,POWER CONTRACTING LLC,CPSW-2507225,,Trash,no_hvac_signal
CGD,26000644,CGD-26000644,https://apps-secure.phoenix.gov/PDD/Search/PermitDetails?permitNum=CGD-26000644,CGD-26000644,4250 W DOVE VALLEY RD,PHOENIX,1/14/2026 12:00:00 AM,Commercial,0.00,POWER CONTRACTING LLC,CPGD-2506321,,Trash,no_hvac_signal
LSPL,2600219,LSPL-2600219,https://apps-secure.phoenix.gov/PDD/Search/PermitDetails?permitNum=LSPL-2600219,LSPL-2600219,5617 S MONTEZUMA ST,PHOENIX,1/14/2026 12:00:00 AM,Residential,0.00,TO BE BID,,,Trash,no_hvac_signal
LSIS,2600220,LSIS-2600220,https://apps-secure.phoenix.gov/PDD/Search/PermitDetails?permitNum=LSIS-2600220,LSIS-2600220,5617 S MONTEZUMA ST,PHOENIX,1/14/2026 12:00:00 AM,Residential,0.00,TO BE BID,,,Trash,no_hvac_signal
OP,26000581,OP-26000581,https://apps-secure.phoenix.gov/PDD/Search/PermitDetails?permitNum=OP-26000581,OP-26000581,7649 N 18TH ST,PHOENIX,1/13/2026 8:21:14 PM,Commercial,50.00,"KINELLA CONSTRUCTION,LLC",,,Trash,no_hvac_signal
LPRM,2600212,LPRM-2600212,https://apps-secure.phoenix.gov/PDD/Search/PermitDetails?permitNum=LPRM-2600212,LPRM-2600212,2727 W GROVERS AVE,PHOENIX,1/13/2026 7:48:50 PM,Commercial,12000.00,TO BE BID,,,Trash,no_hvac_signal
RVSC,2400052-03,RVSC-2400052-03,https://apps-secure.phoenix.gov/PDD/Search/PermitDetails?permitNum=RVSC-2400052-03,RVSC-2400052-03,5725 E SHEA BLVD,PHOENIX,1/13/2026 7:16:58 PM,Commercial,100.00,TO BE BID,,,Trash,no_hvac_signal
PAPP,2600211,PAPP-2600211,https://apps-secure.phoenix.gov/PDD/Search/PermitDetails?permitNum=PAPP-2600211,PAPP-2600211,218 W WATKINS ST,PHOENIX,1/13/2026 6:02:54 PM,Commercial,0.00,TO BE BID,,,Trash,no_hvac_signal
PRDV,260005,PRDV-260005,https://apps-secure.phoenix.gov/PDD/Search/PermitDetails?permitNum=PRDV-260005,PRDV-260005,776 W COOLIDGE ST,PHOENIX,1/13/2026 5:45:08 PM,Residential,0.00,TO BE BID,,,Trash,no_hvac_signal
ELEC,26000580,ELEC-26000580,https://apps-secure.phoenix.gov/PDD/Search/PermitDetails?permitNum=ELEC-26000580,ELEC-26000580,4011 W CLARENDON AVE,PHOENIX,1/13/2026 5:29:14 PM,Commercial,80000.00,NOIR ELECTRIC L L C,LPRM-2507184,,Trash,no_hvac_signal
F194,2600177,F194-2600177,https://apps-secure.phoenix.gov/PDD/Search/PermitDetails?permitNum=F194-2600177,F194-2600177,2310 E CINNABAR AVE,PHOENIX,1/13/2026 5:14:43 PM,Commercial,0.00,SOLAR OPTIMUM INC.,FPPR-251292,,Trash,negative=solar(?: pv)?
LPSG,260047,LPSG-260047,https://apps-secure.phoenix.gov/PDD/Search/PermitDetails?permitNum=LPSG-260047,LPSG-260047,4312 W CACTUS RD,PHOENIX,1/13/2026 4:41:10 PM,Commercial,4500.00,GRACE SIGNS ARIZONA LLC,,,Trash,no_hvac_signal
CPFL,2600210,CPFL-2600210,https://apps-secure.phoenix.gov/PDD/Search/PermitDetails?permitNum=CPFL-2600210,CPFL-2600210,9677 W THOMAS RD,PHOENIX,1/13/2026 3:53:06 PM,Residential,0.00,TO BE BID,,,Trash,no_hvac_signal
F805,26000579,F805-26000579,https://apps-secure.phoenix.gov/PDD/Search/PermitDetails?permitNum=F805-26000579,F805-26000579,5013 E WASHINGTON ST,PHOENIX,1/13/2026 3:40:00 PM,Commercial,0.00,D H PACE SYSTEMS INTERGRATION,SPAD-0607163,,Trash,no_hvac_signal
F177,2600174,F177-2600174,https://apps-secure.phoenix.gov/PDD/Search/PermitDetails?permitNum=F177-2600174,F177-2600174,18403 N 19TH AVE,PHOENIX,1/13/2026 3:37:09 PM,Commercial,0.00,MILLENNIUM GAS SERVICES LLC,FPPR-251291,,Trash,no_hvac_signal
CDW,26000578,CDW-26000578,https://apps-secure.phoenix.gov/PDD/Search/PermitDetails?permitNum=CDW-26000578,CDW-26000578,3033 N ALGODON WAY,PHOENIX,1/13/2026 2:55:36 PM,Commercial,0.00,SHANE'S GRADING AND PAVING SERVICES INC,CPGD-2402872,,Trash,no_hvac_signal
F800,2600173,F800-2600173,https://apps-secure.phoenix.gov/PDD/Search/PermitDetails?permitNum=F800-2600173,F800-2600173,7524 N 7TH AVE,PHOENIX,1/13/2026 2:55:26 PM,Commercial,0.00,ONEWORLDENERGY LLC,SPAD-1010713,,Trash,no_hvac_signal
CCO,26000577,CCO-26000577,https://apps-secure.phoenix.gov/PDD/Search/PermitDetails?permitNum=CCO-26000577,CCO-26000577,3033 N ALGODON WAY,PHOENIX,1/13/2026 2:55:23 PM,Commercial,0.00,SHANE'S GRADING AND PAVING SERVICES INC,CPGD-2402872,,Trash,no_hvac_signal
CGD,26000576,CGD-26000576,https://apps-secure.phoenix.gov/PDD/Search/PermitDetails?permitNum=CGD-26000576,CGD-26000576,3033 N ALGODON WAY,PHOENIX,1/13/2026 2:53:41 PM,Commercial,0.00,SHANE'S GRADING AND PAVING SERVICES INC,CPGD-2402872,,Trash,no_hvac_signal
CPST,2600209,CPST-2600209,https://apps-secure.phoenix.gov/PDD/Search/PermitDetails?permitNum=CPST-2600209,CPST-2600209,441 N 26TH AVE,PHOENIX,1/13/2026 2:44:42 PM,Commercial,0.00,TO BE BID,,,Trash,no_hvac_signal
CES,26000574,CES-26000574,https://apps-secure.phoenix.gov/PDD/Search/PermitDetails?permitNum=CES-26000574,CES-26000574,12031 N TATUM BLVD,PHOENIX,1/13/2026 2:42:54 PM,Commercial,0.00,A TO TREE LANDSCAPE LLC,LSIS-2303881,,Trash,no_hvac_signal
RPV,26000573,RPV-26000573,https://apps-secure.phoenix.gov/PDD/Search/PermitDetails?permitNum=RPV-26000573,RPV-26000573,2014 N 94TH GLN,PHOENIX,1/13/2026 2:36:18 PM,Commercial,34500.00,INTY SOLAR LLC,SPAD-0410935,,Trash,negative=solar(?: pv)?
CPR,26000571,CPR-26000571,https://apps-secure.phoenix.gov/PDD/Search/PermitDetails?permitNum=CPR-26000571,CPR-26000571,8100 W ROOSEVELT ST,PHOENIX,1/13/2026 2:32:25 PM,Commercial,0.00,PRO LOW JOINT VENTURE LP,WSPR-2200045,,Trash,no_hvac_signal
CFB,26000572,CFB-26000572,https://apps-secure.phoenix.gov/PDD/Search/PermitDetails?permitNum=CFB-26000572,CFB-26000572,8100 W ROOSEVELT ST,PHOENIX,1/13/2026 2:32:25 PM,Commercial,0.00,REDPOINT CONTRACTING,WSPR-2200045,,Trash,no_hvac_signal
RPV,26000570,RPV-26000570,https://apps-secure.phoenix.gov/PDD/Search/PermitDetails?permitNum=RPV-26000570,RPV-26000570,7524 N 7TH AVE,PHOENIX,1/13/2026 2:30:09 PM,Commercial,18200.00,ONEWORLDENERGY LLC,SPAD-1010713,,Trash,no_hvac_signal
F159,26000569,F159-26000569,https://apps-secure.phoenix.gov/PDD/Search/PermitDetails?permitNum=F159-26000569,F159-26000569,744 W MOHAVE ST,PHOENIX,1/13/2026 2:28:13 PM,Commercial,0.00,FOOTHILL FIRE PROTECTION INC,FPPD-252692,,Trash,negative=fire
LPRM,2600207,LPRM-2600207,https://apps-secure.phoenix.gov/PDD/Search/PermitDetails?permitNum=LPRM-2600207,LPRM-2600207,100 N 3RD ST,PHOENIX,1/13/2026 1:59:55 PM,Commercial,100000.00,TO BE BID,AFPF-060324,,Trash,no_hvac_signal
LPRM,2600207,LPRM-2600207,https://apps-secure.phoenix.gov/PDD/Search/PermitDetails?permitNum=LPRM-2600207,LPRM-2600207,100 N 3RD ST,PHOENIX,1/13/2026 1:59:55 PM,Commercial,100000.00,TO BE BID,AFPF-060324,,Trash,no_hvac_signal
OP,26000568,OP-26000568,https://apps-secure.phoenix.gov/PDD/Search/PermitDetails?permitNum=OP-26000568,OP-26000568,17 E DUNLAP AVE,PHOENIX,1/13/2026 1:52:03 PM,Commercial,5000.00,ANDREW'S SERVICES INC,SPAD-99002343,,Trash,no_hvac_signal
LPRX,2600206,LPRX-2600206,https://apps-secure.phoenix.gov/PDD/Search/PermitDetails?permitNum=LPRX-2600206,LPRX-2600206,1825 N CENTRAL AVE,PHOENIX,1/13/2026 1:51:46 PM,Commercial,85000.00,TO BE BID,AFPF-070085,,Trash,no_hvac_signal
CLS,26000567,CLS-26000567,https://apps-secure.phoenix.gov/PDD/Search/PermitDetails?permitNum=CLS-26000567,CLS-26000567,1819 N 99TH AVE,PHOENIX,1/13/2026 1:46:05 PM,Commercial,0.00,R G A LLC,LSPL-2502901,,Trash,no_hvac_signal
RPV,26000565,RPV-26000565,https://apps-secure.phoenix.gov/PDD/Search/PermitDetails?permitNum=RPV-26000565,RPV-26000565,1725 W LAWRENCE LN,PHOENIX,1/13/2026 1:26:13 PM,Commercial,30750.00,ONEWORLDENERGY LLC,SPAD-0213882,,Trash,no_hvac_signal
FPPD,260064,FPPD-260064,https://apps-secure.phoenix.gov/PDD/Search/PermitDetails?permitNum=FPPD-260064,FPPD-260064,13430 N BLACK CANYON HWY,PHOENIX,1/13/2026 1:25:02 PM,Commercial,0.00,IMPACT FIRE SERVICES LLC,,,Trash,negative=fire
CLS,26000564,CLS-26000564,https://apps-secure.phoenix.gov/PDD/Search/PermitDetails?permitNum=CLS-26000564,CLS-26000564,32200 N 43RD AVE,PHOENIX,1/13/2026 1:24:46 PM,Commercial,0.00,OKLAND CONSTRUCTION COMPANY,LSPL-2503888,,Trash,no_hvac_signal
CLS,26000564,CLS-26000564,https://apps-secure.phoenix.gov/PDD/Search/PermitDetails?permitNum=CLS-26000564,CLS-26000564,32200 N 43RD AVE,PHOENIX,1/13/2026 1:24:46 PM,Commercial,0.00,OKLAND CONSTRUCTION COMPANY,LSPL-2503888,,Trash,no_hvac_signal
FPPD,260063,FPPD-260063,https://apps-secure.phoenix.gov/PDD/Search/PermitDetails?permitNum=FPPD-260063,FPPD-260063,200 S 35TH AVE,PHOENIX,1/13/2026 1:15:44 PM,Commercial,0.00,TO BE BID,,,Trash,no_hvac_signal
F112,26000563,F112-26000563,https://apps-secure.phoenix.gov/PDD/Search/PermitDetails?permitNum=F112-26000563,F112-26000563,230 S 49TH AVE,PHOENIX,1/13/2026 12:57:49 PM,Commercial,0.00,METRO FIRE EQ,CPFL-2506255,,Trash,negative=fire
LPSG,260046,LPSG-260046,https://apps-secure.phoenix.gov/PDD/Search/PermitDetails?permitNum=LPSG-260046,LPSG-260046,2837 E CHAMBERS ST,PHOENIX,1/13/2026 12:54:33 PM,Commercial,0.00,ASSOCIATED SIGN COMPANY,,,Trash,negative=sign
RPV,26000562,RPV-26000562,https://apps-secure.phoenix.gov/PDD/Search/PermitDetails?permitNum=RPV-26000562,RPV-26000562,5012 W ROWEL RD,PHOENIX,1/13/2026 12:47:02 PM,Commercial,73920.00,SOLAR OPTIMUM INC.,SPAD-0517466,,Trash,negative=solar(?: pv)?
F159,26000561,F159-26000561,https://apps-secure.phoenix.gov/PDD/Search/PermitDetails?permitNum=F159-26000561,F159-26000561,6637 E HEARN RD,PHOENIX,1/13/2026 12:44:53 PM,Commercial,0.00,U S A FIRE PROTECTION,FPPX-260043,,Trash,negative=fire
F875,26000558,F875-26000558,https://apps-secure.phoenix.gov/PDD/Search/PermitDetails?permitNum=F875-26000558,F875-26000558,11 N 45TH AVE,PHOENIX,1/13/2026 12:17:00 PM,Commercial,0.00,GOLDEN EAGLE INC,,,Trash,no_hvac_signal
CUT,26000557,CUT-26000557,https://apps-secure.phoenix.gov/PDD/Search/PermitDetails?permitNum=CUT-26000557,CUT-26000557,11 E VAN BUREN ST,PHOENIX,1/13/2026 12:12:36 PM,Commercial,0.00,ADB COMPANIES LLC,SDEV-2600001,,Trash,no_hvac_signal
CUT,26000554,CUT-26000554,https://apps-secure.phoenix.gov/PDD/Search/PermitDetails?permitNum=CUT-26000554,CUT-26000554,137 S 1ST AVE,PHOENIX,1/13/2026 12:04:02 PM,Commercial,0.00,ADB COMPANIES LLC,SDEV-2500001,,Trash,no_hvac_signal
SGNP,214936,SGNP-214936,https://apps-secure.phoenix.gov/PDD/Search/PermitDetails?permitNum=SGNP-214936,SGNP-214936,3607 S 12TH ST,PHOENIX,1/13/2026 12:03:56 PM,Commercial,40000.00,ASSOCIATED SIGN COMPANY,LPSG-251585,,Trash,negative=sign
F805,26000553,F805-26000553,https://apps-secure.phoenix.gov/PDD/Search/PermitDetails?permitNum=F805-26000553,F805-26000553,32200 N 43RD AVE,PHOENIX,1/13/2026 11:58:29 AM,Commercial,0.00,MARKETECH INT'L CORP. USA,FPPD-252572,,Trash,no_hvac_signal
F805,26000553,F805-26000553,https://apps-secure.phoenix.gov/PDD/Search/PermitDetails?permitNum=F805-26000553,F805-26000553,32200 N 43RD AVE,PHOENIX,1/13/2026 11:58:29 AM,Commercial,0.00,MARKETECH INT'L CORP. USA,FPPD-252572,,Trash,no_hvac_signal
RPDR,2600205,RPDR-2600205,https://apps-secure.phoenix.gov/PDD/Search/PermitDetails?permitNum=RPDR-2600205,RPDR-2600205,7014 E ASTER DR,PHOENIX,1/13/2026 11:57:55 AM,Residential,0.00,TO BE BID,,,Trash,no_hvac_signal
FPPD,260062,FPPD-260062,https://apps-secure.phoenix.gov/PDD/Search/PermitDetails?permitNum=FPPD-260062,FPPD-260062,4616 E SHEA BLVD,PHOENIX,1/13/2026 11:55:24 AM,Commercial,0.00,JK ALARMS OF AZ INC,,,Trash,no_hvac_signal
CPFL,2600204,CPFL-2600204,https://apps-secure.phoenix.gov/PDD/Search/PermitDetails?permitNum=CPFL-2600204,CPFL-2600204,30 W HADLEY ST,PHOENIX,1/13/2026 11:54:37 AM,Commercial,0.00,FORM ARIZONA LLC,,,Trash,no_hvac_signal
CPGD,2600203,CPGD-2600203,https://apps-secure.phoenix.gov/PDD/Search/PermitDetails?permitNum=CPGD-2600203,CPGD-2600203,30 W HADLEY ST,PHOENIX,1/13/2026 11:50:34 AM,Commercial,0.00,FORM ARIZONA LLC,,,Trash,no_hvac_signal
F809,26000552,F809-26000552,https://apps-secure.phoenix.gov/PDD/Search/PermitDetails?permitNum=F809-26000552,F809-26000552,102 W WATKINS ST,PHOENIX,1/13/2026 11:45:05 AM,Commercial,0.00,NOLIN FIRE SPRINKLERS INC,,,Trash,negative=fire
WSHM,26000551,WSHM-26000551,https://apps-secure.phoenix.gov/PDD/Search/PermitDetails?permitNum=WSHM-26000551,WSHM-26000551,734 E VINEYARD RD,PHOENIX,1/13/2026 11:44:36 AM,Commercial,0.00,OWNER,SPAD-0118711,,Trash,no_hvac_signal
FITM,2600171,FITM-2600171,https://apps-secure.phoenix.gov/PDD/Search/PermitDetails?permitNum=FITM-2600171,FITM-2600171,23047 N 15TH LN,PHOENIX,1/13/2026 11:43:44 AM,Commercial,0.00,TO BE BID,SPAD-0005497,,Trash,no_hvac_signal
WSFT,26000550,WSFT-26000550,https://apps-secure.phoenix.gov/PDD/Search/PermitDetails?permitNum=WSFT-26000550,WSFT-26000550,,PHOENIX,1/13/2026 11:43:12 AM,Commercial,0.00,CLOUSE ENGINEERING INC,SDEV-2300237,,Trash,no_hvac_signal
LSPL,2600202,LSPL-2600202,https://apps-secure.phoenix.gov/PDD/Search/PermitDetails?permitNum=LSPL-2600202,LSPL-2600202,3333 S CENTRAL AVE,PHOENIX,1/13/2026 11:40:10 AM,Commercial,0.00,TO BE BID,,,Trash,no_hvac_signal
S,26000548,S-26000548,https://apps-secure.phoenix.gov/PDD/Search/PermitDetails?permitNum=S-26000548,S-26000548,5088 W INNOVATION CIR,PHOENIX,1/13/2026 11:35:25 AM,Commercial,3689592.00,OKLAND CONSTRUCTION COMPANY,LPRM-2506477,,Trash,no_hvac_signal
S,26000548,S-26000548,https://apps-secure.phoenix.gov/PDD/Search/PermitDetails?permitNum=S-26000548,S-26000548,5088 W INNOVATION CIR,PHOENIX,1/13/2026 11:35:25 AM,Commercial,3689592.00,OKLAND CONSTRUCTION COMPANY,LPRM-2506477,,Trash,no_hvac_signal
CCO,26000539,CCO-26000539,https://apps-secure.phoenix.gov/PDD/Search/PermitDetails?permitNum=CCO-26000539,CCO-26000539,18017 N 64TH ST,PHOENIX,1/13/2026 11:33:15 AM,Commercial,0.00,K HOVNANIAN GREAT WESTERN BUILDING COMPANY LLC,CPPA-2504125,,Trash,no_hvac_signal
CDF,26000540,CDF-26000540,https://apps-secure.phoenix.gov/PDD/Search/PermitDetails?permitNum=CDF-26000540,CDF-26000540,18017 N 64TH ST,PHOENIX,1/13/2026 11:33:15 AM,Commercial,0.00,K HOVNANIAN GREAT WESTERN BUILDING COMPANY LLC,CPPA-2504125,,Trash,no_hvac_signal
CLS,26000541,CLS-26000541,https://apps-secure.phoenix.gov/PDD/Search/PermitDetails?permitNum=CLS-26000541,CLS-26000541,18017 N 64TH ST,PHOENIX,1/13/2026 11:33:15 AM,Commercial,0.00,K HOVNANIAN GREAT WESTERN BUILDING COMPANY LLC,LSPL-2505225,,Trash,no_hvac_signal
CLS,26000542,CLS-26000542,https://apps-secure.phoenix.gov/PDD/Search/PermitDetails?permitNum=CLS-26000542,CLS-26000542,18017 N 64TH ST,PHOENIX,1/13/2026 11:33:15 AM,Commercial,0.00,K HOVNANIAN GREAT WESTERN BUILDING COMPANY LLC,LSPL-2505225,,Trash,no_hvac_signal
CLS,26000543,CLS-26000543,https://apps-secure.phoenix.gov/PDD/Search/PermitDetails?permitNum=CLS-26000543,CLS-26000543,18017 N 64TH ST,PHOENIX,1/13/2026 11:33:15 AM,Commercial,0.00,K HOVNANIAN GREAT WESTERN BUILDING COMPANY LLC,LSPL-2505225,,Trash,no_hvac_signal
CPA,26000544,CPA-26000544,https://apps-secure.phoenix.gov/PDD/Search/PermitDetails?permitNum=CPA-26000544,CPA-26000544,18017 N 64TH ST,PHOENIX,1/13/2026 11:33:15 AM,Commercial,0.00,K HOVNANIAN GREAT WESTERN BUILDING COMPANY LLC,CPPA-2504125,,Trash,no_hvac_signal
CPR,26000545,CPR-26000545,https://apps-secure.phoenix.gov/PDD/Search/PermitDetails?permitNum=CPR-26000545,CPR-26000545,18017 N 64TH ST,PHOENIX,1/13/2026 11:33:15 AM,Commercial,0.00,K HOVNANIAN GREAT WESTERN BUILDING COMPANY LLC,CPPA-2504125,,Trash,no_hvac_signal
CWT,26000546,CWT-26000546,https://apps-secure.phoenix.gov/PDD/Search/PermitDetails?permitNum=CWT-26000546,CWT-26000546,18017 N 64TH ST,PHOENIX,1/13/2026 11:33:15 AM,Commercial,0.00,K HOVNANIAN GREAT WESTERN BUILDING COMPANY LLC,CPWT-2504288,,Trash,no_hvac_signal
CWT,26000547,CWT-26000547,https://apps-secure.phoenix.gov/PDD/Search/PermitDetails?permitNum=CWT-26000547,CWT-26000547,18017 N 64TH ST,PHOENIX,1/13/2026 11:33:15 AM,Commercial,0.00,K HOVNANIAN GREAT WESTERN BUILDING COMPANY LLC,CPWT-2504288,,Trash,no_hvac_signal
CLS,26000538,CLS-26000538,https://apps-secure.phoenix.gov/PDD/Search/PermitDetails?permitNum=CLS-26000538,CLS-26000538,20300 N CAVE CREEK RD,PHOENIX,1/13/2026 11:30:47 AM,Commercial,0.00,GANEM CONSTRUCTION LLC,LSPL-2501691,,Trash,no_hvac_signal
RPDR,2600201,RPDR-2600201,https://apps-secure.phoenix.gov/PDD/Search/PermitDetails?permitNum=RPDR-2600201,RPDR-2600201,13044 N 63RD ST,PHOENIX,1/13/2026 11:28:59 AM,Commercial,0.00,TO BE BID,,,Trash,no_hvac_signal
F100,26000537,F100-26000537,https://apps-secure.phoenix.gov/PDD/Search/PermitDetails?permitNum=F100-26000537,F100-26000537,32200 N 43RD AVE,PHOENIX,1/13/2026 11:26:33 AM,Commercial,0.00,SOUTHLAND INDUSTRIES INC,FPPD-252569,,Trash,no_hvac_signal
F100,26000537,F100-26000537,https://apps-secure.phoenix.gov/PDD/Search/PermitDetails?permitNum=F100-26000537,F100-26000537,32200 N 43RD AVE,PHOENIX,1/13/2026 11:26:33 AM,Commercial,0.00,SOUTHLAND INDUSTRIES INC,FPPD-252569,,Trash,no_hvac_signal
WSFT,26000536,WSFT-26000536,https://apps-secure.phoenix.gov/PDD/Search/PermitDetails?permitNum=WSFT-26000536,WSFT-26000536,6566 E CHENEY DR,PHOENIX,1/13/2026 11:20:37 AM,Commercial,0.00,LAND DEVELOPMENT GROUP LLC,SDEV-2600006,,Trash,no_hvac_signal
RPV,26000535,RPV-26000535,https://apps-secure.phoenix.gov/PDD/Search/PermitDetails?permitNum=RPV-26000535,RPV-26000535,20248 N 17TH PL,PHOENIX,1/13/2026 11:16:23 AM,Commercial,21120.00,SOLAR OPTIMUM INC.,SPAD-1407095,,Trash,negative=solar(?: pv)?
CUT,26000534,CUT-26000534,https://apps-secure.phoenix.gov/PDD/Search/PermitDetails?permitNum=CUT-26000534,CUT-26000534,305 E VAN BUREN ST,PHOENIX,1/13/2026 10:59:17 AM,Commercial,0.00,ADB COMPANIES LLC,SDEV-2500001,,Trash,no_hvac_signal
F140,2600170,F140-2600170,https://apps-secure.phoenix.gov/PDD/Search/PermitDetails?permitNum=F140-2600170,F140-2600170,3618 W BUCKEYE RD,PHOENIX,1/13/2026 10:56:15 AM,Commercial,0.00,TANK SOLUTIONS,FPPR-251261,,Trash,no_hvac_signal
WSFT,26000533,WSFT-26000533,https://apps-secure.phoenix.gov/PDD/Search/PermitDetails?permitNum=WSFT-26000533,WSFT-26000533,300 W CLARENDON AVE,PHOENIX,1/13/2026 10:52:58 AM,Commercial,0.00,RCI SYSTEMS INC,SPAD-1705120,,Trash,no_hvac_signal
LPRR,2600200,LPRR-2600200,https://apps-secure.phoenix.gov/PDD/Search/PermitDetails?permitNum=LPRR-2600200,LPRR-2600200,2512 W DUNLAP AVE,PHOENIX,1/13/2026 10:49:26 AM,Commercial,24000000.00,TO BE BID,,,Trash,no_hvac_signal
OE,26000532,OE-26000532,https://apps-secure.phoenix.gov/PDD/Search/PermitDetails?permitNum=OE-26000532,OE-26000532,11061 N 50TH ST,PHOENIX,1/13/2026 10:35:09 AM,Commercial,5000.00,ELECTRIC LEE INC,,,Trash,no_hvac_signal
F875,26000531,F875-26000531,https://apps-secure.phoenix.gov/PDD/Search/PermitDetails?permitNum=F875-26000531,F875-26000531,1646 E MCDOWELL RD,PHOENIX,1/13/2026 10:30:55 AM,Commercial,0.00,A3 SMART HOME LP,,,Trash,no_hvac_signal
WSHM,26000529,WSHM-26000529,https://apps-secure.phoenix.gov/PDD/Search/PermitDetails?permitNum=WSHM-26000529,WSHM-26000529,6202 E LAFAYETTE BLVD,PHOENIX,1/13/2026 10:26:36 AM,Commercial,0.00,C M T CONTRACTORS LLC,SPAD-2105386,,Trash,no_hvac_signal
WSFT,26000528,WSFT-26000528,https://apps-secure.phoenix.gov/PDD/Search/PermitDetails?permitNum=WSFT-26000528,WSFT-26000528,4011 W CLARENDON AVE,PHOENIX,1/13/2026 10:25:42 AM,Commercial,0.00,AERO AUTOMATIC SPRINKLER COMPANY,SPAD-1206078,,Trash,negative=sprinkler
BLD,26000527,BLD-26000527,https://apps-secure.phoenix.gov/PDD/Search/PermitDetails?permitNum=BLD-26000527,BLD-26000527,9250 W THOMAS RD,PHOENIX,1/13/2026 10:19:38 AM,Commercial,300000.00,WESPAC CONSTRUCTION,LPRR-2506117,,Trash,no_hvac_signal
WSDC,26000526,WSDC-26000526,https://apps-secure.phoenix.gov/PDD/Search/PermitDetails?permitNum=WSDC-26000526,WSDC-26000526,,PHOENIX,1/13/2026 10:12:02 AM,Commercial,0.00,BREINHOLT CONTRACTING CO INC,SDEV-1500033,,Trash,no_hvac_signal
CPFL,2600197,CPFL-2600197,https://apps-secure.phoenix.gov/PDD/Search/PermitDetails?permitNum=CPFL-2600197,CPFL-2600197,3800 S 38TH ST,PHOENIX,1/13/2026 10:10:05 AM,Commercial,0.00,TO BE BID,CCPH-2400179,,Trash,no_hvac_signal
WSFT,26000525,WSFT-26000525,https://apps-secure.phoenix.gov/PDD/Search/PermitDetails?permitNum=WSFT-26000525,WSFT-26000525,4832 S CENTRAL AVE,PHOENIX,1/13/2026 10:00:08 AM,Commercial,0.00,COMPLETE FIRE PROTECTION INC,CCPH-2400465,,Trash,negative=fire
LPSG,260045,LPSG-260045,https://apps-secure.phoenix.gov/PDD/Search/PermitDetails?permitNum=LPSG-260045,LPSG-260045,3950 E INDIAN SCHOOL RD,PHOENIX,1/13/2026 9:58:45 AM,Commercial,8000.00,TOTAL SIGNS & GRAPHICS LLC,,,Trash,no_hvac_signal
F159,26000521,F159-26000521,https://apps-secure.phoenix.gov/PDD/Search/PermitDetails?permitNum=F159-26000521,F159-26000521,6900 S 59TH AVE,PHOENIX,1/13/2026 9:55:35 AM,Commercial,0.00,VALLEY FIRE SPRINKLER INC,FPPD-251906,,Trash,negative=fire|sprinkler
F159,26000522,F159-26000522,https://apps-secure.phoenix.gov/PDD/Search/PermitDetails?permitNum=F159-26000522,F159-26000522,6900 S 59TH AVE,PHOENIX,1/13/2026 9:55:35 AM,Commercial,0.00,VALLEY FIRE SPRINKLER INC,FPPD-252614,,Trash,negative=fire|sprinkler
F159,26000523,F159-26000523,https://apps-secure.phoenix.gov/PDD/Search/PermitDetails?permitNum=F159-26000523,F159-26000523,6900 S 59TH AVE,PHOENIX,1/13/2026 9:55:35 AM,Commercial,0.00,VALLEY FIRE SPRINKLER INC,FPPD-252609,,Trash,negative=fire|sprinkler
F159,26000524,F159-26000524,https://apps-secure.phoenix.gov/PDD/Search/PermitDetails?permitNum=F159-26000524,F159-26000524,6900 S 59TH AVE,PHOENIX,1/13/2026 9:55:35 AM,Commercial,0.00,VALLEY FIRE SPRINKLER INC,FPPD-252613,,Trash,negative=fire|sprinkler
F159,26000517,F159-26000517,https://apps-secure.phoenix.gov/PDD/Search/PermitDetails?permitNum=F159-26000517,F159-26000517,6900 S 59TH AVE,PHOENIX,1/13/2026 9:55:34 AM,Commercial,0.00,VALLEY FIRE SPRINKLER INC,FPPD-251901,,Trash,negative=fire|sprinkler
F159,26000518,F159-26000518,https://apps-secure.phoenix.gov/PDD/Search/PermitDetails?permitNum=F159-26000518,F159-26000518,6900 S 59TH AVE,PHOENIX,1/13/2026 9:55:34 AM,Commercial,0.00,VALLEY FIRE SPRINKLER INC,FPPD-251900,,Trash,negative=fire|sprinkler
F159,26000519,F159-26000519,https://apps-secure.phoenix.gov/PDD/Search/PermitDetails?permitNum=F159-26000519,F159-26000519,6900 S 59TH AVE,PHOENIX,1/13/2026 9:55:34 AM,Commercial,0.00,VALLEY FIRE SPRINKLER INC,FPPD-251905,,Trash,negative=fire|sprinkler
F159,26000520,F159-26000520,https://apps-secure.phoenix.gov/PDD/Search/PermitDetails?permitNum=F159-26000520,F159-26000520,6900 S 59TH AVE,PHOENIX,1/13/2026 9:55:34 AM,Commercial,0.00,VALLEY FIRE SPRINKLER INC,FPPD-251907,,Trash,negative=fire|sprinkler
LPRN,2600195,LPRN-2600195,https://apps-secure.phoenix.gov/PDD/Search/PermitDetails?permitNum=LPRN-2600195,LPRN-2600195,4357 E MCDOWELL RD,PHOENIX,1/13/2026 9:37:44 AM,Commercial,2000000.00,JOHANNES JEFFREY,,,Trash,no_hvac_signal
F875,26000516,F875-26000516,https://apps-secure.phoenix.gov/PDD/Search/PermitDetails?permitNum=F875-26000516,F875-26000516,20930 N TATUM BLVD,PHOENIX,1/13/2026 9:35:15 AM,Commercial,0.00,SUMMIT FIRE PROTECTION CO,,,Trash,negative=fire
TCO,26000515,TCO-26000515,https://apps-secure.phoenix.gov/PDD/Search/PermitDetails?permitNum=TCO-26000515,TCO-26000515,31700 N 29TH AVE,PHOENIX,1/13/2026 9:30:14 AM,Commercial,3074997.00,IDM CONSTRUCTION AZ LLC,BLD-23021264,,Trash,no_hvac_signal
BLD,26000514,BLD-26000514,https://apps-secure.phoenix.gov/PDD/Search/PermitDetails?permitNum=BLD-26000514,BLD-26000514,2302 N CENTRAL AVE 511,PHOENIX,1/13/2026 9:21:04 AM,Commercial,51849.00,K KITTLE LLC,LPBI-2600141,,Trash,no_hvac_signal
RPV,26000513,RPV-26000513,https://apps-secure.phoenix.gov/PDD/Search/PermitDetails?permitNum=RPV-26000513,RPV-26000513,12415 N 38TH PL,PHOENIX,1/13/2026 9:19:49 AM,Commercial,34500.00,INTY SOLAR LLC,SPAD-1105546,,Trash,negative=solar(?: pv)?
DEM,26000512,DEM-26000512,https://apps-secure.phoenix.gov/PDD/Search/PermitDetails?permitNum=DEM-26000512,DEM-26000512,705 N 1ST ST,PHOENIX,1/13/2026 9:09:27 AM,Commercial,14000.00,DANU CONST. LLC,DEM-25017277,,Trash,no_hvac_signal
LPRM,2600194,LPRM-2600194,https://apps-secure.phoenix.gov/PDD/Search/PermitDetails?permitNum=LPRM-2600194,LPRM-2600194,1531 E MISSOURI AVE,PHOENIX,1/13/2026 9:08:00 AM,Commercial,0.00,TO BE BID,AFPF-140078,,Trash,no_hvac_signal
F176,2600165,F176-2600165,https://apps-secure.phoenix.gov/PDD/Search/PermitDetails?permitNum=F176-2600165,F176-2600165,13221 N 34TH ST,PHOENIX,1/13/2026 8:58:32 AM,Commercial,0.00,MILLENNIUM GAS SERVICES LLC,FPPR-251246,,Trash,no_hvac_signal
WSDC,26000511,WSDC-26000511,https://apps-secure.phoenix.gov/PDD/Search/PermitDetails?permitNum=WSDC-26000511,WSDC-26000511,2800 W SONORAN DESERT DR,PHOENIX,1/13/2026 8:57:16 AM,Commercial,0.00,K HOVNANIAN GREAT WESTERN BLDG - EAST DIV. CO. LLC,SDEV-2200029,,Trash,no_hvac_signal
TCO,26000510,TCO-26000510,https://apps-secure.phoenix.gov/PDD/Search/PermitDetails?permitNum=TCO-26000510,TCO-26000510,1935 W BROADWAY RD,PHOENIX,1/13/2026 8:54:59 AM,Commercial,10400000.00,TLW CONSTRUCTION INC,BLD-24017324,,Trash,no_hvac_signal
SCSR,2600193,SCSR-2600193,https://apps-secure.phoenix.gov/PDD/Search/PermitDetails?permitNum=SCSR-2600193,SCSR-2600193,12825 N 8TH AVE,PHOENIX,1/13/2026 8:44:45 AM,Residential,0.00,OWNER,,,Trash,no_hvac_signal
WSSD,26000509,WSSD-26000509,https://apps-secure.phoenix.gov/PDD/Search/PermitDetails?permitNum=WSSD-26000509,WSSD-26000509,2502 E CAMELBACK RD,PHOENIX,1/13/2026 8:42:28 AM,Commercial,0.00,JOHNSON CONTROLS INC,SPAD-2503457,,Trash,no_hvac_signal
F809,26000508,F809-26000508,https://apps-secure.phoenix.gov/PDD/Search/PermitDetails?permitNum=F809-26000508,F809-26000508,10810 N TATUM BLVD,PHOENIX,1/13/2026 8:42:15 AM,Commercial,0.00,NOLIN FIRE SPRINKLERS INC,,,Trash,negative=fire
SE,26000507,SE-26000507,https://apps-secure.phoenix.gov/PDD/Search/PermitDetails?permitNum=SE-26000507,SE-26000507,921 E ROESER RD,PHOENIX,1/13/2026 8:39:30 AM,Commercial,30000.00,PACIFIC NETWORK SOLUTIONS CONSTRUCTION LLC,LPRM-2506771,,Trash,no_hvac_signal
BLD,26000506,BLD-26000506,https://apps-secure.phoenix.gov/PDD/Search/PermitDetails?permitNum=BLD-26000506,BLD-26000506,4601 E MCDOWELL RD,PHOENIX,1/13/2026 8:37:17 AM,Commercial,75000.00,A2Z ROOTER & PLUMBING LLC,LPRR-2506325,,Trash,negative=plumb(?:ing)?
CPGD,2600192,CPGD-2600192,https://apps-secure.phoenix.gov/PDD/Search/PermitDetails?permitNum=CPGD-2600192,CPGD-2600192,821 N 11TH AVE,PHOENIX,1/13/2026 8:35:47 AM,Commercial,0.00,TO BE BID,,,Trash,no_hvac_signal
FPPR,260025,FPPR-260025,https://apps-secure.phoenix.gov/PDD/Search/PermitDetails?permitNum=FPPR-260025,FPPR-260025,13000 N TATUM BLVD,PHOENIX,1/13/2026 8:28:26 AM,Residential,0.00,M T BUILDERS L L C,SPAD-2303750,,Trash,no_hvac_signal
WSHM,26000505,WSHM-26000505,https://apps-secure.phoenix.gov/PDD/Search/PermitDetails?permitNum=WSHM-26000505,WSHM-26000505,2125 S 41ST AVE,PHOENIX,1/13/2026 8:13:28 AM,Residential,0.00,TORRENT RESOURCES INCORPORATED,CCPH-2500029,,Trash,no_hvac_signal
FPPD,260061,FPPD-260061,https://apps-secure.phoenix.gov/PDD/Search/PermitDetails?permitNum=FPPD-260061,FPPD-260061,1731 W BELL RD,PHOENIX,1/13/2026 8:13:15 AM,Commercial,0.00,HAWORTH CORPORATION,,,Trash,no_hvac_signal
FPPD,260060,FPPD-260060,https://apps-secure.phoenix.gov/PDD/Search/PermitDetails?permitNum=FPPD-260060,FPPD-260060,1919 W WHISPERING WIND DR,PHOENIX,1/13/2026 8:07:43 AM,Commercial,0.00,SUN STATE BUILDERS,,,Trash,no_hvac_signal
WSHM,26000504,WSHM-26000504,https://apps-secure.phoenix.gov/PDD/Search/PermitDetails?permitNum=WSHM-26000504,WSHM-26000504,,PHOENIX,1/13/2026 7:54:59 AM,Residential,0.00,PULTE HOME CORPORATION,CSPH-2500026,,Trash,no_hvac_signal
WSHM,26000503,WSHM-26000503,https://apps-secure.phoenix.gov/PDD/Search/PermitDetails?permitNum=WSHM-26000503,WSHM-26000503,4421 N 100TH DR,PHOENIX,1/13/2026 7:45:16 AM,Commercial,0.00,KNOCHEL BROTHERS INC,SDEV-2600004,,Trash,no_hvac_signal
F805,26000502,F805-26000502,https://apps-secure.phoenix.gov/PDD/Search/PermitDetails?permitNum=F805-26000502,F805-26000502,2625 S 19TH AVE,PHOENIX,1/13/2026 7:31:08 AM,Commercial,0.00,HILLER COMPANIES INC (THE),AFPF-060406,,Trash,no_hvac_signal
F805,26000502,F805-26000502,https://apps-secure.phoenix.gov/PDD/Search/PermitDetails?permitNum=F805-26000502,F805-26000502,2625 S 19TH AVE,PHOENIX,1/13/2026 7:31:08 AM,Commercial,0.00,HILLER COMPANIES INC (THE),AFPF-060406,,Trash,no_hvac_signal
DSAP,26011,DSAP-26011,https://apps-secure.phoenix.gov/PDD/Search/PermitDetails?permitNum=DSAP-26011,DSAP-26011,2210 W MORTEN AVE,PHOENIX,1/13/2026 6:44:47 AM,Commercial,0.00,TO BE BID,,,Trash,no_hvac_signal
LPSG,260044,LPSG-260044,https://apps-secure.phoenix.gov/PDD/Search/PermitDetails?permitNum=LPSG-260044,LPSG-260044,21050 N TATUM BLVD,PHOENIX,1/13/2026 6:40:05 AM,Commercial,4445.00,ROCKART INDUSTRIES LLC,,,Trash,no_hvac_signal
FPPD,260058,FPPD-260058,https://apps-secure.phoenix.gov/PDD/Search/PermitDetails?permitNum=FPPD-260058,FPPD-260058,400 N 75TH AVE,PHOENIX,1/13/2026 6:27:34 AM,Residential,0.00,TO BE BID,,,Trash,no_hvac_signal
FPPD,260059,FPPD-260059,https://apps-secure.phoenix.gov/PDD/Search/PermitDetails?permitNum=FPPD-260059,FPPD-260059,2840 W CACTUS RD,PHOENIX,1/13/2026 6:27:34 AM,Residential,0.00,ALLIED FIRE PROTECTION,,,Trash,negative=fire
SGNP,214935,SGNP-214935,https://apps-secure.phoenix.gov/PDD/Search/PermitDetails?permitNum=SGNP-214935,SGNP-214935,5088 W INNOVATION CIR,PHOENIX,1/13/2026 12:00:00 AM,Commercial,246760.00,TRADEMARK VISUAL INC,LPSG-260032,,Trash,no_hvac_signal
SGNP,214940,SGNP-214940,https://apps-secure.phoenix.gov/PDD/Search/PermitDetails?permitNum=SGNP-214940,SGNP-214940,33 W PINNACLE PEAK RD,PHOENIX,1/13/2026 12:00:00 AM,Commercial,1000.00,DAVIS INTERIOR GRAPHICS & SIGNS LLC,LPSG-251469,,Trash,no_hvac_signal
SGNP,214941,SGNP-214941,https://apps-secure.phoenix.gov/PDD/Search/PermitDetails?permitNum=SGNP-214941,SGNP-214941,33 W PINNACLE PEAK RD,PHOENIX,1/13/2026 12:00:00 AM,Commercial,1000.00,DAVIS INTERIOR GRAPHICS & SIGNS LLC,LPSG-251469,,Trash,no_hvac_signal
SGNP,214942,SGNP-214942,https://apps-secure.phoenix.gov/PDD/Search/PermitDetails?permitNum=SGNP-214942,SGNP-214942,17464 N 25TH AVE,PHOENIX,1/13/2026 12:00:00 AM,Commercial,1000.00,DAVIS INTERIOR GRAPHICS & SIGNS LLC,LPSG-251470,,Trash,no_hvac_signal
SGNP,214937,SGNP-214937,https://apps-secure.phoenix.gov/PDD/Search/PermitDetails?permitNum=SGNP-214937,SGNP-214937,740 N 52ND ST,PHOENIX,1/13/2026 12:00:00 AM,Commercial,0.00,ASSOCIATED SIGN COMPANY,LPSG-251592,,Trash,negative=sign
SGNP,214938,SGNP-214938,https://apps-secure.phoenix.gov/PDD/Search/PermitDetails?permitNum=SGNP-214938,SGNP-214938,740 N 52ND ST,PHOENIX,1/13/2026 12:00:00 AM,Commercial,0.00,ASSOCIATED SIGN COMPANY,LPSG-251592,,Trash,negative=sign
SGNP,214939,SGNP-214939,https://apps-secure.phoenix.gov/PDD/Search/PermitDetails?permitNum=SGNP-214939,SGNP-214939,740 N 52ND ST,PHOENIX,1/13/2026 12:00:00 AM,Commercial,0.00,ASSOCIATED SIGN COMPANY,LPSG-251592,,Trash,negative=sign
CHG,26000530,CHG-26000530,https://apps-secure.phoenix.gov/PDD/Search/PermitDetails?permitNum=CHG-26000530,CHG-26000530,10640 S CENTRAL AVE,PHOENIX,1/13/2026 12:00:00 AM,Commercial,0.00,CHASSE BUILDING TEAM INC,CPHG-2506156,,Trash,no_hvac_signal
RPV,26000500,RPV-26000500,https://apps-secure.phoenix.gov/PDD/Search/PermitDetails?permitNum=RPV-26000500,RPV-26000500,613 E LOMA LN,PHOENIX,1/12/2026 10:22:28 PM,Commercial,36960.00,OWNER,SPAD-1801245,,Trash,no_hvac_signal
LPRM,2600189,LPRM-2600189,https://apps-secure.phoenix.gov/PDD/Search/PermitDetails?permitNum=LPRM-2600189,LPRM-2600189,1043 N 47TH AVE,PHOENIX,1/12/2026 8:01:45 PM,Commercial,50000.00,RKZ ENTERPRISE LLC,,,Trash,no_hvac_signal
F800,2600162,F800-2600162,https://apps-secure.phoenix.gov/PDD/Search/PermitDetails?permitNum=F800-2600162,F800-2600162,12415 N 38TH PL,PHOENIX,1/12/2026 5:25:24 PM,Commercial,0.00,INTY SOLAR LLC,SPAD-1105546,,Trash,negative=solar(?: pv)?
CPGD,2600188,CPGD-2600188,https://apps-secure.phoenix.gov/PDD/Search/PermitDetails?permitNum=CPGD-2600188,CPGD-2600188,6840 N 13TH PL,PHOENIX,1/12/2026 5:07:55 PM,Residential,0.00,TO BE BID,CRPH-2007565,,Trash,no_hvac_signal
RVSN,2109912-58,RVSN-2109912-58,https://apps-secure.phoenix.gov/PDD/Search/PermitDetails?permitNum=RVSN-2109912-58,RVSN-2109912-58,32200 N 43RD AVE,PHOENIX,1/12/2026 4:40:40 PM,Residential,0.00,AUSTIN COMMERCIAL,PHAS-2109912-03,,Trash,no_hvac_signal
RVSN,2109912-58,RVSN-2109912-58,https://apps-secure.phoenix.gov/PDD/Search/PermitDetails?permitNum=RVSN-2109912-58,RVSN-2109912-58,32200 N 43RD AVE,PHOENIX,1/12/2026 4:40:40 PM,Residential,0.00,AUSTIN COMMERCIAL,PHAS-2109912-03,,Trash,no_hvac_signal
LPRM,2600187,LPRM-2600187,https://apps-secure.phoenix.gov/PDD/Search/PermitDetails?permitNum=LPRM-2600187,LPRM-2600187,32400 N 51ST AVE,PHOENIX,1/12/2026 4:33:10 PM,Commercial,1250000.00,"EXCEL CONTRACTORS, LLC",SPAD-2208087,,Trash,no_hvac_signal
LPRM,2600187,LPRM-2600187,https://apps-secure.phoenix.gov/PDD/Search/PermitDetails?permitNum=LPRM-2600187,LPRM-2600187,32400 N 51ST AVE,PHOENIX,1/12/2026 4:33:10 PM,Commercial,1250000.00,"EXCEL CONTRACTORS, LLC",SPAD-2208087,,Trash,no_hvac_signal
BLD,26000498,BLD-26000498,https://apps-secure.phoenix.gov/PDD/Search/PermitDetails?permitNum=BLD-26000498,BLD-26000498,4137 W ADAMS ST,PHOENIX,1/12/2026 4:29:57 PM,Commercial,303000.00,SUN BEST BUILDERS INC,LPRR-2506812,,Trash,no_hvac_signal
BLD,26000497,BLD-26000497,https://apps-secure.phoenix.gov/PDD/Search/PermitDetails?permitNum=BLD-26000497,BLD-26000497,21050 N TATUM BLVD,PHOENIX,1/12/2026 4:28:40 PM,Commercial,120000.00,REDROCK CONSTRUCTIONS LLC,LPRR-2506012,,Trash,no_hvac_signal
CPGD,2600186,CPGD-2600186,https://apps-secure.phoenix.gov/PDD/Search/PermitDetails?permitNum=CPGD-2600186,CPGD-2600186,9609 N 26TH PL,PHOENIX,1/12/2026 4:18:14 PM,Commercial,0.00,LAVENDER LANDSCAPE DESIGN CO LLC,,,Trash,no_hvac_signal
CPMC,2600185,CPMC-2600185,https://apps-secure.phoenix.gov/PDD/Search/PermitDetails?permitNum=CPMC-2600185,CPMC-2600185,,PHOENIX,1/12/2026 4:17:35 PM,Residential,0.00,TO BE BID,CCPH-2200294,,Trash,no_hvac_signal
F227,2600161,F227-2600161,https://apps-secure.phoenix.gov/PDD/Search/PermitDetails?permitNum=F227-2600161,F227-2600161,2935 E REDFIELD RD,PHOENIX,1/12/2026 4:16:59 PM,Residential,0.00,TESLA,SPAD-1500840,,Trash,no_hvac_signal
LPRM,2600184,LPRM-2600184,https://apps-secure.phoenix.gov/PDD/Search/PermitDetails?permitNum=LPRM-2600184,LPRM-2600184,100 N 3RD ST,PHOENIX,1/12/2026 4:14:22 PM,Commercial,52600.00,CONVENTION CENTER & THEATRICAL FACILITIES > I-295,AFPF-060324,,Trash,no_hvac_signal
LPRM,2600184,LPRM-2600184,https://apps-secure.phoenix.gov/PDD/Search/PermitDetails?permitNum=LPRM-2600184,LPRM-2600184,100 N 3RD ST,PHOENIX,1/12/2026 4:14:22 PM,Commercial,52600.00,CONVENTION CENTER & THEATRICAL FACILITIES > I-295,AFPF-060324,,Trash,no_hvac_signal
OE,26000496,OE-26000496,https://apps-secure.phoenix.gov/PDD/Search/PermitDetails?permitNum=OE-26000496,OE-26000496,32200 N 43RD AVE,PHOENIX,1/12/2026 4:13:19 PM,Commercial,54000.00,UNITED INTEGRATED SERVICES (USA) CORP,SPAD-2202996,,Trash,no_hvac_signal
OE,26000496,OE-26000496,https://apps-secure.phoenix.gov/PDD/Search/PermitDetails?permitNum=OE-26000496,OE-26000496,32200 N 43RD AVE,PHOENIX,1/12/2026 4:13:19 PM,Commercial,54000.00,UNITED INTEGRATED SERVICES (USA) CORP,SPAD-2202996,,Trash,no_hvac_signal
RPV,26000493,RPV-26000493,https://apps-secure.phoenix.gov/PDD/Search/PermitDetails?permitNum=RPV-26000493,RPV-26000493,2601 E WINDSOR AVE,PHOENIX,1/12/2026 3:53:43 PM,Commercial,32760.00,TESLA,SPAD-2600034,,Trash,no_hvac_signal
F122,26000492,F122-26000492,https://apps-secure.phoenix.gov/PDD/Search/PermitDetails?permitNum=F122-26000492,F122-26000492,4700 S 44TH PL,PHOENIX,1/12/2026 3:51:03 PM,Commercial,0.00,SERENITY FIRE LLC,FPPD-252655,,Trash,negative=fire
F227,2600160,F227-2600160,https://apps-secure.phoenix.gov/PDD/Search/PermitDetails?permitNum=F227-2600160,F227-2600160,3830 W VOGEL AVE,PHOENIX,1/12/2026 3:49:54 PM,Residential,0.00,TESLA,SPAD-2205995,,Trash,no_hvac_signal
PRLM,2600182,PRLM-2600182,https://apps-secure.phoenix.gov/PDD/Search/PermitDetails?permitNum=PRLM-2600182,PRLM-2600182,3737 W CAREFREE HWY,PHOENIX,1/12/2026 3:32:51 PM,Residential,0.00,TO BE BID,,,Trash,no_hvac_signal
DSAP,26010,DSAP-26010,https://apps-secure.phoenix.gov/PDD/Search/PermitDetails?permitNum=DSAP-26010,DSAP-26010,777 E STELLA LN,PHOENIX,1/12/2026 3:30:26 PM,Residential,0.00,TO BE BID,,,Trash,no_hvac_signal
S,26000491,S-26000491,https://apps-secure.phoenix.gov/PDD/Search/PermitDetails?permitNum=S-26000491,S-26000491,5088 W INNOVATION CIR,PHOENIX,1/12/2026 3:27:32 PM,Residential,0.00,SUN VALLEY MASONRY,CGD-25011186,,Trash,no_hvac_signal
SGNP,214934,SGNP-214934,https://apps-secure.phoenix.gov/PDD/Search/PermitDetails?permitNum=SGNP-214934,SGNP-214934,13470 N 7TH ST,PHOENIX,1/12/2026 3:23:49 PM,Commercial,0.00,JAYCO SIGNS L L C,LPSG-260017,,Trash,no_hvac_signal
SGNP,214933,SGNP-214933,https://apps-secure.phoenix.gov/PDD/Search/PermitDetails?permitNum=SGNP-214933,SGNP-214933,13470 N 7TH ST,PHOENIX,1/12/2026 3:22:11 PM,Commercial,0.00,JAYCO SIGNS L L C,LPSG-260017,,Trash,no_hvac_signal
F227,2600159,F227-2600159,https://apps-secure.phoenix.gov/PDD/Search/PermitDetails?permitNum=F227-2600159,F227-2600159,2560 E QUIET HOLLOW LN,PHOENIX,1/12/2026 3:21:07 PM,Residential,0.00,TESLA,SPAD-0703314,,Trash,no_hvac_signal
F800,2600158,F800-2600158,https://apps-secure.phoenix.gov/PDD/Search/PermitDetails?permitNum=F800-2600158,F800-2600158,2601 E WINDSOR AVE,PHOENIX,1/12/2026 3:18:35 PM,Residential,0.00,TESLA,SPAD-2600034,,Trash,no_hvac_signal
F800,2600157,F800-2600157,https://apps-secure.phoenix.gov/PDD/Search/PermitDetails?permitNum=F800-2600157,F800-2600157,19007 N 47TH AVE,PHOENIX,1/12/2026 3:13:33 PM,Residential,0.00,TESLA,SPAD-2600015,,Trash,no_hvac_signal
F102,2600155,F102-2600155,https://apps-secure.phoenix.gov/PDD/Search/PermitDetails?permitNum=F102-2600155,F102-2600155,350 E PINNACLE PEAK RD,PHOENIX,1/12/2026 3:07:37 PM,Commercial,0.00,GLOBAL TRADE MARKETING INC,FPPD-251718,,Trash,no_hvac_signal
PAPP,2600181,PAPP-2600181,https://apps-secure.phoenix.gov/PDD/Search/PermitDetails?permitNum=PAPP-2600181,PAPP-2600181,2121 W PINNACLE PEAK RD,PHOENIX,1/12/2026 2:35:06 PM,Residential,0.00,TO BE BID,,,Trash,no_hvac_signal
F209,2600152,F209-2600152,https://apps-secure.phoenix.gov/PDD/Search/PermitDetails?permitNum=F209-2600152,F209-2600152,4370 E LUDLOW DR,PHOENIX,1/12/2026 2:34:53 PM,Commercial,0.00,ONEWORLDENERGY LLC,FPPR-251293,,Trash,no_hvac_signal
TCO,26000488,TCO-26000488,https://apps-secure.phoenix.gov/PDD/Search/PermitDetails?permitNum=TCO-26000488,TCO-26000488,3550 W CAMELBACK RD,PHOENIX,1/12/2026 2:26:00 PM,Commercial,1200000.00,DESERTBUILD COMPANIES LLC,BLD-25012928,,Trash,no_hvac_signal
SGNT,26000487,SGNT-26000487,https://apps-secure.phoenix.gov/PDD/Search/PermitDetails?permitNum=SGNT-26000487,SGNT-26000487,6239 N 7TH ST,PHOENIX,1/12/2026 2:25:49 PM,Residential,0.00,OWNER,,,Trash,no_hvac_signal
LSPL,2600180,LSPL-2600180,https://apps-secure.phoenix.gov/PDD/Search/PermitDetails?permitNum=LSPL-2600180,LSPL-2600180,2246 S CENTRAL AVE,PHOENIX,1/12/2026 2:25:39 PM,Commercial,0.00,TO BE BID,,,Trash,no_hvac_signal
SGNP,214932,SGNP-214932,https://apps-secure.phoenix.gov/PDD/Search/PermitDetails?permitNum=SGNP-214932,SGNP-214932,9796 W MCDOWELL RD,PHOENIX,1/12/2026 2:25:19 PM,Commercial,0.00,BOOTZ & DUKE SIGN COMPANY,LPSG-260019,,Trash,negative=sign
PAPP,2600178,PAPP-2600178,https://apps-secure.phoenix.gov/PDD/Search/PermitDetails?permitNum=PAPP-2600178,PAPP-2600178,902 E MCKINLEY ST,PHOENIX,1/12/2026 2:10:12 PM,Commercial,0.00,TO BE BID,,,Trash,no_hvac_signal
RPV,26000486,RPV-26000486,https://apps-secure.phoenix.gov/PDD/Search/PermitDetails?permitNum=RPV-26000486,RPV-26000486,1725 E WINCHCOMB DR,PHOENIX,1/12/2026 2:06:20 PM,Commercial,1.00,STATIC SUN ELECTRIC AND SOLAR LLC,,,Trash,negative=solar(?: pv)?
PAPP,2600177,PAPP-2600177,https://apps-secure.phoenix.gov/PDD/Search/PermitDetails?permitNum=PAPP-2600177,PAPP-2600177,1830 W GLENROSA AVE,PHOENIX,1/12/2026 2:05:27 PM,Residential,0.00,TO BE BID,,,Trash,no_hvac_signal
CES,26000485,CES-26000485,https://apps-secure.phoenix.gov/PDD/Search/PermitDetails?permitNum=CES-26000485,CES-26000485,,PHOENIX,1/12/2026 2:04:42 PM,Commercial,0.00,URANGA LANDSCAPE COMPANY LLC,LSAL-2504761,,Trash,no_hvac_signal
F140,2600150,F140-2600150,https://apps-secure.phoenix.gov/PDD/Search/PermitDetails?permitNum=F140-2600150,F140-2600150,4255 W UNION HILLS DR,PHOENIX,1/12/2026 1:53:00 PM,Commercial,0.00,T&J FUEL CONSTRUCTION LLC,FPPR-251295,,Trash,no_hvac_signal
CPWT,2600176,CPWT-2600176,https://apps-secure.phoenix.gov/PDD/Search/PermitDetails?permitNum=CPWT-2600176,CPWT-2600176,,PHOENIX,1/12/2026 1:45:55 PM,Commercial,0.00,LEGACY SITE DEVELOPMENT LLC,CCPH-2400190,,Trash,no_hvac_signal
CPGD,2600175,CPGD-2600175,https://apps-secure.phoenix.gov/PDD/Search/PermitDetails?permitNum=CPGD-2600175,CPGD-2600175,7102 E LARKSPUR DR,PHOENIX,1/12/2026 1:45:47 PM,Commercial,1.00,ARMSTRONG CONSTRUCTION GROUP LLC,,,Trash,no_hvac_signal
F875,26000483,F875-26000483,https://apps-secure.phoenix.gov/PDD/Search/PermitDetails?permitNum=F875-26000483,F875-26000483,2109 E ROSE GARDEN LN,PHOENIX,1/12/2026 1:39:42 PM,Residential,0.00,CINTAS CORPORATION NO 2,,,Trash,no_hvac_signal
F875,26000484,F875-26000484,https://apps-secure.phoenix.gov/PDD/Search/PermitDetails?permitNum=F875-26000484,F875-26000484,1021 N 22ND AVE,PHOENIX,1/12/2026 1:39:42 PM,Commercial,0.00,CINTAS CORPORATION NO 2,,,Trash,no_hvac_signal
F824,2600149,F824-2600149,https://apps-secure.phoenix.gov/PDD/Search/PermitDetails?permitNum=F824-2600149,F824-2600149,5423 E CROCUS DR,PHOENIX,1/12/2026 1:28:42 PM,Commercial,0.00,MILLENNIUM GAS SERVICES LLC,SPAD-0412874,,Trash,no_hvac_signal
WSDC,26000482,WSDC-26000482,https://apps-secure.phoenix.gov/PDD/Search/PermitDetails?permitNum=WSDC-26000482,WSDC-26000482,3626 E HARWELL RD,PHOENIX,1/12/2026 1:23:17 PM,Commercial,0.00,P L H A Z CONSTRUCTION LLC,SDEV-2600004,,Trash,no_hvac_signal
RPV,26000481,RPV-26000481,https://apps-secure.phoenix.gov/PDD/Search/PermitDetails?permitNum=RPV-26000481,RPV-26000481,8960 W WINDSOR AVE,PHOENIX,1/12/2026 1:18:56 PM,Commercial,19680.00,ONEWORLDENERGY LLC,SPAD-2108929,,Trash,no_hvac_signal
F800,2600147,F800-2600147,https://apps-secure.phoenix.gov/PDD/Search/PermitDetails?permitNum=F800-2600147,F800-2600147,41 W VERNON AVE,PHOENIX,1/12/2026 1:14:01 PM,Commercial,0.00,DYNAMIC SOLAR AND ELECTRICAL LLC,SPAD-0407664,,Trash,negative=solar(?: pv)?
BLDS,26000480,BLDS-26000480,https://apps-secure.phoenix.gov/PDD/Search/PermitDetails?permitNum=BLDS-26000480,BLDS-26000480,3033 N ALGODON WAY,PHOENIX,1/12/2026 12:58:37 PM,Commercial,9500000.00,HRW BUILDERS LLC,LPRS-2405865,,Trash,no_hvac_signal
LPRM,2600174,LPRM-2600174,https://apps-secure.phoenix.gov/PDD/Search/PermitDetails?permitNum=LPRM-2600174,LPRM-2600174,5615 S 91ST AVE,PHOENIX,1/12/2026 12:55:38 PM,Commercial,2000000.00,LUDVIK ELECTRIC CO,,,Trash,no_hvac_signal
LPRM,2600174,LPRM-2600174,https://apps-secure.phoenix.gov/PDD/Search/PermitDetails?permitNum=LPRM-2600174,LPRM-2600174,5615 S 91ST AVE,PHOENIX,1/12/2026 12:55:38 PM,Commercial,2000000.00,LUDVIK ELECTRIC CO,,,Trash,no_hvac_signal
CSW,26000479,CSW-26000479,https://apps-secure.phoenix.gov/PDD/Search/PermitDetails?permitNum=CSW-26000479,CSW-26000479,3033 N ALGODON WAY,PHOENIX,1/12/2026 12:43:59 PM,Commercial,0.00,SHANE'S GRADING AND PAVING SERVICES INC,CPSW-2403160,,Trash,no_hvac_signal
WSHM,26000478,WSHM-26000478,https://apps-secure.phoenix.gov/PDD/Search/PermitDetails?permitNum=WSHM-26000478,WSHM-26000478,775 W ELWOOD ST,PHOENIX,1/12/2026 12:36:55 PM,Commercial,0.00,BUESING CORP,SPAD-0616243,,Trash,no_hvac_signal
F875,26000477,F875-26000477,https://apps-secure.phoenix.gov/PDD/Search/PermitDetails?permitNum=F875-26000477,F875-26000477,302 E WATKINS ST,PHOENIX,1/12/2026 12:35:45 PM,Commercial,0.00,API GROUP LIFE SAFETY USA LLC,,,Trash,no_hvac_signal
LPBI,2600172,LPBI-2600172,https://apps-secure.phoenix.gov/PDD/Search/PermitDetails?permitNum=LPBI-2600172,LPBI-2600172,605 E BELL RD,PHOENIX,1/12/2026 12:28:34 PM,Commercial,67975.00,TO BE BID,,,Trash,no_hvac_signal
FPPD,260056,FPPD-260056,https://apps-secure.phoenix.gov/PDD/Search/PermitDetails?permitNum=FPPD-260056,FPPD-260056,4050 S 94TH LN,PHOENIX,1/12/2026 12:22:50 PM,Commercial,0.00,A AND M FIRE PROTECTION LLC,,,Trash,negative=fire
LPSG,260042,LPSG-260042,https://apps-secure.phoenix.gov/PDD/Search/PermitDetails?permitNum=LPSG-260042,LPSG-260042,1530 W BELL RD,PHOENIX,1/12/2026 12:18:35 PM,Commercial,4500.00,SANDSTORM SIGNS AND SERVICES INC,,,Trash,no_hvac_signal
LPRR,2600170,LPRR-2600170,https://apps-secure.phoenix.gov/PDD/Search/PermitDetails?permitNum=LPRR-2600170,LPRR-2600170,4418 E OSBORN RD,PHOENIX,1/12/2026 12:05:50 PM,Commercial,418319.20,TO BE BID,,,Trash,no_hvac_signal
FPPD,260055,FPPD-260055,https://apps-secure.phoenix.gov/PDD/Search/PermitDetails?permitNum=FPPD-260055,FPPD-260055,301 W LONE CACTUS DR,PHOENIX,1/12/2026 12:02:52 PM,Commercial,0.00,TO BE BID,,,Trash,no_hvac_signal
FPPD,260054,FPPD-260054,https://apps-secure.phoenix.gov/PDD/Search/PermitDetails?permitNum=FPPD-260054,FPPD-260054,5154 N 27TH AVE,PHOENIX,1/12/2026 12:01:17 PM,Residential,0.00,ALLIED FIRE PROTECTION,,,Trash,negative=fire
LPSG,260041,LPSG-260041,https://apps-secure.phoenix.gov/PDD/Search/PermitDetails?permitNum=LPSG-260041,LPSG-260041,701 W DEER VALLEY RD,PHOENIX,1/12/2026 12:00:35 PM,Commercial,2200.00,SIGN A RAMA EAST BELL ROAD,,,Trash,negative=sign
F809,26000476,F809-26000476,https://apps-secure.phoenix.gov/PDD/Search/PermitDetails?permitNum=F809-26000476,F809-26000476,15215 N KIERLAND BLVD,PHOENIX,1/12/2026 11:59:11 AM,Commercial,0.00,OLYMPIC WEST FIRE PROTECTION,,,Trash,negative=fire
F809,26000475,F809-26000475,https://apps-secure.phoenix.gov/PDD/Search/PermitDetails?permitNum=F809-26000475,F809-26000475,4570 N CENTRAL AVE,PHOENIX,1/12/2026 11:56:35 AM,Commercial,0.00,FIREHOUSE SOLUTIONS LLC,,,Trash,no_hvac_signal
LSIN,2600169,LSIN-2600169,https://apps-secure.phoenix.gov/PDD/Search/PermitDetails?permitNum=LSIN-2600169,LSIN-2600169,5777 E MAYO BLVD,PHOENIX,1/12/2026 11:55:29 AM,Residential,0.00,TO BE BID,,,Trash,no_hvac_signal
LPRN,2600168,LPRN-2600168,https://apps-secure.phoenix.gov/PDD/Search/PermitDetails?permitNum=LPRN-2600168,LPRN-2600168,5708 N 27TH AVE,PHOENIX,1/12/2026 11:48:23 AM,Commercial,700000.00,TO BE BID,0,,Trash,no_hvac_signal
FPPR,260019,FPPR-260019,https://apps-secure.phoenix.gov/PDD/Search/PermitDetails?permitNum=FPPR-260019,FPPR-260019,5012 W ROWEL RD,PHOENIX,1/12/2026 11:48:15 AM,Commercial,0.00,SOLAR OPTIMUM INC.,SPAD-0517466,,Trash,negative=solar(?: pv)?
FPPD,260053,FPPD-260053,https://apps-secure.phoenix.gov/PDD/Search/PermitDetails?permitNum=FPPD-260053,FPPD-260053,1919 W WHISPERING WIND DR,PHOENIX,1/12/2026 11:39:08 AM,Commercial,0.00,SUN STATE BUILDERS,,,Trash,no_hvac_signal
BLD,26000473,BLD-26000473,https://apps-secure.phoenix.gov/PDD/Search/PermitDetails?permitNum=BLD-26000473,BLD-26000473,1819 N 99TH AVE,PHOENIX,1/12/2026 11:38:31 AM,Commercial,900000.00,P R H CONSTRUCTION INC,LPRN-2504014,,Trash,no_hvac_signal
F875,26000472,F875-26000472,https://apps-secure.phoenix.gov/PDD/Search/PermitDetails?permitNum=F875-26000472,F875-26000472,2975 W DOVE VALLEY RD,PHOENIX,1/12/2026 11:35:32 AM,Commercial,0.00,JK ALARMS OF AZ INC,,,Trash,no_hvac_signal
LPRM,2600166,LPRM-2600166,https://apps-secure.phoenix.gov/PDD/Search/PermitDetails?permitNum=LPRM-2600166,LPRM-2600166,4710 E ELWOOD ST,PHOENIX,1/12/2026 11:34:47 AM,Commercial,20000.00,RAYMOND HANDLING SOLUTIONS INC.,,,Trash,no_hvac_signal
LPRN,2600165,LPRN-2600165,https://apps-secure.phoenix.gov/PDD/Search/PermitDetails?permitNum=LPRN-2600165,LPRN-2600165,6330 E DELCOA AVE,PHOENIX,1/12/2026 11:24:51 AM,Commercial,1123936.00,TO BE BID,,,Trash,no_hvac_signal
FPPD,260051,FPPD-260051,https://apps-secure.phoenix.gov/PDD/Search/PermitDetails?permitNum=FPPD-260051,FPPD-260051,4700 S 44TH PL,PHOENIX,1/12/2026 11:09:15 AM,Commercial,0.00,JET INDUSTRIES INC,,,Trash,no_hvac_signal
WSSD,26000470,WSSD-26000470,https://apps-secure.phoenix.gov/PDD/Search/PermitDetails?permitNum=WSSD-26000470,WSSD-26000470,4411 W ROOSEVELT ST,PHOENIX,1/12/2026 11:07:27 AM,Commercial,0.00,ADANAC FIRE PROTECTION INC.,SPAD-0007542,,Trash,negative=fire
LPSG,260039,LPSG-260039,https://apps-secure.phoenix.gov/PDD/Search/PermitDetails?permitNum=LPSG-260039,LPSG-260039,2021 E VERDIN WAY,PHOENIX,1/12/2026 11:01:50 AM,Commercial,3300.00,E 2 INNOVATIONS INC,,,Trash,no_hvac_signal
FPPD,260050,FPPD-260050,https://apps-secure.phoenix.gov/PDD/Search/PermitDetails?permitNum=FPPD-260050,FPPD-260050,4101 N 83RD AVE,PHOENIX,1/12/2026 10:59:01 AM,Commercial,0.00,ADOBE FIRE EQUIPMENT INC,,,Trash,negative=fire
WSPR,2600005,WSPR-2600005,https://apps-secure.phoenix.gov/PDD/Search/PermitDetails?permitNum=WSPR-2600005,WSPR-2600005,3800 E SKY HARBOR BLVD,PHOENIX,1/12/2026 10:52:37 AM,Commercial,0.00,TO BE BID,,,Trash,no_hvac_signal
LPRT,2600161,LPRT-2600161,https://apps-secure.phoenix.gov/PDD/Search/PermitDetails?permitNum=LPRT-2600161,LPRT-2600161,12780 N TATUM BLVD,PHOENIX,1/12/2026 10:45:57 AM,Commercial,985000.00,TO BE BID,,,Trash,no_hvac_signal
PAPP,2600160,PAPP-2600160,https://apps-secure.phoenix.gov/PDD/Search/PermitDetails?permitNum=PAPP-2600160,PAPP-2600160,3565 N 38TH ST,PHOENIX,1/12/2026 10:43:42 AM,Residential,0.00,TO BE BID,,,Trash,no_hvac_signal
FPPD,260049,FPPD-260049,https://apps-secure.phoenix.gov/PDD/Search/PermitDetails?permitNum=FPPD-260049,FPPD-260049,645 E MISSOURI AVE,PHOENIX,1/12/2026 10:41:01 AM,Commercial,0.00,SUMMIT FIRE PROTECTION CO,,,Trash,negative=fire
F122,26000469,F122-26000469,https://apps-secure.phoenix.gov/PDD/Search/PermitDetails?permitNum=F122-26000469,F122-26000469,4643 E CACTUS RD,PHOENIX,1/12/2026 10:38:29 AM,Commercial,0.00,OLYMPIC WEST FIRE PROTECTION,FPPD-252656,,Trash,negative=fire
CSIT,26000468,CSIT-26000468,https://apps-secure.phoenix.gov/PDD/Search/PermitDetails?permitNum=CSIT-26000468,CSIT-26000468,1325 E HADLEY ST,PHOENIX,1/12/2026 10:36:02 AM,Commercial,0.00,ADAPTIVE DESIGN-BUILD LLC,SCSR-2405006,,Trash,no_hvac_signal
RPV,26000466,RPV-26000466,https://apps-secure.phoenix.gov/PDD/Search/PermitDetails?permitNum=RPV-26000466,RPV-26000466,5402 E WINDROSE DR,PHOENIX,1/12/2026 10:24:33 AM,Commercial,31680.00,ARIZONA CUSTOM SOLAR SERVICES LLC,SPAD-1106156,,Trash,negative=solar(?: pv)?
WSHM,26000465,WSHM-26000465,https://apps-secure.phoenix.gov/PDD/Search/PermitDetails?permitNum=WSHM-26000465,WSHM-26000465,2500 W UNION HILLS DR,PHOENIX,1/12/2026 10:23:59 AM,Commercial,0.00,"TBL MISSION CRITICAL, LLC",CCPH-2300011,,Trash,no_hvac_signal
BLDS,26000464,BLDS-26000464,https://apps-secure.phoenix.gov/PDD/Search/PermitDetails?permitNum=BLDS-26000464,BLDS-26000464,7611 N 16TH ST,PHOENIX,1/12/2026 10:17:01 AM,Commercial,4766326.00,GANEM CONSTRUCTION LLC,LPRS-2505071,,Trash,no_hvac_signal
BLDS,26000464,BLDS-26000464,https://apps-secure.phoenix.gov/PDD/Search/PermitDetails?permitNum=BLDS-26000464,BLDS-26000464,7611 N 16TH ST,PHOENIX,1/12/2026 10:17:01 AM,Commercial,4766326.00,GANEM CONSTRUCTION LLC,LPRS-2505071,,Trash,no_hvac_signal
CPHG,2600159,CPHG-2600159,https://apps-secure.phoenix.gov/PDD/Search/PermitDetails?permitNum=CPHG-2600159,CPHG-2600159,1433 E ECHO LN,PHOENIX,1/12/2026 10:11:45 AM,Commercial,0.00,TO BE BID,,,Trash,no_hvac_signal
PAPP,2600158,PAPP-2600158,https://apps-secure.phoenix.gov/PDD/Search/PermitDetails?permitNum=PAPP-2600158,PAPP-2600158,,PHOENIX,1/12/2026 10:11:13 AM,Residential,0.00,TO BE BID,,,Trash,no_hvac_signal
LPRT,2600157,LPRT-2600157,https://apps-secure.phoenix.gov/PDD/Search/PermitDetails?permitNum=LPRT-2600157,LPRT-2600157,544 W MCDOWELL RD,PHOENIX,1/12/2026 10:00:38 AM,Commercial,212000.00,TO BE BID,,,Trash,no_hvac_signal
LPSG,260037,LPSG-260037,https://apps-secure.phoenix.gov/PDD/Search/PermitDetails?permitNum=LPSG-260037,LPSG-260037,1 E DEER VALLEY DR,PHOENIX,1/12/2026 9:46:31 AM,Commercial,4700.00,SIGN A RAMA EAST BELL ROAD,,,Trash,negative=sign
CPPA,2600156,CPPA-2600156,https://apps-secure.phoenix.gov/PDD/Search/PermitDetails?permitNum=CPPA-2600156,CPPA-2600156,444 N 25TH AVE,PHOENIX,1/12/2026 9:45:11 AM,Commercial,0.00,TO BE BID,,,Trash,no_hvac_signal
CFB,26000462,CFB-26000462,https://apps-secure.phoenix.gov/PDD/Search/PermitDetails?permitNum=CFB-26000462,CFB-26000462,3050 S 35TH ST,PHOENIX,1/12/2026 9:34:31 AM,Commercial,0.00,DEGAN CONSTRUCTION L L C,CPFL-2407283,,Trash,no_hvac_signal
CPPA,2600154,CPPA-2600154,https://apps-secure.phoenix.gov/PDD/Search/PermitDetails?permitNum=CPPA-2600154,CPPA-2600154,444 N 25TH AVE,PHOENIX,1/12/2026 9:32:02 AM,Commercial,0.00,TO BE BID,,,Trash,no_hvac_signal
LSIS,2600155,LSIS-2600155,https://apps-secure.phoenix.gov/PDD/Search/PermitDetails?permitNum=LSIS-2600155,LSIS-2600155,441 N 26TH AVE,PHOENIX,1/12/2026 9:32:02 AM,Commercial,0.00,TO BE BID,,,Trash,no_hvac_signal
F193,2600140,F193-2600140,https://apps-secure.phoenix.gov/PDD/Search/PermitDetails?permitNum=F193-2600140,F193-2600140,8622 S 17TH WAY,PHOENIX,1/12/2026 9:24:28 AM,Commercial,0.00,POSITIVE SYNERGY LLC,SPAD-1504941,,Trash,no_hvac_signal
F193,2600141,F193-2600141,https://apps-secure.phoenix.gov/PDD/Search/PermitDetails?permitNum=F193-2600141,F193-2600141,7607 N 42ND LN,PHOENIX,1/12/2026 9:24:28 AM,Commercial,0.00,POSITIVE SYNERGY LLC,SPAD-2600011,,Trash,no_hvac_signal
CPPA,2600150,CPPA-2600150,https://apps-secure.phoenix.gov/PDD/Search/PermitDetails?permitNum=CPPA-2600150,CPPA-2600150,441 N 26TH AVE,PHOENIX,1/12/2026 9:10:23 AM,Commercial,0.00,TO BE BID,,,Trash,no_hvac_signal
F875,26000461,F875-26000461,https://apps-secure.phoenix.gov/PDD/Search/PermitDetails?permitNum=F875-26000461,F875-26000461,4000 N CENTRAL AVE,PHOENIX,1/12/2026 9:09:26 AM,Commercial,0.00,SUMMIT FIRE PROTECTION CO,,,Trash,negative=fire
F175,26000459,F175-26000459,https://apps-secure.phoenix.gov/PDD/Search/PermitDetails?permitNum=F175-26000459,F175-26000459,1115 N 47TH AVE,PHOENIX,1/12/2026 8:53:52 AM,Commercial,0.00,SUMMIT FIRE PROTECTION CO,FPPD-252664,,Trash,negative=fire
F800,2600138,F800-2600138,https://apps-secure.phoenix.gov/PDD/Search/PermitDetails?permitNum=F800-2600138,F800-2600138,4018 W AVENIDA DEL SOL,PHOENIX,1/12/2026 8:46:22 AM,Commercial,0.00,INTY SOLAR LLC,SPAD-2600033,,Trash,negative=solar(?: pv)?
SGNP,214927,SGNP-214927,https://apps-secure.phoenix.gov/PDD/Search/PermitDetails?permitNum=SGNP-214927,SGNP-214927,4025 E CHANDLER BLVD,PHOENIX,1/12/2026 8:44:36 AM,Commercial,3812.00,SIGNTASTIC L.L.C.,LPSG-251184,,Trash,no_hvac_signal
CPPA,2600149,CPPA-2600149,https://apps-secure.phoenix.gov/PDD/Search/PermitDetails?permitNum=CPPA-2600149,CPPA-2600149,44421 N BLACK CANYON HWY,PHOENIX,1/12/2026 8:39:06 AM,Commercial,0.00,TO BE BID,,,Trash,no_hvac_signal
F800,2600137,F800-2600137,https://apps-secure.phoenix.gov/PDD/Search/PermitDetails?permitNum=F800-2600137,F800-2600137,8960 W WINDSOR AVE,PHOENIX,1/12/2026 8:38:38 AM,Commercial,0.00,ONEWORLDENERGY LLC,SPAD-2108929,,Trash,no_hvac_signal
RPV,26000458,RPV-26000458,https://apps-secure.phoenix.gov/PDD/Search/PermitDetails?permitNum=RPV-26000458,RPV-26000458,18818 N 12TH PL,PHOENIX,1/12/2026 8:37:50 AM,Commercial,34500.00,INTY SOLAR LLC,SPAD-2301314,,Trash,negative=solar(?: pv)?
TCO,26000457,TCO-26000457,https://apps-secure.phoenix.gov/PDD/Search/PermitDetails?permitNum=TCO-26000457,TCO-26000457,1775 N 99TH AVE,PHOENIX,1/12/2026 8:36:29 AM,Commercial,85000.00,STERLING CM LLC,BLD-25016380,,Trash,no_hvac_signal
F800,2600136,F800-2600136,https://apps-secure.phoenix.gov/PDD/Search/PermitDetails?permitNum=F800-2600136,F800-2600136,2629 E JOAN DE ARC AVE,PHOENIX,1/12/2026 8:32:44 AM,Commercial,0.00,ONEWORLDENERGY LLC,SPAD-0319419,,Trash,no_hvac_signal
F800,2600135,F800-2600135,https://apps-secure.phoenix.gov/PDD/Search/PermitDetails?permitNum=F800-2600135,F800-2600135,3037 W VILLA RITA DR,PHOENIX,1/12/2026 8:25:10 AM,Commercial,0.00,EMPOWER ELECTRIC INC,SPAD-2203093,,Trash,no_hvac_signal
LPRM,2600148,LPRM-2600148,https://apps-secure.phoenix.gov/PDD/Search/PermitDetails?permitNum=LPRM-2600148,LPRM-2600148,32400 N 51ST AVE,PHOENIX,1/12/2026 8:23:16 AM,Commercial,3000000.00,"EXCEL CONTRACTORS, LLC",SPAD-2208087,,Trash,no_hvac_signal
LPRM,2600148,LPRM-2600148,https://apps-secure.phoenix.gov/PDD/Search/PermitDetails?permitNum=LPRM-2600148,LPRM-2600148,32400 N 51ST AVE,PHOENIX,1/12/2026 8:23:16 AM,Commercial,3000000.00,"EXCEL CONTRACTORS, LLC",SPAD-2208087,,Trash,no_hvac_signal
F800,2600134,F800-2600134,https://apps-secure.phoenix.gov/PDD/Search/PermitDetails?permitNum=F800-2600134,F800-2600134,14849 N 21ST ST,PHOENIX,1/12/2026 8:22:45 AM,Commercial,0.00,ONEWORLDENERGY LLC,SPAD-1008314,,Trash,no_hvac_signal
FPAP,260005,FPAP-260005,https://apps-secure.phoenix.gov/PDD/Search/PermitDetails?permitNum=FPAP-260005,FPAP-260005,32200 N 43RD AVE,PHOENIX,1/12/2026 8:19:42 AM,Residential,0.00,TO BE BID,SPAD-2202996,,Trash,no_hvac_signal
FPAP,260005,FPAP-260005,https://apps-secure.phoenix.gov/PDD/Search/PermitDetails?permitNum=FPAP-260005,FPAP-260005,32200 N 43RD AVE,PHOENIX,1/12/2026 8:19:42 AM,Residential,0.00,TO BE BID,SPAD-2202996,,Trash,no_hvac_signal
FPAP,260004,FPAP-260004,https://apps-secure.phoenix.gov/PDD/Search/PermitDetails?permitNum=FPAP-260004,FPAP-260004,32200 N 43RD AVE,PHOENIX,1/12/2026 8:18:35 AM,Residential,0.00,TO BE BID,SPAD-2202996,,Trash,no_hvac_signal
FPAP,260004,FPAP-260004,https://apps-secure.phoenix.gov/PDD/Search/PermitDetails?permitNum=FPAP-260004,FPAP-260004,32200 N 43RD AVE,PHOENIX,1/12/2026 8:18:35 AM,Residential,0.00,TO BE BID,SPAD-2202996,,Trash,no_hvac_signal
F800,2600133,F800-2600133,https://apps-secure.phoenix.gov/PDD/Search/PermitDetails?permitNum=F800-2600133,F800-2600133,2014 N 94TH GLN,PHOENIX,1/12/2026 8:17:56 AM,Commercial,0.00,INTY SOLAR LLC,SPAD-0410935,,Trash,negative=solar(?: pv)?
ELEC,26000456,ELEC-26000456,https://apps-secure.phoenix.gov/PDD/Search/PermitDetails?permitNum=ELEC-26000456,ELEC-26000456,19866 N 31ST AVE,PHOENIX,1/12/2026 8:13:18 AM,Commercial,15000.00,TALUS DEVELOPMENT CORP,LPRM-2507000,,Trash,no_hvac_signal
F800,2600132,F800-2600132,https://apps-secure.phoenix.gov/PDD/Search/PermitDetails?permitNum=F800-2600132,F800-2600132,20249 N 13TH DR,PHOENIX,1/12/2026 8:13:12 AM,Commercial,0.00,ONEWORLDENERGY LLC,SPAD-2300441,,Trash,no_hvac_signal
WSHM,26000455,WSHM-26000455,https://apps-secure.phoenix.gov/PDD/Search/PermitDetails?permitNum=WSHM-26000455,WSHM-26000455,20555 N 55TH ST,PHOENIX,1/12/2026 7:52:11 AM,Commercial,0.00,GUNSIGHT CONSTRUCTION COMPANIES LLC,CCPH-2500092,,Trash,no_hvac_signal
FPPR,260014,FPPR-260014,https://apps-secure.phoenix.gov/PDD/Search/PermitDetails?permitNum=FPPR-260014,FPPR-260014,2 N CENTRAL AVE,PHOENIX,1/12/2026 7:22:37 AM,Commercial,0.00,OLYMPIC WEST FIRE PROTECTION,,,Trash,negative=fire
FPPR,260014,FPPR-260014,https://apps-secure.phoenix.gov/PDD/Search/PermitDetails?permitNum=FPPR-260014,FPPR-260014,2 N CENTRAL AVE,PHOENIX,1/12/2026 7:22:37 AM,Commercial,0.00,OLYMPIC WEST FIRE PROTECTION,,,Trash,negative=fire
F800,2600128,F800-2600128,https://apps-secure.phoenix.gov/PDD/Search/PermitDetails?permitNum=F800-2600128,F800-2600128,15036 N 38TH AVE,PHOENIX,1/12/2026 7:04:04 AM,Commercial,0.00,ONEWORLDENERGY LLC,SPAD-2109050,,Trash,no_hvac_signal
LPSG,260034,LPSG-260034,https://apps-secure.phoenix.gov/PDD/Search/PermitDetails?permitNum=LPSG-260034,LPSG-260034,2902 W AGUA FRIA FWY,PHOENIX,1/12/2026 6:59:03 AM,Commercial,3000.00,BOOTZ & DUKE SIGN COMPANY,,,Trash,negative=sign
F800,2600127,F800-2600127,https://apps-secure.phoenix.gov/PDD/Search/PermitDetails?permitNum=F800-2600127,F800-2600127,7728 N 13TH PL,PHOENIX,1/12/2026 6:56:54 AM,Commercial,0.00,ONEWORLDENERGY LLC,SPAD-2600020,,Trash,no_hvac_signal
F800,2600126,F800-2600126,https://apps-secure.phoenix.gov/PDD/Search/PermitDetails?permitNum=F800-2600126,F800-2600126,15808 N 8TH ST,PHOENIX,1/12/2026 6:50:17 AM,Commercial,0.00,ONEWORLDENERGY LLC,SPAD-2600030,,Trash,no_hvac_signal
FPPD,260048,FPPD-260048,https://apps-secure.phoenix.gov/PDD/Search/PermitDetails?permitNum=FPPD-260048,FPPD-260048,1525 E ADAMS ST,PHOENIX,1/12/2026 6:41:45 AM,Residential,0.00,TO BE BID,,,Trash,no_hvac_signal
SGNP,214928,SGNP-214928,https://apps-secure.phoenix.gov/PDD/Search/PermitDetails?permitNum=SGNP-214928,SGNP-214928,1695 N 95TH LN,PHOENIX,1/12/2026 12:00:00 AM,Commercial,5000.00,ZEMEGEDON PRODUCTIONS LLC,LPSG-251468,,Trash,no_hvac_signal
SGNP,214929,SGNP-214929,https://apps-secure.phoenix.gov/PDD/Search/PermitDetails?permitNum=SGNP-214929,SGNP-214929,1695 N 95TH LN,PHOENIX,1/12/2026 12:00:00 AM,Commercial,5000.00,ZEMEGEDON PRODUCTIONS LLC,LPSG-251468,,Trash,no_hvac_signal
SGNP,214930,SGNP-214930,https://apps-secure.phoenix.gov/PDD/Search/PermitDetails?permitNum=SGNP-214930,SGNP-214930,1695 N 95TH LN,PHOENIX,1/12/2026 12:00:00 AM,Commercial,5000.00,ZEMEGEDON PRODUCTIONS LLC,LPSG-251468,,Trash,no_hvac_signal
SGNP,214931,SGNP-214931,https://apps-secure.phoenix.gov/PDD/Search/PermitDetails?permitNum=SGNP-214931,SGNP-214931,1695 N 95TH LN,PHOENIX,1/12/2026 12:00:00 AM,Commercial,5000.00,ZEMEGEDON PRODUCTIONS LLC,LPSG-251468,,Trash,no_hvac_signal
CPSW,2600151,CPSW-2600151,https://apps-secure.phoenix.gov/PDD/Search/PermitDetails?permitNum=CPSW-2600151,CPSW-2600151,2401 E CACTUS RD,PHOENIX,1/12/2026 12:00:00 AM,Residential,0.00,TO BE BID,,,Trash,no_hvac_signal
LSIS,2600152,LSIS-2600152,https://apps-secure.phoenix.gov/PDD/Search/PermitDetails?permitNum=LSIS-2600152,LSIS-2600152,11875 N 24TH ST,PHOENIX,1/12/2026 12:00:00 AM,Residential,0.00,TO BE BID,,,Trash,no_hvac_signal
LSPL,2600153,LSPL-2600153,https://apps-secure.phoenix.gov/PDD/Search/PermitDetails?permitNum=LSPL-2600153,LSPL-2600153,2401 E CACTUS RD,PHOENIX,1/12/2026 12:00:00 AM,Residential,0.00,TO BE BID,,,Trash,no_hvac_signal
F800,2600125,F800-2600125,https://apps-secure.phoenix.gov/PDD/Search/PermitDetails?permitNum=F800-2600125,F800-2600125,4040 E CRIMSON TER,PHOENIX,1/10/2026 1:09:35 PM,Commercial,0.00,SOLAR OPTIMUM INC.,SPAD-1006246,,Trash,negative=solar(?: pv)?
F209,2600124,F209-2600124,https://apps-secure.phoenix.gov/PDD/Search/PermitDetails?permitNum=F209-2600124,F209-2600124,24530 N 18TH WAY,PHOENIX,1/9/2026 6:46:14 PM,Commercial,0.00,SOLAR OPTIMUM INC.,FPPR-251278,,Trash,negative=solar(?: pv)?
FPPD,260047,FPPD-260047,https://apps-secure.phoenix.gov/PDD/Search/PermitDetails?permitNum=FPPD-260047,FPPD-260047,2225 E SOLAR DR,PHOENIX,1/9/2026 6:18:03 PM,Commercial,0.00,ALPHA FIRE PROTECTION INC,,,Trash,negative=solar(?: pv)?|fire
F800,2600123,F800-2600123,https://apps-secure.phoenix.gov/PDD/Search/PermitDetails?permitNum=F800-2600123,F800-2600123,18818 N 12TH PL,PHOENIX,1/9/2026 4:56:49 PM,Commercial,0.00,INTY SOLAR LLC,SPAD-2301314,,Trash,negative=solar(?: pv)?
LPRM,2600146,LPRM-2600146,https://apps-secure.phoenix.gov/PDD/Search/PermitDetails?permitNum=LPRM-2600146,LPRM-2600146,731 E HEARN RD,PHOENIX,1/9/2026 4:36:57 PM,Commercial,30000.00,VR ELECTRICAL SERVICES LLC,,,Trash,no_hvac_signal
F800,2600122,F800-2600122,https://apps-secure.phoenix.gov/PDD/Search/PermitDetails?permitNum=F800-2600122,F800-2600122,4207 W CLAREMONT ST,PHOENIX,1/9/2026 4:20:22 PM,Commercial,0.00,HARMON ELECTRIC,SPAD-2203765,,Trash,no_hvac_signal
CGD,26000450,CGD-26000450,https://apps-secure.phoenix.gov/PDD/Search/PermitDetails?permitNum=CGD-26000450,CGD-26000450,1819 N 99TH AVE,PHOENIX,1/9/2026 4:18:59 PM,Commercial,0.00,P R H CONSTRUCTION INC,CPGD-2502811,,Trash,no_hvac_signal
RVSN,2305579-03,RVSN-2305579-03,https://apps-secure.phoenix.gov/PDD/Search/PermitDetails?permitNum=RVSN-2305579-03,RVSN-2305579-03,15875 N 34TH ST,PHOENIX,1/9/2026 4:02:09 PM,Commercial,0.00,TO BE BID,,,Trash,no_hvac_signal
FPPR,260013,FPPR-260013,https://apps-secure.phoenix.gov/PDD/Search/PermitDetails?permitNum=FPPR-260013,FPPR-260013,12844 N PARADISE VILLAGE PKWY W 101,PHOENIX,1/9/2026 3:58:21 PM,Commercial,0.00,AERO AUTOMATIC SPRINKLER COMPANY,SPAD-2003770,,Trash,negative=sprinkler
LPRT,2600145,LPRT-2600145,https://apps-secure.phoenix.gov/PDD/Search/PermitDetails?permitNum=LPRT-2600145,LPRT-2600145,12650 N TATUM BLVD,PHOENIX,1/9/2026 3:49:20 PM,Commercial,2000000.00,OVERTON BUILDERS L L C,,,Trash,no_hvac_signal
LPSG,260033,LPSG-260033,https://apps-secure.phoenix.gov/PDD/Search/PermitDetails?permitNum=LPSG-260033,LPSG-260033,1614 E BELL RD,PHOENIX,1/9/2026 3:48:03 PM,Residential,1500.00,TAGTEAM GRAFIX L L C,,,Trash,no_hvac_signal
SCSR,2600144,SCSR-2600144,https://apps-secure.phoenix.gov/PDD/Search/PermitDetails?permitNum=SCSR-2600144,SCSR-2600144,1954 W UNION HILLS DR,PHOENIX,1/9/2026 3:45:28 PM,Commercial,0.00,OWNER,,,Trash,no_hvac_signal
LPRR,2600143,LPRR-2600143,https://apps-secure.phoenix.gov/PDD/Search/PermitDetails?permitNum=LPRR-2600143,LPRR-2600143,3255 E ELWOOD ST,PHOENIX,1/9/2026 3:44:14 PM,Commercial,909132.00,TO BE BID,,,Trash,no_hvac_signal
F809,26000448,F809-26000448,https://apps-secure.phoenix.gov/PDD/Search/PermitDetails?permitNum=F809-26000448,F809-26000448,3033 N CENTRAL AVE 800,PHOENIX,1/9/2026 3:35:49 PM,Commercial,0.00,METRO FIRE EQ,,,Trash,negative=fire
LPBI,2600141,LPBI-2600141,https://apps-secure.phoenix.gov/PDD/Search/PermitDetails?permitNum=LPBI-2600141,LPBI-2600141,2302 N CENTRAL AVE 511,PHOENIX,1/9/2026 3:34:12 PM,Commercial,51849.00,K KITTLE LLC,,,Trash,no_hvac_signal
CRSC,2600140,CRSC-2600140,https://apps-secure.phoenix.gov/PDD/Search/PermitDetails?permitNum=CRSC-2600140,CRSC-2600140,4507 N 38TH ST,PHOENIX,1/9/2026 3:28:01 PM,Residential,0.00,TO BE BID,,,Trash,no_hvac_signal
TCO,26000445,TCO-26000445,https://apps-secure.phoenix.gov/PDD/Search/PermitDetails?permitNum=TCO-26000445,TCO-26000445,32200 N 43RD AVE,PHOENIX,1/9/2026 3:19:51 PM,Commercial,2339628.00,OKLAND CONSTRUCTION COMPANY,BLD-25012358,,Trash,no_hvac_signal
TCO,26000445,TCO-26000445,https://apps-secure.phoenix.gov/PDD/Search/PermitDetails?permitNum=TCO-26000445,TCO-26000445,32200 N 43RD AVE,PHOENIX,1/9/2026 3:19:51 PM,Commercial,2339628.00,OKLAND CONSTRUCTION COMPANY,BLD-25012358,,Trash,no_hvac_signal
CPST,2600139,CPST-2600139,https://apps-secure.phoenix.gov/PDD/Search/PermitDetails?permitNum=CPST-2600139,CPST-2600139,5175 W BROADWAY RD,PHOENIX,1/9/2026 3:17:09 PM,Commercial,0.00,TO BE BID,,,Trash,no_hvac_signal
F800,2600121,F800-2600121,https://apps-secure.phoenix.gov/PDD/Search/PermitDetails?permitNum=F800-2600121,F800-2600121,560 W MONTEBELLO AVE,PHOENIX,1/9/2026 3:10:38 PM,Commercial,0.00,INTY SOLAR LLC,SPAD-2600028,,Trash,negative=solar(?: pv)?
F800,2600120,F800-2600120,https://apps-secure.phoenix.gov/PDD/Search/PermitDetails?permitNum=F800-2600120,F800-2600120,5321 S 27TH DR,PHOENIX,1/9/2026 3:01:21 PM,Commercial,0.00,INTY SOLAR LLC,SPAD-0518418,,Trash,negative=solar(?: pv)?
BLD,26000444,BLD-26000444,https://apps-secure.phoenix.gov/PDD/Search/PermitDetails?permitNum=BLD-26000444,BLD-26000444,4121 W INNOVATIVE DR,PHOENIX,1/9/2026 3:01:06 PM,Commercial,922792.00,BJERK BUILDERS,LPRN-2407270,,Trash,no_hvac_signal
F875,26000443,F875-26000443,https://apps-secure.phoenix.gov/PDD/Search/PermitDetails?permitNum=F875-26000443,F875-26000443,3178 E CAMELBACK RD,PHOENIX,1/9/2026 2:37:56 PM,Commercial,0.00,FOOTHILL FIRE PROTECTION INC,,,Trash,negative=fire
F800,2600119,F800-2600119,https://apps-secure.phoenix.gov/PDD/Search/PermitDetails?permitNum=F800-2600119,F800-2600119,5838 W LODGE DR,PHOENIX,1/9/2026 2:30:39 PM,Residential,0.00,HARMON ELECTRIC,SPAD-2504227,,Trash,no_hvac_signal
F134,26000442,F134-26000442,https://apps-secure.phoenix.gov/PDD/Search/PermitDetails?permitNum=F134-26000442,F134-26000442,3118 W VAN BUREN ST,PHOENIX,1/9/2026 2:23:11 PM,Commercial,0.00,ADOBE FIRE EQUIPMENT INC,FPPD-252721,,Trash,negative=fire
F159,26000426,F159-26000426,https://apps-secure.phoenix.gov/PDD/Search/PermitDetails?permitNum=F159-26000426,F159-26000426,6900 S 59TH AVE,PHOENIX,1/9/2026 2:20:44 PM,Commercial,0.00,VALLEY FIRE SPRINKLER INC,FPPD-251904,,Trash,negative=fire|sprinkler
F159,26000427,F159-26000427,https://apps-secure.phoenix.gov/PDD/Search/PermitDetails?permitNum=F159-26000427,F159-26000427,6900 S 59TH AVE,PHOENIX,1/9/2026 2:20:44 PM,Commercial,0.00,VALLEY FIRE SPRINKLER INC,FPPD-251897,,Trash,negative=fire|sprinkler
F159,26000428,F159-26000428,https://apps-secure.phoenix.gov/PDD/Search/PermitDetails?permitNum=F159-26000428,F159-26000428,6900 S 59TH AVE,PHOENIX,1/9/2026 2:20:44 PM,Commercial,0.00,VALLEY FIRE SPRINKLER INC,FPPD-251903,,Trash,negative=fire|sprinkler
F159,26000429,F159-26000429,https://apps-secure.phoenix.gov/PDD/Search/PermitDetails?permitNum=F159-26000429,F159-26000429,6900 S 59TH AVE,PHOENIX,1/9/2026 2:20:44 PM,Commercial,0.00,VALLEY FIRE SPRINKLER INC,FPPD-251896,,Trash,negative=fire|sprinkler
F159,26000430,F159-26000430,https://apps-secure.phoenix.gov/PDD/Search/PermitDetails?permitNum=F159-26000430,F159-26000430,6900 S 59TH AVE,PHOENIX,1/9/2026 2:20:44 PM,Commercial,0.00,VALLEY FIRE SPRINKLER INC,FPPD-251895,,Trash,negative=fire|sprinkler
F159,26000431,F159-26000431,https://apps-secure.phoenix.gov/PDD/Search/PermitDetails?permitNum=F159-26000431,F159-26000431,6900 S 59TH AVE,PHOENIX,1/9/2026 2:20:44 PM,Commercial,0.00,VALLEY FIRE SPRINKLER INC,FPPD-251902,,Trash,negative=fire|sprinkler
F159,26000432,F159-26000432,https://apps-secure.phoenix.gov/PDD/Search/PermitDetails?permitNum=F159-26000432,F159-26000432,6900 S 59TH AVE,PHOENIX,1/9/2026 2:20:44 PM,Commercial,0.00,VALLEY FIRE SPRINKLER INC,FPPD-252604,,Trash,negative=fire|sprinkler
F159,26000433,F159-26000433,https://apps-secure.phoenix.gov/PDD/Search/PermitDetails?permitNum=F159-26000433,F159-26000433,6900 S 59TH AVE,PHOENIX,1/9/2026 2:20:44 PM,Commercial,0.00,VALLEY FIRE SPRINKLER INC,FPPD-252599,,Trash,negative=fire|sprinkler
F159,26000434,F159-26000434,https://apps-secure.phoenix.gov/PDD/Search/PermitDetails?permitNum=F159-26000434,F159-26000434,6900 S 59TH AVE,PHOENIX,1/9/2026 2:20:44 PM,Commercial,0.00,VALLEY FIRE SPRINKLER INC,FPPD-252606,,Trash,negative=fire|sprinkler
F159,26000435,F159-26000435,https://apps-secure.phoenix.gov/PDD/Search/PermitDetails?permitNum=F159-26000435,F159-26000435,6900 S 59TH AVE,PHOENIX,1/9/2026 2:20:44 PM,Commercial,0.00,VALLEY FIRE SPRINKLER INC,FPPD-252607,,Trash,negative=fire|sprinkler
F159,26000436,F159-26000436,https://apps-secure.phoenix.gov/PDD/Search/PermitDetails?permitNum=F159-26000436,F159-26000436,6900 S 59TH AVE,PHOENIX,1/9/2026 2:20:44 PM,Commercial,0.00,VALLEY FIRE SPRINKLER INC,FPPD-252603,,Trash,negative=fire|sprinkler
F159,26000437,F159-26000437,https://apps-secure.phoenix.gov/PDD/Search/PermitDetails?permitNum=F159-26000437,F159-26000437,6900 S 59TH AVE,PHOENIX,1/9/2026 2:20:44 PM,Commercial,0.00,VALLEY FIRE SPRINKLER INC,FPPD-252612,,Trash,negative=fire|sprinkler
F159,26000438,F159-26000438,https://apps-secure.phoenix.gov/PDD/Search/PermitDetails?permitNum=F159-26000438,F159-26000438,6900 S 59TH AVE,PHOENIX,1/9/2026 2:20:44 PM,Commercial,0.00,VALLEY FIRE SPRINKLER INC,FPPD-252602,,Trash,negative=fire|sprinkler
F159,26000439,F159-26000439,https://apps-secure.phoenix.gov/PDD/Search/PermitDetails?permitNum=F159-26000439,F159-26000439,6900 S 59TH AVE,PHOENIX,1/9/2026 2:20:44 PM,Commercial,0.00,VALLEY FIRE SPRINKLER INC,FPPD-252601,,Trash,negative=fire|sprinkler
F159,26000440,F159-26000440,https://apps-secure.phoenix.gov/PDD/Search/PermitDetails?permitNum=F159-26000440,F159-26000440,6900 S 59TH AVE,PHOENIX,1/9/2026 2:20:44 PM,Commercial,0.00,VALLEY FIRE SPRINKLER INC,FPPD-252608,,Trash,negative=fire|sprinkler
F159,26000441,F159-26000441,https://apps-secure.phoenix.gov/PDD/Search/PermitDetails?permitNum=F159-26000441,F159-26000441,6900 S 59TH AVE,PHOENIX,1/9/2026 2:20:44 PM,Commercial,0.00,VALLEY FIRE SPRINKLER INC,FPPD-252611,,Trash,negative=fire|sprinkler
WSHM,26000425,WSHM-26000425,https://apps-secure.phoenix.gov/PDD/Search/PermitDetails?permitNum=WSHM-26000425,WSHM-26000425,1224 E BROADWAY RD,PHOENIX,1/9/2026 2:20:02 PM,Commercial,0.00,OWNER,CCPH-2200261,,Trash,no_hvac_signal
LPRM,2600138,LPRM-2600138,https://apps-secure.phoenix.gov/PDD/Search/PermitDetails?permitNum=LPRM-2600138,LPRM-2600138,100 N 3RD ST,PHOENIX,1/9/2026 2:18:03 PM,Commercial,9000.00,CRE8IVE EVENT RENTALS INC,AFPF-060324,,Trash,no_hvac_signal
LPRM,2600138,LPRM-2600138,https://apps-secure.phoenix.gov/PDD/Search/PermitDetails?permitNum=LPRM-2600138,LPRM-2600138,100 N 3RD ST,PHOENIX,1/9/2026 2:18:03 PM,Commercial,9000.00,CRE8IVE EVENT RENTALS INC,AFPF-060324,,Trash,no_hvac_signal
F159,26000424,F159-26000424,https://apps-secure.phoenix.gov/PDD/Search/PermitDetails?permitNum=F159-26000424,F159-26000424,6323 E SAGE DR,PHOENIX,1/9/2026 2:13:27 PM,Residential,0.00,JAMES ARMANDO REZA DBA RED BEACON FIRE & ELECTRIC,FPPD-252579,,Trash,negative=fire
RPV,26000423,RPV-26000423,https://apps-secure.phoenix.gov/PDD/Search/PermitDetails?permitNum=RPV-26000423,RPV-26000423,19007 N 47TH AVE,PHOENIX,1/9/2026 2:13:01 PM,Commercial,31980.00,TESLA,SPAD-2600015,,Trash,no_hvac_signal
LPSG,260032,LPSG-260032,https://apps-secure.phoenix.gov/PDD/Search/PermitDetails?permitNum=LPSG-260032,LPSG-260032,5088 W INNOVATION CIR,PHOENIX,1/9/2026 2:12:52 PM,Commercial,246760.00,TRADEMARK VISUAL INC,,,Trash,no_hvac_signal
F112,26000422,F112-26000422,https://apps-secure.phoenix.gov/PDD/Search/PermitDetails?permitNum=F112-26000422,F112-26000422,13434 N SCOTTSDALE RD,PHOENIX,1/9/2026 2:10:17 PM,Commercial,0.00,PREMIER CIVIL CONTRACTING LLC,CPFL-2400724,,Trash,no_hvac_signal
FPPR,260012,FPPR-260012,https://apps-secure.phoenix.gov/PDD/Search/PermitDetails?permitNum=FPPR-260012,FPPR-260012,4143 N 43RD ST,PHOENIX,1/9/2026 2:05:05 PM,Commercial,0.00,APOLLO SOLAR LLC,SPAD-1800339,,Trash,negative=solar(?: pv)?
F159,26000404,F159-26000404,https://apps-secure.phoenix.gov/PDD/Search/PermitDetails?permitNum=F159-26000404,F159-26000404,9225 W INDIAN SCHOOL RD,PHOENIX,1/9/2026 2:04:55 PM,Commercial,0.00,VALLEY FIRE SPRINKLER INC,FPPD-252678,,Trash,negative=fire|sprinkler
F159,26000405,F159-26000405,https://apps-secure.phoenix.gov/PDD/Search/PermitDetails?permitNum=F159-26000405,F159-26000405,9225 W INDIAN SCHOOL RD,PHOENIX,1/9/2026 2:04:55 PM,Commercial,0.00,VALLEY FIRE SPRINKLER INC,FPPD-252677,,Trash,negative=fire|sprinkler
F159,26000406,F159-26000406,https://apps-secure.phoenix.gov/PDD/Search/PermitDetails?permitNum=F159-26000406,F159-26000406,9225 W INDIAN SCHOOL RD,PHOENIX,1/9/2026 2:04:55 PM,Commercial,0.00,VALLEY FIRE SPRINKLER INC,FPPD-252669,,Trash,negative=fire|sprinkler
F159,26000407,F159-26000407,https://apps-secure.phoenix.gov/PDD/Search/PermitDetails?permitNum=F159-26000407,F159-26000407,9225 W INDIAN SCHOOL RD,PHOENIX,1/9/2026 2:04:55 PM,Commercial,0.00,VALLEY FIRE SPRINKLER INC,FPPD-252671,,Trash,negative=fire|sprinkler
F159,26000408,F159-26000408,https://apps-secure.phoenix.gov/PDD/Search/PermitDetails?permitNum=F159-26000408,F159-26000408,9225 W INDIAN SCHOOL RD,PHOENIX,1/9/2026 2:04:55 PM,Commercial,0.00,VALLEY FIRE SPRINKLER INC,FPPD-252672,,Trash,negative=fire|sprinkler
F159,26000402,F159-26000402,https://apps-secure.phoenix.gov/PDD/Search/PermitDetails?permitNum=F159-26000402,F159-26000402,9225 W INDIAN SCHOOL RD,PHOENIX,1/9/2026 2:04:54 PM,Commercial,0.00,VALLEY FIRE SPRINKLER INC,FPPD-252683,,Trash,negative=fire|sprinkler
F159,26000403,F159-26000403,https://apps-secure.phoenix.gov/PDD/Search/PermitDetails?permitNum=F159-26000403,F159-26000403,9225 W INDIAN SCHOOL RD,PHOENIX,1/9/2026 2:04:54 PM,Commercial,0.00,VALLEY FIRE SPRINKLER INC,FPPD-252674,,Trash,negative=fire|sprinkler
CFB,26000400,CFB-26000400,https://apps-secure.phoenix.gov/PDD/Search/PermitDetails?permitNum=CFB-26000400,CFB-26000400,3633 E THUNDERBIRD RD,PHOENIX,1/9/2026 1:59:30 PM,Residential,0.00,CACTUS PIPELINE CONTRACTORS,CPFL-2505667,,Trash,no_hvac_signal
CPR,26000401,CPR-26000401,https://apps-secure.phoenix.gov/PDD/Search/PermitDetails?permitNum=CPR-26000401,CPR-26000401,3633 E THUNDERBIRD RD,PHOENIX,1/9/2026 1:59:30 PM,Commercial,0.00,RIKOSHEA CONTRACTING AND CONCRETE INC,CPFL-2505667,,Trash,no_hvac_signal
FPPD,260046,FPPD-260046,https://apps-secure.phoenix.gov/PDD/Search/PermitDetails?permitNum=FPPD-260046,FPPD-260046,3050 S 35TH ST,PHOENIX,1/9/2026 1:53:03 PM,Commercial,0.00,AERO AUTOMATIC SPRINKLER COMPANY,,,Trash,negative=sprinkler
S,26000399,S-26000399,https://apps-secure.phoenix.gov/PDD/Search/PermitDetails?permitNum=S-26000399,S-26000399,4643 E CACTUS RD,PHOENIX,1/9/2026 1:44:53 PM,Commercial,7450.00,AUTOMATED EQUIPMENT ERECTORS SOUTHWEST,LPRM-2505645,,Trash,no_hvac_signal
WSFT,26000398,WSFT-26000398,https://apps-secure.phoenix.gov/PDD/Search/PermitDetails?permitNum=WSFT-26000398,WSFT-26000398,,PHOENIX,1/9/2026 1:42:38 PM,Residential,0.00,OWNER,SDEV-2600006,,Trash,no_hvac_signal
F159,26000396,F159-26000396,https://apps-secure.phoenix.gov/PDD/Search/PermitDetails?permitNum=F159-26000396,F159-26000396,19610 N 37TH DR,PHOENIX,1/9/2026 1:30:34 PM,Residential,0.00,SUMMIT FIRE PROTECTION CO,FPPD-252475,,Trash,negative=fire
CPGD,2600136,CPGD-2600136,https://apps-secure.phoenix.gov/PDD/Search/PermitDetails?permitNum=CPGD-2600136,CPGD-2600136,2888 W SONORAN DESERT DR,PHOENIX,1/9/2026 1:29:04 PM,Commercial,0.00,TO BE BID,,,Trash,no_hvac_signal
RPV,26000395,RPV-26000395,https://apps-secure.phoenix.gov/PDD/Search/PermitDetails?permitNum=RPV-26000395,RPV-26000395,1533 W OBERLIN WAY,PHOENIX,1/9/2026 1:20:27 PM,Commercial,44370.00,SOLAR OPTIMUM INC.,SPAD-1204482,,Trash,negative=solar(?: pv)?
SPE,26000394,SPE-26000394,https://apps-secure.phoenix.gov/PDD/Search/PermitDetails?permitNum=SPE-26000394,SPE-26000394,9036 N 9TH AVE,PHOENIX,1/9/2026 1:17:55 PM,Commercial,30000.00,BOLD SITE LOGISTICS LLC,LPRM-2506652,,Trash,no_hvac_signal
CLT,26000393,CLT-26000393,https://apps-secure.phoenix.gov/PDD/Search/PermitDetails?permitNum=CLT-26000393,CLT-26000393,8927 N 10TH ST,PHOENIX,1/9/2026 1:12:05 PM,Commercial,0.00,MOTA CONSTRUCTION LLC,CCPH-2400352,,Trash,no_hvac_signal
LPSG,260030,LPSG-260030,https://apps-secure.phoenix.gov/PDD/Search/PermitDetails?permitNum=LPSG-260030,LPSG-260030,9820 W INDIAN SCHOOL RD,PHOENIX,1/9/2026 1:00:02 PM,Commercial,5000.00,ABOVE ALL SIGNS LLC,,,Trash,no_hvac_signal
FPPD,260045,FPPD-260045,https://apps-secure.phoenix.gov/PDD/Search/PermitDetails?permitNum=FPPD-260045,FPPD-260045,11026 N 19TH AVE,PHOENIX,1/9/2026 12:59:09 PM,Commercial,0.00,TO BE BID,,,Trash,no_hvac_signal
F159,26000390,F159-26000390,https://apps-secure.phoenix.gov/PDD/Search/PermitDetails?permitNum=F159-26000390,F159-26000390,4724 S 35TH AVE,PHOENIX,1/9/2026 12:58:41 PM,Commercial,0.00,ARIZONA FIRE PROTECTION INC.,FPPD-252145,,Trash,negative=fire
F159,26000391,F159-26000391,https://apps-secure.phoenix.gov/PDD/Search/PermitDetails?permitNum=F159-26000391,F159-26000391,4724 S 35TH AVE,PHOENIX,1/9/2026 12:58:41 PM,Commercial,0.00,ARIZONA FIRE PROTECTION INC.,FPPD-252138,,Trash,negative=fire
F159,26000392,F159-26000392,https://apps-secure.phoenix.gov/PDD/Search/PermitDetails?permitNum=F159-26000392,F159-26000392,4724 S 35TH AVE,PHOENIX,1/9/2026 12:58:41 PM,Commercial,0.00,VALLEY FIRE SPRINKLER INC,FPPD-252142,,Trash,negative=fire|sprinkler
F800,2600118,F800-2600118,https://apps-secure.phoenix.gov/PDD/Search/PermitDetails?permitNum=F800-2600118,F800-2600118,515 E STELLA LN,PHOENIX,1/9/2026 12:55:05 PM,Residential,0.00,SUN VALLEY SOLAR SOLUTIONS L L C,SPAD-0904141,,Trash,negative=solar(?: pv)?
F122,26000389,F122-26000389,https://apps-secure.phoenix.gov/PDD/Search/PermitDetails?permitNum=F122-26000389,F122-26000389,11002 S 48TH ST,PHOENIX,1/9/2026 12:50:57 PM,Commercial,0.00,FIRETROL PROTECTION SYSTEMS INC,FPPD-252657,,Trash,no_hvac_signal
F159,26000376,F159-26000376,https://apps-secure.phoenix.gov/PDD/Search/PermitDetails?permitNum=F159-26000376,F159-26000376,4724 S 35TH AVE,PHOENIX,1/9/2026 12:24:49 PM,Commercial,0.00,VALLEY FIRE SPRINKLER INC,FPPD-252131,,Trash,negative=fire|sprinkler
F159,26000377,F159-26000377,https://apps-secure.phoenix.gov/PDD/Search/PermitDetails?permitNum=F159-26000377,F159-26000377,4724 S 35TH AVE,PHOENIX,1/9/2026 12:24:49 PM,Commercial,0.00,VALLEY FIRE SPRINKLER INC,FPPD-252146,,Trash,negative=fire|sprinkler
F159,26000378,F159-26000378,https://apps-secure.phoenix.gov/PDD/Search/PermitDetails?permitNum=F159-26000378,F159-26000378,4724 S 35TH AVE,PHOENIX,1/9/2026 12:24:49 PM,Commercial,0.00,VALLEY FIRE SPRINKLER INC,FPPD-252132,,Trash,negative=fire|sprinkler
F159,26000379,F159-26000379,https://apps-secure.phoenix.gov/PDD/Search/PermitDetails?permitNum=F159-26000379,F159-26000379,4724 S 35TH AVE,PHOENIX,1/9/2026 12:24:49 PM,Commercial,0.00,VALLEY FIRE SPRINKLER INC,FPPD-252140,,Trash,negative=fire|sprinkler
F159,26000380,F159-26000380,https://apps-secure.phoenix.gov/PDD/Search/PermitDetails?permitNum=F159-26000380,F159-26000380,4724 S 35TH AVE,PHOENIX,1/9/2026 12:24:49 PM,Commercial,0.00,VALLEY FIRE SPRINKLER INC,FPPD-252141,,Trash,negative=fire|sprinkler
F159,26000381,F159-26000381,https://apps-secure.phoenix.gov/PDD/Search/PermitDetails?permitNum=F159-26000381,F159-26000381,4724 S 35TH AVE,PHOENIX,1/9/2026 12:24:49 PM,Commercial,0.00,VALLEY FIRE SPRINKLER INC,FPPD-252139,,Trash,negative=fire|sprinkler
F159,26000382,F159-26000382,https://apps-secure.phoenix.gov/PDD/Search/PermitDetails?permitNum=F159-26000382,F159-26000382,4724 S 35TH AVE,PHOENIX,1/9/2026 12:24:49 PM,Commercial,0.00,VALLEY FIRE SPRINKLER INC,FPPD-252133,,Trash,negative=fire|sprinkler
F159,26000383,F159-26000383,https://apps-secure.phoenix.gov/PDD/Search/PermitDetails?permitNum=F159-26000383,F159-26000383,4724 S 35TH AVE,PHOENIX,1/9/2026 12:24:49 PM,Commercial,0.00,VALLEY FIRE SPRINKLER INC,FPPD-252134,,Trash,negative=fire|sprinkler
F159,26000384,F159-26000384,https://apps-secure.phoenix.gov/PDD/Search/PermitDetails?permitNum=F159-26000384,F159-26000384,4724 S 35TH AVE,PHOENIX,1/9/2026 12:24:49 PM,Commercial,0.00,VALLEY FIRE SPRINKLER INC,FPPD-252144,,Trash,negative=fire|sprinkler
F159,26000385,F159-26000385,https://apps-secure.phoenix.gov/PDD/Search/PermitDetails?permitNum=F159-26000385,F159-26000385,4724 S 35TH AVE,PHOENIX,1/9/2026 12:24:49 PM,Commercial,0.00,VALLEY FIRE SPRINKLER INC,FPPD-252137,,Trash,negative=fire|sprinkler
F159,26000386,F159-26000386,https://apps-secure.phoenix.gov/PDD/Search/PermitDetails?permitNum=F159-26000386,F159-26000386,4724 S 35TH AVE,PHOENIX,1/9/2026 12:24:49 PM,Commercial,0.00,VALLEY FIRE SPRINKLER INC,FPPD-252143,,Trash,negative=fire|sprinkler
F159,26000387,F159-26000387,https://apps-secure.phoenix.gov/PDD/Search/PermitDetails?permitNum=F159-26000387,F159-26000387,4724 S 35TH AVE,PHOENIX,1/9/2026 12:24:49 PM,Commercial,0.00,VALLEY FIRE SPRINKLER INC,FPPD-252135,,Trash,negative=fire|sprinkler
F159,26000388,F159-26000388,https://apps-secure.phoenix.gov/PDD/Search/PermitDetails?permitNum=F159-26000388,F159-26000388,4724 S 35TH AVE,PHOENIX,1/9/2026 12:24:49 PM,Commercial,0.00,VALLEY FIRE SPRINKLER INC,FPPD-252136,,Trash,negative=fire|sprinkler
SE,26000375,SE-26000375,https://apps-secure.phoenix.gov/PDD/Search/PermitDetails?permitNum=SE-26000375,SE-26000375,3192 E INDIAN SCHOOL RD,PHOENIX,1/9/2026 12:21:27 PM,Commercial,500000.00,ELECTRIC VEHICLE INFRASTRUCTURES INC,LPRM-2505832,,Trash,no_hvac_signal
F800,2600117,F800-2600117,https://apps-secure.phoenix.gov/PDD/Search/PermitDetails?permitNum=F800-2600117,F800-2600117,7215 S 56TH DR,PHOENIX,1/9/2026 12:10:07 PM,Commercial,0.00,ONEWORLDENERGY LLC,SPAD-0312868,,Trash,no_hvac_signal
BLD,26000374,BLD-26000374,https://apps-secure.phoenix.gov/PDD/Search/PermitDetails?permitNum=BLD-26000374,BLD-26000374,3967 E CAMELBACK RD,PHOENIX,1/9/2026 12:03:13 PM,Commercial,94140.80,BAILEY MARSHALL CORPORATION,LPRR-2505580,,Trash,no_hvac_signal
SE,26000373,SE-26000373,https://apps-secure.phoenix.gov/PDD/Search/PermitDetails?permitNum=SE-26000373,SE-26000373,2275 W PINNACLE PEAK RD,PHOENIX,1/9/2026 11:59:43 AM,Commercial,124000.00,VEQUITY CONSTRUCTION LLC,LPRM-2505540,,Trash,no_hvac_signal
CSLC,26000372,CSLC-26000372,https://apps-secure.phoenix.gov/PDD/Search/PermitDetails?permitNum=CSLC-26000372,CSLC-26000372,4027 E SAN MIGUEL AVE,PHOENIX,1/9/2026 11:58:20 AM,Commercial,0.00,"C4 INVESTMENT GROUP, LLC",CRSC-2507241,,Trash,no_hvac_signal
FPPR,260011,FPPR-260011,https://apps-secure.phoenix.gov/PDD/Search/PermitDetails?permitNum=FPPR-260011,FPPR-260011,2275 W PINNACLE PEAK RD,PHOENIX,1/9/2026 11:54:26 AM,Commercial,0.00,D&H UNITED FUELING SOLUTIONS INC,SPAD-2502123,,Trash,no_hvac_signal
F129,26000371,F129-26000371,https://apps-secure.phoenix.gov/PDD/Search/PermitDetails?permitNum=F129-26000371,F129-26000371,14624 N SCOTTSDALE RD,PHOENIX,1/9/2026 11:37:38 AM,Commercial,0.00,GREENWAY GLOBAL CORPORATION,FPPD-252540,,Trash,no_hvac_signal
F129,26000371,F129-26000371,https://apps-secure.phoenix.gov/PDD/Search/PermitDetails?permitNum=F129-26000371,F129-26000371,14624 N SCOTTSDALE RD,PHOENIX,1/9/2026 11:37:38 AM,Commercial,0.00,GREENWAY GLOBAL CORPORATION,FPPD-252540,,Trash,no_hvac_signal
LPRR,2600134,LPRR-2600134,https://apps-secure.phoenix.gov/PDD/Search/PermitDetails?permitNum=LPRR-2600134,LPRR-2600134,2601 E THUNDERHILL PL,PHOENIX,1/9/2026 11:30:51 AM,Commercial,0.00,TO BE BID,SDEV-9901097,,Trash,no_hvac_signal
FPPX,260043,FPPX-260043,https://apps-secure.phoenix.gov/PDD/Search/PermitDetails?permitNum=FPPX-260043,FPPX-260043,6637 E HEARN RD,PHOENIX,1/9/2026 11:23:53 AM,Commercial,0.00,U S A FIRE PROTECTION L L C,,,Trash,negative=fire
LPRM,2600133,LPRM-2600133,https://apps-secure.phoenix.gov/PDD/Search/PermitDetails?permitNum=LPRM-2600133,LPRM-2600133,4410 W UNION HILLS DR,PHOENIX,1/9/2026 11:23:50 AM,Commercial,250000.00,MASTEC NETWORK SOLUTIONS LLC,,,Trash,no_hvac_signal
CCO,26000366,CCO-26000366,https://apps-secure.phoenix.gov/PDD/Search/PermitDetails?permitNum=CCO-26000366,CCO-26000366,3848 E CHOLLA LN,PHOENIX,1/9/2026 11:15:15 AM,Commercial,0.00,"LEVAKE CONSTRUCTION, INC",CPGD-2505780,,Trash,no_hvac_signal
CSL,26000365,CSL-26000365,https://apps-secure.phoenix.gov/PDD/Search/PermitDetails?permitNum=CSL-26000365,CSL-26000365,3848 E CHOLLA LN,PHOENIX,1/9/2026 11:14:23 AM,Commercial,0.00,GURLEY DEVELOPMENT LLC,CPGD-2505780,,Trash,no_hvac_signal
F481,26000363,F481-26000363,https://apps-secure.phoenix.gov/PDD/Search/PermitDetails?permitNum=F481-26000363,F481-26000363,100 N 18TH ST 2B,PHOENIX,1/9/2026 10:57:31 AM,Commercial,0.00,GORMAN GENERAL CONTRACTORS LLC,FPPD-252720,,Trash,no_hvac_signal
F100,26000360,F100-26000360,https://apps-secure.phoenix.gov/PDD/Search/PermitDetails?permitNum=F100-26000360,F100-26000360,4590 E CACTUS RD,PHOENIX,1/9/2026 10:53:22 AM,Commercial,0.00,STOP FIRE,FPPD-252662,,Trash,negative=fire
F100,26000361,F100-26000361,https://apps-secure.phoenix.gov/PDD/Search/PermitDetails?permitNum=F100-26000361,F100-26000361,4596 E CACTUS RD,PHOENIX,1/9/2026 10:53:22 AM,Commercial,0.00,STOP FIRE,FPPD-252662,,Trash,negative=fire
F100,26000362,F100-26000362,https://apps-secure.phoenix.gov/PDD/Search/PermitDetails?permitNum=F100-26000362,F100-26000362,4598 E CACTUS RD,PHOENIX,1/9/2026 10:53:22 AM,Commercial,0.00,STOP FIRE,FPPD-252662,,Trash,negative=fire
F800,2600115,F800-2600115,https://apps-secure.phoenix.gov/PDD/Search/PermitDetails?permitNum=F800-2600115,F800-2600115,4325 E REDFIELD RD,PHOENIX,1/9/2026 10:36:11 AM,Commercial,0.00,CAPITAL ENERGY LLC,SPAD-2503987,,Trash,no_hvac_signal
F209,2600114,F209-2600114,https://apps-secure.phoenix.gov/PDD/Search/PermitDetails?permitNum=F209-2600114,F209-2600114,4422 E EARLL DR,PHOENIX,1/9/2026 10:35:38 AM,Commercial,0.00,"SOLANA ENERGY CONCEPTS, LLC",FPPR-251131,,Trash,no_hvac_signal
F824,2600113,F824-2600113,https://apps-secure.phoenix.gov/PDD/Search/PermitDetails?permitNum=F824-2600113,F824-2600113,3041 E MARLETTE AVE,PHOENIX,1/9/2026 10:33:42 AM,Commercial,0.00,CANYON STATE PROPANE LLC,SPAD-2600025,,Trash,no_hvac_signal
F193,2600112,F193-2600112,https://apps-secure.phoenix.gov/PDD/Search/PermitDetails?permitNum=F193-2600112,F193-2600112,14832 N 36TH ST,PHOENIX,1/9/2026 10:27:45 AM,Commercial,0.00,BRIGHT HOME INSTALLATIONS LLC,SPAD-2600002,,Trash,no_hvac_signal
F171,2600111,F171-2600111,https://apps-secure.phoenix.gov/PDD/Search/PermitDetails?permitNum=F171-2600111,F171-2600111,4346 E ELWOOD ST,PHOENIX,1/9/2026 10:24:52 AM,Commercial,630.00,API GROUP LIFE SAFETY USA LLC,SPAD-0111555,,Trash,no_hvac_signal
RPV,26000358,RPV-26000358,https://apps-secure.phoenix.gov/PDD/Search/PermitDetails?permitNum=RPV-26000358,RPV-26000358,3051 W CASINO AVE,PHOENIX,1/9/2026 10:18:45 AM,Commercial,51300.00,SOLAR OPTIMUM INC.,SPAD-0201096,,Trash,negative=solar(?: pv)?
FPPD,260042,FPPD-260042,https://apps-secure.phoenix.gov/PDD/Search/PermitDetails?permitNum=FPPD-260042,FPPD-260042,22830 N 19TH AVE,PHOENIX,1/9/2026 10:04:29 AM,Commercial,0.00,K G M BUILDERS INC,,,Trash,no_hvac_signal
F159,26000353,F159-26000353,https://apps-secure.phoenix.gov/PDD/Search/PermitDetails?permitNum=F159-26000353,F159-26000353,6249 E LARKSPUR DR,PHOENIX,1/9/2026 10:04:03 AM,Residential,0.00,U S A FIRE PROTECTION,FPPD-252649,,Trash,negative=fire
LPSG,260028,LPSG-260028,https://apps-secure.phoenix.gov/PDD/Search/PermitDetails?permitNum=LPSG-260028,LPSG-260028,2855 W CACTUS RD,PHOENIX,1/9/2026 9:57:02 AM,Commercial,4675.00,ROCKART INDUSTRIES LLC,,,Trash,no_hvac_signal
FACT,2600132,FACT-2600132,https://apps-secure.phoenix.gov/PDD/Search/PermitDetails?permitNum=FACT-2600132,FACT-2600132,,PHOENIX,1/9/2026 9:45:51 AM,Residential,0.00,TO BE BID,,,Trash,no_hvac_signal
SE,26000344,SE-26000344,https://apps-secure.phoenix.gov/PDD/Search/PermitDetails?permitNum=SE-26000344,SE-26000344,3831 E THUNDERBIRD RD,PHOENIX,1/9/2026 9:27:52 AM,Commercial,30000.00,NORTHSTAR COMMUNICATIONS INC,LPRM-2506128,,Trash,no_hvac_signal
F800,2600108,F800-2600108,https://apps-secure.phoenix.gov/PDD/Search/PermitDetails?permitNum=F800-2600108,F800-2600108,11405 S TAWA LN,PHOENIX,1/9/2026 8:49:03 AM,Commercial,0.00,INTY SOLAR LLC,SPAD-2600003,,Trash,negative=solar(?: pv)?
LPBE,2600131,LPBE-2600131,https://apps-secure.phoenix.gov/PDD/Search/PermitDetails?permitNum=LPBE-2600131,LPBE-2600131,21 W VAN BUREN ST,PHOENIX,1/9/2026 8:32:39 AM,Commercial,301587.00,THYSSEN ELEVATOR CORPORATION,SPAD-0213466,,Trash,no_hvac_signal
LPSG,260027,LPSG-260027,https://apps-secure.phoenix.gov/PDD/Search/PermitDetails?permitNum=LPSG-260027,LPSG-260027,1050 N 52ND ST,PHOENIX,1/9/2026 8:31:36 AM,Commercial,5005.00,WESTERN SIGNS AND LIGHTING L L C,,,Trash,negative=lighting
CPO,26000342,CPO-26000342,https://apps-secure.phoenix.gov/PDD/Search/PermitDetails?permitNum=CPO-26000342,CPO-26000342,9525 S 59TH AVE,PHOENIX,1/9/2026 8:20:33 AM,Commercial,0.00,SAFE SITE UTILITY SERVICES LLC,SDEV-2300300,,Trash,no_hvac_signal
WSFT,26000341,WSFT-26000341,https://apps-secure.phoenix.gov/PDD/Search/PermitDetails?permitNum=WSFT-26000341,WSFT-26000341,435 S 59TH AVE,PHOENIX,1/9/2026 8:19:42 AM,Residential,0.00,OWNER,CCPH-1800101,,Trash,no_hvac_signal
ELEV,26000340,ELEV-26000340,https://apps-secure.phoenix.gov/PDD/Search/PermitDetails?permitNum=ELEV-26000340,ELEV-26000340,4510 N 24TH ST,PHOENIX,1/9/2026 8:19:19 AM,Commercial,221146.00,THYSSEN ELEVATOR CORPORATION,LPBE-T139259,,Trash,no_hvac_signal
LPBE,2600130,LPBE-2600130,https://apps-secure.phoenix.gov/PDD/Search/PermitDetails?permitNum=LPBE-2600130,LPBE-2600130,4510 N 24TH ST,PHOENIX,1/9/2026 8:16:56 AM,Commercial,221146.00,THYSSEN ELEVATOR CORPORATION,SPAD-0008791,,Trash,no_hvac_signal
F800,2600107,F800-2600107,https://apps-secure.phoenix.gov/PDD/Search/PermitDetails?permitNum=F800-2600107,F800-2600107,1447 E WICKIEUP LN,PHOENIX,1/9/2026 7:09:59 AM,Commercial,0.00,ONEWORLDENERGY LLC,SPAD-2504273,,Trash,no_hvac_signal
F800,2600104,F800-2600104,https://apps-secure.phoenix.gov/PDD/Search/PermitDetails?permitNum=F800-2600104,F800-2600104,2519 N 38TH ST,PHOENIX,1/9/2026 6:49:18 AM,Commercial,0.00,ONEWORLDENERGY LLC,SPAD-2504271,,Trash,no_hvac_signal
F209,2600103,F209-2600103,https://apps-secure.phoenix.gov/PDD/Search/PermitDetails?permitNum=F209-2600103,F209-2600103,25405 N 45TH DR,PHOENIX,1/9/2026 6:40:02 AM,Commercial,0.00,ICON POWER LLC,FPPR-251227,,Trash,no_hvac_signal
LPSG,260026,LPSG-260026,https://apps-secure.phoenix.gov/PDD/Search/PermitDetails?permitNum=LPSG-260026,LPSG-260026,2021 E VERDIN WAY,PHOENIX,1/9/2026 6:33:49 AM,Commercial,4000.00,E 2 INNOVATIONS INC,,,Trash,no_hvac_signal
S,26000409,S-26000409,https://apps-secure.phoenix.gov/PDD/Search/PermitDetails?permitNum=S-26000409,S-26000409,3333 W DUNLAP AVE,PHOENIX,1/9/2026 12:00:00 AM,Commercial,115000.00,BKH DEVELOPMENT LP,LPRM-2506887,,Trash,no_hvac_signal
S,26000410,S-26000410,https://apps-secure.phoenix.gov/PDD/Search/PermitDetails?permitNum=S-26000410,S-26000410,3333 W DUNLAP AVE,PHOENIX,1/9/2026 12:00:00 AM,Commercial,115000.00,BKH DEVELOPMENT LP,LPRM-2506887,,Trash,no_hvac_signal
S,26000411,S-26000411,https://apps-secure.phoenix.gov/PDD/Search/PermitDetails?permitNum=S-26000411,S-26000411,3333 W DUNLAP AVE,PHOENIX,1/9/2026 12:00:00 AM,Commercial,115000.00,BKH DEVELOPMENT LP,LPRM-2506887,,Trash,no_hvac_signal
S,26000412,S-26000412,https://apps-secure.phoenix.gov/PDD/Search/PermitDetails?permitNum=S-26000412,S-26000412,3333 W DUNLAP AVE,PHOENIX,1/9/2026 12:00:00 AM,Commercial,115000.00,BKH DEVELOPMENT LP,LPRM-2506887,,Trash,no_hvac_signal
S,26000413,S-26000413,https://apps-secure.phoenix.gov/PDD/Search/PermitDetails?permitNum=S-26000413,S-26000413,3333 W DUNLAP AVE,PHOENIX,1/9/2026 12:00:00 AM,Commercial,115000.00,BKH DEVELOPMENT LP,LPRM-2506887,,Trash,no_hvac_signal
S,26000414,S-26000414,https://apps-secure.phoenix.gov/PDD/Search/PermitDetails?permitNum=S-26000414,S-26000414,3333 W DUNLAP AVE,PHOENIX,1/9/2026 12:00:00 AM,Commercial,115000.00,BKH DEVELOPMENT LP,LPRM-2506887,,Trash,no_hvac_signal
S,26000415,S-26000415,https://apps-secure.phoenix.gov/PDD/Search/PermitDetails?permitNum=S-26000415,S-26000415,3333 W DUNLAP AVE,PHOENIX,1/9/2026 12:00:00 AM,Commercial,115000.00,BKH DEVELOPMENT LP,LPRM-2506887,,Trash,no_hvac_signal
S,26000416,S-26000416,https://apps-secure.phoenix.gov/PDD/Search/PermitDetails?permitNum=S-26000416,S-26000416,3333 W DUNLAP AVE,PHOENIX,1/9/2026 12:00:00 AM,Commercial,115000.00,BKH DEVELOPMENT LP,LPRM-2506887,,Trash,no_hvac_signal
S,26000417,S-26000417,https://apps-secure.phoenix.gov/PDD/Search/PermitDetails?permitNum=S-26000417,S-26000417,3333 W DUNLAP AVE,PHOENIX,1/9/2026 12:00:00 AM,Commercial,115000.00,BKH DEVELOPMENT LP,LPRM-2506887,,Trash,no_hvac_signal
S,26000418,S-26000418,https://apps-secure.phoenix.gov/PDD/Search/PermitDetails?permitNum=S-26000418,S-26000418,3333 W DUNLAP AVE,PHOENIX,1/9/2026 12:00:00 AM,Commercial,115000.00,BKH DEVELOPMENT LP,LPRM-2506887,,Trash,no_hvac_signal
S,26000419,S-26000419,https://apps-secure.phoenix.gov/PDD/Search/PermitDetails?permitNum=S-26000419,S-26000419,3333 W DUNLAP AVE,PHOENIX,1/9/2026 12:00:00 AM,Commercial,115000.00,BKH DEVELOPMENT LP,LPRM-2506887,,Trash,no_hvac_signal
S,26000420,S-26000420,https://apps-secure.phoenix.gov/PDD/Search/PermitDetails?permitNum=S-26000420,S-26000420,3333 W DUNLAP AVE,PHOENIX,1/9/2026 12:00:00 AM,Commercial,115000.00,BKH DEVELOPMENT LP,LPRM-2506887,,Trash,no_hvac_signal
S,26000346,S-26000346,https://apps-secure.phoenix.gov/PDD/Search/PermitDetails?permitNum=S-26000346,S-26000346,14215 N CAVE CREEK RD,PHOENIX,1/9/2026 12:00:00 AM,Commercial,61546.50,CHOLLA CIVIL CONSTRUCTION LLC,CPHG-2300094,,Trash,no_hvac_signal
CGD,26000347,CGD-26000347,https://apps-secure.phoenix.gov/PDD/Search/PermitDetails?permitNum=CGD-26000347,CGD-26000347,14215 N CAVE CREEK RD,PHOENIX,1/9/2026 12:00:00 AM,Commercial,0.00,CHOLLA CIVIL CONSTRUCTION LLC,CPHG-2300094,,Trash,no_hvac_signal
CCO,26000348,CCO-26000348,https://apps-secure.phoenix.gov/PDD/Search/PermitDetails?permitNum=CCO-26000348,CCO-26000348,14215 N CAVE CREEK RD,PHOENIX,1/9/2026 12:00:00 AM,Commercial,0.00,CHOLLA CIVIL CONSTRUCTION LLC,CPHG-2300094,,Trash,no_hvac_signal
CDF,26000349,CDF-26000349,https://apps-secure.phoenix.gov/PDD/Search/PermitDetails?permitNum=CDF-26000349,CDF-26000349,14215 N CAVE CREEK RD,PHOENIX,1/9/2026 12:00:00 AM,Commercial,0.00,CHOLLA CIVIL CONSTRUCTION LLC,CPHG-2300094,,Trash,no_hvac_signal
CHG,26000350,CHG-26000350,https://apps-secure.phoenix.gov/PDD/Search/PermitDetails?permitNum=CHG-26000350,CHG-26000350,14215 N CAVE CREEK RD,PHOENIX,1/9/2026 12:00:00 AM,Commercial,0.00,TO BE BID,CPHG-2300094,,Trash,no_hvac_signal
CSW,26000351,CSW-26000351,https://apps-secure.phoenix.gov/PDD/Search/PermitDetails?permitNum=CSW-26000351,CSW-26000351,14215 N CAVE CREEK RD,PHOENIX,1/9/2026 12:00:00 AM,Commercial,0.00,CHOLLA CIVIL CONSTRUCTION LLC,CPSW-2209166,,Trash,no_hvac_signal
F112,26000355,F112-26000355,https://apps-secure.phoenix.gov/PDD/Search/PermitDetails?permitNum=F112-26000355,F112-26000355,16809 N PARK PL,PHOENIX,1/9/2026 12:00:00 AM,Commercial,0.00,ALL UTILITY CONTRACTING LLC,CPFL-2504896,,Trash,no_hvac_signal
CFB,26000356,CFB-26000356,https://apps-secure.phoenix.gov/PDD/Search/PermitDetails?permitNum=CFB-26000356,CFB-26000356,16809 N PARK PL,PHOENIX,1/9/2026 12:00:00 AM,Commercial,0.00,ALL UTILITY CONTRACTING LLC,CPFL-2504896,,Trash,no_hvac_signal
CPR,26000357,CPR-26000357,https://apps-secure.phoenix.gov/PDD/Search/PermitDetails?permitNum=CPR-26000357,CPR-26000357,16809 N PARK PL,PHOENIX,1/9/2026 12:00:00 AM,Commercial,0.00,ALL UTILITY CONTRACTING LLC,CPFL-2504896,,Trash,no_hvac_signal
CSE,26000368,CSE-26000368,https://apps-secure.phoenix.gov/PDD/Search/PermitDetails?permitNum=CSE-26000368,CSE-26000368,20400 N 56TH ST,PHOENIX,1/9/2026 12:00:00 AM,Commercial,0.00,COLORADO STRUCTURES INC,WSPR-2500063,,Trash,no_hvac_signal
CSE,26000369,CSE-26000369,https://apps-secure.phoenix.gov/PDD/Search/PermitDetails?permitNum=CSE-26000369,CSE-26000369,20400 N 56TH ST,PHOENIX,1/9/2026 12:00:00 AM,Commercial,0.00,COLORADO STRUCTURES INC,WSPR-2500062,,Trash,no_hvac_signal
CSL,26000446,CSL-26000446,https://apps-secure.phoenix.gov/PDD/Search/PermitDetails?permitNum=CSL-26000446,CSL-26000446,6607 S 9TH ST,PHOENIX,1/9/2026 12:00:00 AM,Residential,0.00,OWNER,CPGD-2505009,,Trash,no_hvac_signal
CDW,26000447,CDW-26000447,https://apps-secure.phoenix.gov/PDD/Search/PermitDetails?permitNum=CDW-26000447,CDW-26000447,6607 S 9TH ST,PHOENIX,1/9/2026 12:00:00 AM,Commercial,0.00,PEAC CONSTRUCTION SERVICES LLC,CPGD-2505009,,Trash,no_hvac_signal
PAPP,2600129,PAPP-2600129,https://apps-secure.phoenix.gov/PDD/Search/PermitDetails?permitNum=PAPP-2600129,PAPP-2600129,21410 N 24TH AVE,PHOENIX,1/8/2026 8:48:23 PM,Residential,0.00,TO BE BID,,,Trash,no_hvac_signal
SE,26000335,SE-26000335,https://apps-secure.phoenix.gov/PDD/Search/PermitDetails?permitNum=SE-26000335,SE-26000335,23050 N 27TH AVE,PHOENIX,1/8/2026 7:07:46 PM,Commercial,25000.00,MASTEC NETWORK SOLUTIONS LLC,LPRM-2506970,,Trash,no_hvac_signal
F193,2600102,F193-2600102,https://apps-secure.phoenix.gov/PDD/Search/PermitDetails?permitNum=F193-2600102,F193-2600102,4346 W MESCAL ST,PHOENIX,1/8/2026 6:03:51 PM,Commercial,0.00,CAPITAL ENERGY LLC,SPAD-2504285,,Trash,no_hvac_signal
F800,2600101,F800-2600101,https://apps-secure.phoenix.gov/PDD/Search/PermitDetails?permitNum=F800-2600101,F800-2600101,17641 N 6TH PL,PHOENIX,1/8/2026 6:01:57 PM,Commercial,0.00,CAPITAL ENERGY LLC,SPAD-2503989,,Trash,no_hvac_signal
DSAP,26008,DSAP-26008,https://apps-secure.phoenix.gov/PDD/Search/PermitDetails?permitNum=DSAP-26008,DSAP-26008,8800 S 26TH ST,PHOENIX,1/8/2026 5:34:35 PM,Commercial,0.00,OWNER,,,Trash,no_hvac_signal
F194,2600100,F194-2600100,https://apps-secure.phoenix.gov/PDD/Search/PermitDetails?permitNum=F194-2600100,F194-2600100,27321 N 65TH DR,PHOENIX,1/8/2026 5:13:14 PM,Commercial,0.00,INTY SOLAR LLC,FPPR-251224,,Trash,negative=solar(?: pv)?
OE,26000333,OE-26000333,https://apps-secure.phoenix.gov/PDD/Search/PermitDetails?permitNum=OE-26000333,OE-26000333,16 E HATCHER RD,PHOENIX,1/8/2026 5:10:49 PM,Commercial,4750.00,TOTAL ELECTRIC INC,,,Trash,no_hvac_signal
LSPL,2600128,LSPL-2600128,https://apps-secure.phoenix.gov/PDD/Search/PermitDetails?permitNum=LSPL-2600128,LSPL-2600128,4150 S RIVERPOINT PKWY,PHOENIX,1/8/2026 5:04:50 PM,Residential,0.00,TO BE BID,,,Trash,no_hvac_signal
RPV,26000332,RPV-26000332,https://apps-secure.phoenix.gov/PDD/Search/PermitDetails?permitNum=RPV-26000332,RPV-26000332,15036 N 38TH AVE,PHOENIX,1/8/2026 4:54:38 PM,Commercial,19680.00,ONEWORLDENERGY LLC,SPAD-2109050,,Trash,no_hvac_signal
F800,2600098,F800-2600098,https://apps-secure.phoenix.gov/PDD/Search/PermitDetails?permitNum=F800-2600098,F800-2600098,12014 S TONALEA DR,PHOENIX,1/8/2026 4:02:42 PM,Commercial,0.00,ARIZONA CUSTOM SOLAR SERVICES LLC,SPAD-0509686,,Trash,negative=solar(?: pv)?
LPSG,260023,LPSG-260023,https://apps-secure.phoenix.gov/PDD/Search/PermitDetails?permitNum=LPSG-260023,LPSG-260023,743 E BELL RD 2,PHOENIX,1/8/2026 4:00:42 PM,Commercial,5000.00,GLOBAL SIGN WORKS G S W L L C,,,Trash,negative=sign
F800,2600097,F800-2600097,https://apps-secure.phoenix.gov/PDD/Search/PermitDetails?permitNum=F800-2600097,F800-2600097,5402 E WINDROSE DR,PHOENIX,1/8/2026 4:00:01 PM,Commercial,0.00,ARIZONA CUSTOM SOLAR SERVICES LLC,SPAD-1106156,,Trash,negative=solar(?: pv)?
F105,26000331,F105-26000331,https://apps-secure.phoenix.gov/PDD/Search/PermitDetails?permitNum=F105-26000331,F105-26000331,4836 E CHANDLER BLVD,PHOENIX,1/8/2026 3:48:33 PM,Commercial,0.00,HALO FIRE PROTECTION L L C,FPPX-252371,,Trash,negative=fire
CGD,26000330,CGD-26000330,https://apps-secure.phoenix.gov/PDD/Search/PermitDetails?permitNum=CGD-26000330,CGD-26000330,10222 N 12TH AVE,PHOENIX,1/8/2026 3:44:51 PM,Commercial,1.00,DYNAMIC NETWORKS LLC,CPGD-2503739,,Trash,no_hvac_signal
OP,26000329,OP-26000329,https://apps-secure.phoenix.gov/PDD/Search/PermitDetails?permitNum=OP-26000329,OP-26000329,4949 N 20TH ST,PHOENIX,1/8/2026 3:43:36 PM,Commercial,2500.00,PASS FIRE PROTECTION LLC,SPAD-2402364,,Trash,negative=fire
WSHM,26000326,WSHM-26000326,https://apps-secure.phoenix.gov/PDD/Search/PermitDetails?permitNum=WSHM-26000326,WSHM-26000326,2502 W GRANDVIEW RD,PHOENIX,1/8/2026 3:39:08 PM,Residential,0.00,OWNER,SPAD-0611514,,Trash,no_hvac_signal
WSFT,26000325,WSFT-26000325,https://apps-secure.phoenix.gov/PDD/Search/PermitDetails?permitNum=WSFT-26000325,WSFT-26000325,719 E HIGHLINE RD,PHOENIX,1/8/2026 3:22:03 PM,Residential,0.00,BABBITT NELSON ENGINEERING,SPAD-2201266,,Trash,no_hvac_signal
RPV,26000324,RPV-26000324,https://apps-secure.phoenix.gov/PDD/Search/PermitDetails?permitNum=RPV-26000324,RPV-26000324,20905 N 38TH ST,PHOENIX,1/8/2026 3:20:02 PM,Commercial,25830.00,CAPITAL ENERGY LLC,SPAD-2002907,,Trash,no_hvac_signal
CDF,26000323,CDF-26000323,https://apps-secure.phoenix.gov/PDD/Search/PermitDetails?permitNum=CDF-26000323,CDF-26000323,18017 N 64TH ST,PHOENIX,1/8/2026 3:18:32 PM,Commercial,20.00,JAG CONSTRUCTION LLC,CPGD-2503843,,Trash,no_hvac_signal
LPRM,2600126,LPRM-2600126,https://apps-secure.phoenix.gov/PDD/Search/PermitDetails?permitNum=LPRM-2600126,LPRM-2600126,5088 W INNOVATION CIR,PHOENIX,1/8/2026 3:17:47 PM,Commercial,3199516.00,OKLAND CONSTRUCTION COMPANY,LPRN-2500672,,Trash,no_hvac_signal
LPRM,2600126,LPRM-2600126,https://apps-secure.phoenix.gov/PDD/Search/PermitDetails?permitNum=LPRM-2600126,LPRM-2600126,5088 W INNOVATION CIR,PHOENIX,1/8/2026 3:17:47 PM,Commercial,3199516.00,OKLAND CONSTRUCTION COMPANY,LPRN-2500672,,Trash,no_hvac_signal
CLS,26000322,CLS-26000322,https://apps-secure.phoenix.gov/PDD/Search/PermitDetails?permitNum=CLS-26000322,CLS-26000322,2526 W NORTHERN AVE,PHOENIX,1/8/2026 3:14:19 PM,Commercial,0.00,HASHKNIFE HOTSHOTS LLC,LSPL-2505422,,Trash,no_hvac_signal
WSHM,26000321,WSHM-26000321,https://apps-secure.phoenix.gov/PDD/Search/PermitDetails?permitNum=WSHM-26000321,WSHM-26000321,,PHOENIX,1/8/2026 3:09:35 PM,Commercial,0.00,TFI (AZ) LLC,SDEV-2600004,,Trash,no_hvac_signal
CUT,26000320,CUT-26000320,https://apps-secure.phoenix.gov/PDD/Search/PermitDetails?permitNum=CUT-26000320,CUT-26000320,4568 E CACTUS RD,PHOENIX,1/8/2026 3:08:41 PM,Commercial,0.00,ALLSTATE UTILITY CONSTRUCTION L L C,CCPH-2500180,,Trash,no_hvac_signal
WSFT,26000319,WSFT-26000319,https://apps-secure.phoenix.gov/PDD/Search/PermitDetails?permitNum=WSFT-26000319,WSFT-26000319,,PHOENIX,1/8/2026 3:07:36 PM,Commercial,0.00,KIMLEY-HORN AND ASSOCIATES INC,SPAD-0407787,,Trash,no_hvac_signal
CPGD,2600125,CPGD-2600125,https://apps-secure.phoenix.gov/PDD/Search/PermitDetails?permitNum=CPGD-2600125,CPGD-2600125,24611 N 49TH AVE,PHOENIX,1/8/2026 3:05:42 PM,Residential,0.00,TO BE BID,SPAD-2600024,,Trash,no_hvac_signal
LPRM,2600124,LPRM-2600124,https://apps-secure.phoenix.gov/PDD/Search/PermitDetails?permitNum=LPRM-2600124,LPRM-2600124,100 S 48TH ST,PHOENIX,1/8/2026 2:56:43 PM,Commercial,24000.00,MCSHANE CONSTRUCTION COMPANY LLC,,,Trash,no_hvac_signal
WSFT,26000316,WSFT-26000316,https://apps-secure.phoenix.gov/PDD/Search/PermitDetails?permitNum=WSFT-26000316,WSFT-26000316,2250 W HAPPY VALLEY RD,PHOENIX,1/8/2026 2:50:55 PM,Commercial,0.00,FOOTHILL FIRE PROTECTION INC,CCPH-2400469,,Trash,negative=fire
RPV,26000315,RPV-26000315,https://apps-secure.phoenix.gov/PDD/Search/PermitDetails?permitNum=RPV-26000315,RPV-26000315,2941 W WASHINGTON ST,PHOENIX,1/8/2026 2:47:57 PM,Commercial,35000.00,PROSTRUCT SOLAR LLC,SPAD-0800891,,Trash,negative=solar(?: pv)?
FPPD,260041,FPPD-260041,https://apps-secure.phoenix.gov/PDD/Search/PermitDetails?permitNum=FPPD-260041,FPPD-260041,2770 N 75TH AVE,PHOENIX,1/8/2026 2:44:55 PM,Commercial,0.00,TO BE BID,,,Trash,no_hvac_signal
WSHM,26000314,WSHM-26000314,https://apps-secure.phoenix.gov/PDD/Search/PermitDetails?permitNum=WSHM-26000314,WSHM-26000314,1616 W ALAMEDA RD,PHOENIX,1/8/2026 2:37:31 PM,Residential,0.00,EDGE CONSTRUCTION L L C,CCPH-2400425,,Trash,no_hvac_signal
F193,2600096,F193-2600096,https://apps-secure.phoenix.gov/PDD/Search/PermitDetails?permitNum=F193-2600096,F193-2600096,6739 W DESERT LN,PHOENIX,1/8/2026 2:33:57 PM,Commercial,0.00,BRIGHT HOME INSTALLATIONS LLC,SPAD-2504287,,Trash,no_hvac_signal
LPRR,2600123,LPRR-2600123,https://apps-secure.phoenix.gov/PDD/Search/PermitDetails?permitNum=LPRR-2600123,LPRR-2600123,2325 W CYPRESS ST,PHOENIX,1/8/2026 2:31:37 PM,Commercial,144672.00,DESERT WEST COMMERCIAL L L C,,,Trash,no_hvac_signal
LPSG,260022,LPSG-260022,https://apps-secure.phoenix.gov/PDD/Search/PermitDetails?permitNum=LPSG-260022,LPSG-260022,2411 W LONE CACTUS DR,PHOENIX,1/8/2026 2:29:57 PM,Commercial,5000.00,ANOTHER LEVEL INSTALLS LLC,,,Trash,no_hvac_signal
WSFT,26000313,WSFT-26000313,https://apps-secure.phoenix.gov/PDD/Search/PermitDetails?permitNum=WSFT-26000313,WSFT-26000313,801 W JEFFERSON ST,PHOENIX,1/8/2026 2:29:26 PM,Commercial,0.00,API GROUP LIFE SAFETY USA LLC,CCPH-2400479,,Trash,no_hvac_signal
WSSD,26000312,WSSD-26000312,https://apps-secure.phoenix.gov/PDD/Search/PermitDetails?permitNum=WSSD-26000312,WSSD-26000312,4550 W VAN BUREN ST,PHOENIX,1/8/2026 2:28:13 PM,Commercial,0.00,METRO FIRE EQUIPMENT,SPAD-99001052,,Trash,negative=fire
SGNP,214923,SGNP-214923,https://apps-secure.phoenix.gov/PDD/Search/PermitDetails?permitNum=SGNP-214923,SGNP-214923,1001 E FAIRMOUNT AVE,PHOENIX,1/8/2026 2:22:43 PM,Residential,1325.00,SIGN A RAMA,LPSG-260009,,Trash,negative=sign
FPPD,260040,FPPD-260040,https://apps-secure.phoenix.gov/PDD/Search/PermitDetails?permitNum=FPPD-260040,FPPD-260040,2115 S 11TH AVE,PHOENIX,1/8/2026 2:21:53 PM,Commercial,0.00,TO BE BID,,,Trash,no_hvac_signal
SGNP,214922,SGNP-214922,https://apps-secure.phoenix.gov/PDD/Search/PermitDetails?permitNum=SGNP-214922,SGNP-214922,4950 E BEVERLY RD,PHOENIX,1/8/2026 2:07:44 PM,Commercial,4000.00,VICTORY INSTALLERS LLC,LPSG-251442,,Trash,no_hvac_signal
F159,26000310,F159-26000310,https://apps-secure.phoenix.gov/PDD/Search/PermitDetails?permitNum=F159-26000310,F159-26000310,9311 W COOLIDGE ST,PHOENIX,1/8/2026 2:00:42 PM,Commercial,0.00,9 FIRE PROTECTION LLC,FPPD-252645,,Trash,negative=fire
LPRM,2600121,LPRM-2600121,https://apps-secure.phoenix.gov/PDD/Search/PermitDetails?permitNum=LPRM-2600121,LPRM-2600121,8181 S 20TH ST,PHOENIX,1/8/2026 1:59:40 PM,Commercial,10539.00,GOTHIC LANDSCAPING INC,,,Trash,no_hvac_signal
F875,26000309,F875-26000309,https://apps-secure.phoenix.gov/PDD/Search/PermitDetails?permitNum=F875-26000309,F875-26000309,2254 W BLAYLOCK DR,PHOENIX,1/8/2026 1:46:16 PM,Commercial,0.00,JK ALARMS OF AZ INC,,,Trash,no_hvac_signal
RVSN,2504621-01,RVSN-2504621-01,https://apps-secure.phoenix.gov/PDD/Search/PermitDetails?permitNum=RVSN-2504621-01,RVSN-2504621-01,6767 N 7TH ST 203,PHOENIX,1/8/2026 1:33:50 PM,Commercial,0.00,RUSSIAN BUILDER LLC,,,Trash,no_hvac_signal
CSL,26000308,CSL-26000308,https://apps-secure.phoenix.gov/PDD/Search/PermitDetails?permitNum=CSL-26000308,CSL-26000308,1201 N LAUREL AVE,PHOENIX,1/8/2026 1:32:35 PM,Residential,0.00,BROTHERS CONSTRUCTION L L C,CPGD-2502692,,Trash,no_hvac_signal
FPPR,260010,FPPR-260010,https://apps-secure.phoenix.gov/PDD/Search/PermitDetails?permitNum=FPPR-260010,FPPR-260010,2201 E CLUBHOUSE DR,PHOENIX,1/8/2026 1:31:39 PM,Commercial,0.00,GLOBAL SYSTEMS UNITED LLC,SPAD-0008427,,Trash,no_hvac_signal
LPRR,2600116,LPRR-2600116,https://apps-secure.phoenix.gov/PDD/Search/PermitDetails?permitNum=LPRR-2600116,LPRR-2600116,1610 E HIGHLAND AVE,PHOENIX,1/8/2026 1:23:01 PM,Commercial,25000.00,T BUILT LLC,,,Trash,no_hvac_signal
PRLM,2600115,PRLM-2600115,https://apps-secure.phoenix.gov/PDD/Search/PermitDetails?permitNum=PRLM-2600115,PRLM-2600115,2945 W COLTER ST,PHOENIX,1/8/2026 1:13:25 PM,Residential,0.00,TO BE BID,SDEV-990043,,Trash,no_hvac_signal
S,26000306,S-26000306,https://apps-secure.phoenix.gov/PDD/Search/PermitDetails?permitNum=S-26000306,S-26000306,7611 N 16TH ST,PHOENIX,1/8/2026 1:04:06 PM,Commercial,11700.00,AZ SITEWORKS INC.,CPGD-2505040,,Trash,no_hvac_signal
CGD,26000307,CGD-26000307,https://apps-secure.phoenix.gov/PDD/Search/PermitDetails?permitNum=CGD-26000307,CGD-26000307,7611 N 16TH ST,PHOENIX,1/8/2026 1:04:06 PM,Commercial,0.00,AZ SITEWORKS INC.,CPGD-2505040,,Trash,no_hvac_signal
CSW,26000305,CSW-26000305,https://apps-secure.phoenix.gov/PDD/Search/PermitDetails?permitNum=CSW-26000305,CSW-26000305,7611 N 16TH ST,PHOENIX,1/8/2026 1:01:56 PM,Commercial,0.00,AZ SITEWORKS INC.,CPSW-2504631,,Trash,no_hvac_signal
FPPD,260039,FPPD-260039,https://apps-secure.phoenix.gov/PDD/Search/PermitDetails?permitNum=FPPD-260039,FPPD-260039,9225 W INDIAN SCHOOL RD,PHOENIX,1/8/2026 12:56:24 PM,Commercial,0.00,VALLEY FIRE SPRINKLER INC,,,Trash,negative=fire|sprinkler
LPCO,2600114,LPCO-2600114,https://apps-secure.phoenix.gov/PDD/Search/PermitDetails?permitNum=LPCO-2600114,LPCO-2600114,15215 S 48TH ST 160,PHOENIX,1/8/2026 12:53:19 PM,Residential,0.00,TO BE BID,,,Trash,no_hvac_signal
LPRR,2600113,LPRR-2600113,https://apps-secure.phoenix.gov/PDD/Search/PermitDetails?permitNum=LPRR-2600113,LPRR-2600113,7612 S 41ST ST,PHOENIX,1/8/2026 12:49:53 PM,Commercial,30000.00,TO BE BID,,,Trash,no_hvac_signal
F809,26000303,F809-26000303,https://apps-secure.phoenix.gov/PDD/Search/PermitDetails?permitNum=F809-26000303,F809-26000303,7171 E PARADISE LN,PHOENIX,1/8/2026 12:36:52 PM,Commercial,0.00,MAXIMUM FIRE PROTECTION L L C,,,Trash,negative=fire
CWW,26000302,CWW-26000302,https://apps-secure.phoenix.gov/PDD/Search/PermitDetails?permitNum=CWW-26000302,CWW-26000302,,PHOENIX,1/8/2026 12:33:35 PM,Commercial,0.00,MARKHAM CONTRACTING CO,CPPA-2302646,,Trash,no_hvac_signal
F203,2600086,F203-2600086,https://apps-secure.phoenix.gov/PDD/Search/PermitDetails?permitNum=F203-2600086,F203-2600086,630 E BROADWAY RD,PHOENIX,1/8/2026 12:25:58 PM,Residential,0.00,OWNER,SPAD-0107703,,Trash,no_hvac_signal
LPSG,260019,LPSG-260019,https://apps-secure.phoenix.gov/PDD/Search/PermitDetails?permitNum=LPSG-260019,LPSG-260019,9796 W MCDOWELL RD,PHOENIX,1/8/2026 12:17:57 PM,Commercial,0.00,BOOTZ & DUKE SIGN COMPANY,,,Trash,negative=sign
OE,26000301,OE-26000301,https://apps-secure.phoenix.gov/PDD/Search/PermitDetails?permitNum=OE-26000301,OE-26000301,1950 N 43RD AVE,PHOENIX,1/8/2026 12:13:13 PM,Commercial,5000.00,M&T ELECTRIC LLC,SPAD-2107422,,Trash,no_hvac_signal
SGNP,214921,SGNP-214921,https://apps-secure.phoenix.gov/PDD/Search/PermitDetails?permitNum=SGNP-214921,SGNP-214921,6819 N 27TH AVE,PHOENIX,1/8/2026 11:58:32 AM,Commercial,29000.00,TS & G SIGNS LLC,LPSG-251562,,Trash,no_hvac_signal
FPPX,260038,FPPX-260038,https://apps-secure.phoenix.gov/PDD/Search/PermitDetails?permitNum=FPPX-260038,FPPX-260038,5720 W JEFFERSON ST,PHOENIX,1/8/2026 11:55:31 AM,Commercial,0.00,FERRELL GAS,SPAD-0117844,,Trash,no_hvac_signal
CSIT,26000299,CSIT-26000299,https://apps-secure.phoenix.gov/PDD/Search/PermitDetails?permitNum=CSIT-26000299,CSIT-26000299,301 W INDIAN SCHOOL RD,PHOENIX,1/8/2026 11:49:33 AM,Commercial,0.00,TO BE BID,AMND-14-3269A1,,Trash,no_hvac_signal
RPV,26000298,RPV-26000298,https://apps-secure.phoenix.gov/PDD/Search/PermitDetails?permitNum=RPV-26000298,RPV-26000298,3551 E LOUISE DR,PHOENIX,1/8/2026 11:49:26 AM,Commercial,39930.00,SOLAR TECH ENERGY SYSTEMS INC.,SPAD-2101824,,Trash,negative=solar(?: pv)?
F800,2600085,F800-2600085,https://apps-secure.phoenix.gov/PDD/Search/PermitDetails?permitNum=F800-2600085,F800-2600085,5929 W HAZELWOOD ST,PHOENIX,1/8/2026 11:45:44 AM,Commercial,0.00,ARIZONA SOLAR SOLUTIONS INC.,SPAD-2504283,,Trash,negative=solar(?: pv)?
F809,26000297,F809-26000297,https://apps-secure.phoenix.gov/PDD/Search/PermitDetails?permitNum=F809-26000297,F809-26000297,2333 W NORTHERN AVE,PHOENIX,1/8/2026 11:38:40 AM,Commercial,0.00,RCI SYSTEMS INC,,,Trash,no_hvac_signal
OP,26000296,OP-26000296,https://apps-secure.phoenix.gov/PDD/Search/PermitDetails?permitNum=OP-26000296,OP-26000296,21 W TONTO ST,PHOENIX,1/8/2026 11:32:20 AM,Commercial,1500.00,A ACCENT PLUMBING INC,,,Trash,negative=plumb(?:ing)?
TCO,26000295,TCO-26000295,https://apps-secure.phoenix.gov/PDD/Search/PermitDetails?permitNum=TCO-26000295,TCO-26000295,32200 N 43RD AVE,PHOENIX,1/8/2026 11:32:03 AM,Commercial,2339628.00,OKLAND CONSTRUCTION COMPANY,BLD-25012359,,Trash,no_hvac_signal
TCO,26000295,TCO-26000295,https://apps-secure.phoenix.gov/PDD/Search/PermitDetails?permitNum=TCO-26000295,TCO-26000295,32200 N 43RD AVE,PHOENIX,1/8/2026 11:32:03 AM,Commercial,2339628.00,OKLAND CONSTRUCTION COMPANY,BLD-25012359,,Trash,no_hvac_signal
F227,2600083,F227-2600083,https://apps-secure.phoenix.gov/PDD/Search/PermitDetails?permitNum=F227-2600083,F227-2600083,1208 E MERCER LN,PHOENIX,1/8/2026 11:29:39 AM,Commercial,0.00,EMPOWER ELECTRIC INC,SPAD-2303996,,Trash,no_hvac_signal
FPPD,260037,FPPD-260037,https://apps-secure.phoenix.gov/PDD/Search/PermitDetails?permitNum=FPPD-260037,FPPD-260037,5100 E ROOSEVELT ST,PHOENIX,1/8/2026 11:13:43 AM,Commercial,0.00,NEXUS ALARM AND SUPPRESSION L L C,,,Trash,negative=alarm
F227,2600081,F227-2600081,https://apps-secure.phoenix.gov/PDD/Search/PermitDetails?permitNum=F227-2600081,F227-2600081,6622 E REDFIELD RD,PHOENIX,1/8/2026 11:03:52 AM,Residential,0.00,TESLA,SPAD-0605122,,Trash,no_hvac_signal
F227,2600080,F227-2600080,https://apps-secure.phoenix.gov/PDD/Search/PermitDetails?permitNum=F227-2600080,F227-2600080,1211 E TIERRA BUENA LN,PHOENIX,1/8/2026 11:01:04 AM,Residential,0.00,TESLA,SPAD-2012645,,Trash,no_hvac_signal
FPPR,260009,FPPR-260009,https://apps-secure.phoenix.gov/PDD/Search/PermitDetails?permitNum=FPPR-260009,FPPR-260009,2113 N 9TH AVE,PHOENIX,1/8/2026 10:57:20 AM,Commercial,0.00,GREEN CITRUS ENERGY LLC,SPAD-0117978,,Trash,no_hvac_signal
F800,2600079,F800-2600079,https://apps-secure.phoenix.gov/PDD/Search/PermitDetails?permitNum=F800-2600079,F800-2600079,10124 W HIGHLAND AVE,PHOENIX,1/8/2026 10:52:59 AM,Commercial,0.00,POSITIVE SYNERGY LLC,SPAD-2504130,,Trash,no_hvac_signal
CPFL,2600109,CPFL-2600109,https://apps-secure.phoenix.gov/PDD/Search/PermitDetails?permitNum=CPFL-2600109,CPFL-2600109,1225 E WILLETTA ST,PHOENIX,1/8/2026 10:50:56 AM,Residential,0.00,TO BE BID,,,Trash,no_hvac_signal
CPSW,2600110,CPSW-2600110,https://apps-secure.phoenix.gov/PDD/Search/PermitDetails?permitNum=CPSW-2600110,CPSW-2600110,1225 E WILLETTA ST,PHOENIX,1/8/2026 10:50:56 AM,Residential,0.00,TO BE BID,,,Trash,no_hvac_signal
CPGD,2600111,CPGD-2600111,https://apps-secure.phoenix.gov/PDD/Search/PermitDetails?permitNum=CPGD-2600111,CPGD-2600111,1225 E WILLETTA ST,PHOENIX,1/8/2026 10:50:56 AM,Residential,0.00,TO BE BID,,,Trash,no_hvac_signal
PRLM,2600108,PRLM-2600108,https://apps-secure.phoenix.gov/PDD/Search/PermitDetails?permitNum=PRLM-2600108,PRLM-2600108,10500 N 25TH AVE,PHOENIX,1/8/2026 10:49:39 AM,Commercial,0.00,TO BE BID,SDEV-0300640,,Trash,no_hvac_signal
RPV,26000292,RPV-26000292,https://apps-secure.phoenix.gov/PDD/Search/PermitDetails?permitNum=RPV-26000292,RPV-26000292,14849 N 21ST ST,PHOENIX,1/8/2026 10:48:52 AM,Commercial,18550.00,ONEWORLDENERGY LLC,SPAD-1008314,,Trash,no_hvac_signal
PAPP,2600107,PAPP-2600107,https://apps-secure.phoenix.gov/PDD/Search/PermitDetails?permitNum=PAPP-2600107,PAPP-2600107,5209 S 24TH ST,PHOENIX,1/8/2026 10:41:43 AM,Commercial,0.00,TO BE BID,,,Trash,no_hvac_signal
LPRR,2600106,LPRR-2600106,https://apps-secure.phoenix.gov/PDD/Search/PermitDetails?permitNum=LPRR-2600106,LPRR-2600106,601 N CENTRAL AVE,PHOENIX,1/8/2026 10:40:42 AM,Commercial,125000.00,TO BE BID,,,Trash,no_hvac_signal
F800,2600077,F800-2600077,https://apps-secure.phoenix.gov/PDD/Search/PermitDetails?permitNum=F800-2600077,F800-2600077,1626 N 49TH AVE,PHOENIX,1/8/2026 10:38:05 AM,Commercial,0.00,INTY SOLAR LLC,SPAD-1104196,,Trash,negative=solar(?: pv)?
F227,2600076,F227-2600076,https://apps-secure.phoenix.gov/PDD/Search/PermitDetails?permitNum=F227-2600076,F227-2600076,3623 W MOODY TRL,PHOENIX,1/8/2026 10:37:32 AM,Commercial,0.00,FIRST ELECTRIC LLC,SPAD-2600008,,Trash,no_hvac_signal
SE,26000290,SE-26000290,https://apps-secure.phoenix.gov/PDD/Search/PermitDetails?permitNum=SE-26000290,SE-26000290,7901 N CENTRAL AVE,PHOENIX,1/8/2026 10:35:25 AM,Commercial,50000.00,MASTEC NETWORK SOLUTIONS LLC,LPRM-2507091,,Trash,no_hvac_signal
RPDR,2600105,RPDR-2600105,https://apps-secure.phoenix.gov/PDD/Search/PermitDetails?permitNum=RPDR-2600105,RPDR-2600105,6016 E LARKSPUR DR,PHOENIX,1/8/2026 10:30:24 AM,Residential,0.00,TO BE BID,,,Trash,no_hvac_signal
F209,2600073,F209-2600073,https://apps-secure.phoenix.gov/PDD/Search/PermitDetails?permitNum=F209-2600073,F209-2600073,15407 N 19TH ST,PHOENIX,1/8/2026 10:28:01 AM,Commercial,0.00,ONEWORLDENERGY LLC,FPPR-251226,,Trash,no_hvac_signal
DEM,26000288,DEM-26000288,https://apps-secure.phoenix.gov/PDD/Search/PermitDetails?permitNum=DEM-26000288,DEM-26000288,2544 E UNIVERSITY DR,PHOENIX,1/8/2026 10:15:02 AM,Commercial,77000.00,WILLMENG CONSTRUCTION,SPAD-2502436,,Trash,no_hvac_signal
F800,2600072,F800-2600072,https://apps-secure.phoenix.gov/PDD/Search/PermitDetails?permitNum=F800-2600072,F800-2600072,3840 W ABRAHAM LN,PHOENIX,1/8/2026 10:12:17 AM,Commercial,0.00,ARIZONA SOLAR WAVE & ENERGY LLC,SPAD-0607856,,Trash,negative=solar(?: pv)?
F800,2600071,F800-2600071,https://apps-secure.phoenix.gov/PDD/Search/PermitDetails?permitNum=F800-2600071,F800-2600071,3756 W MULBERRY DR,PHOENIX,1/8/2026 10:05:13 AM,Commercial,0.00,INTY SOLAR LLC,SPAD-2014053,,Trash,negative=solar(?: pv)?
CRSC,2600104,CRSC-2600104,https://apps-secure.phoenix.gov/PDD/Search/PermitDetails?permitNum=CRSC-2600104,CRSC-2600104,4513 E DEVONSHIRE AVE,PHOENIX,1/8/2026 10:01:55 AM,Residential,0.00,TO BE BID,,,Trash,no_hvac_signal
FPPR,260008,FPPR-260008,https://apps-secure.phoenix.gov/PDD/Search/PermitDetails?permitNum=FPPR-260008,FPPR-260008,2747 E REDFIELD RD,PHOENIX,1/8/2026 10:01:33 AM,Commercial,0.00,INTY SOLAR LLC,SPAD-0401223,,Trash,negative=solar(?: pv)?
F134,26000286,F134-26000286,https://apps-secure.phoenix.gov/PDD/Search/PermitDetails?permitNum=F134-26000286,F134-26000286,6111 N CENTRAL AVE,PHOENIX,1/8/2026 10:00:31 AM,Residential,0.00,METRO FIRE EQUIPMENT,FPPD-252713,,Trash,negative=fire
WSHM,26000285,WSHM-26000285,https://apps-secure.phoenix.gov/PDD/Search/PermitDetails?permitNum=WSHM-26000285,WSHM-26000285,27442 N 39TH AVE,PHOENIX,1/8/2026 9:46:29 AM,Commercial,0.00,M G C CONTRACTORS INC,SPAD-1505973,,Trash,no_hvac_signal
F800,2600070,F800-2600070,https://apps-secure.phoenix.gov/PDD/Search/PermitDetails?permitNum=F800-2600070,F800-2600070,2649 E SYLVIA ST,PHOENIX,1/8/2026 9:45:56 AM,Commercial,0.00,ONEWORLDENERGY LLC,SPAD-2504269,,Trash,no_hvac_signal
F134,26000284,F134-26000284,https://apps-secure.phoenix.gov/PDD/Search/PermitDetails?permitNum=F134-26000284,F134-26000284,4326 E CACTUS RD,PHOENIX,1/8/2026 9:40:15 AM,Commercial,0.00,CINTAS CORPORATION NO 2,FPPD-252665,,Trash,no_hvac_signal
F134,26000284,F134-26000284,https://apps-secure.phoenix.gov/PDD/Search/PermitDetails?permitNum=F134-26000284,F134-26000284,4326 E CACTUS RD,PHOENIX,1/8/2026 9:40:15 AM,Commercial,0.00,CINTAS CORPORATION NO 2,FPPD-252665,,Trash,no_hvac_signal
CRSC,2600103,CRSC-2600103,https://apps-secure.phoenix.gov/PDD/Search/PermitDetails?permitNum=CRSC-2600103,CRSC-2600103,4310 N 42ND PL,PHOENIX,1/8/2026 9:37:23 AM,Residential,0.00,TO BE BID,,,Trash,no_hvac_signal
OE,26000283,OE-26000283,https://apps-secure.phoenix.gov/PDD/Search/PermitDetails?permitNum=OE-26000283,OE-26000283,17014 S 27TH LN,PHOENIX,1/8/2026 9:37:14 AM,Commercial,150.00,BRIGHTON ELECTRIC LLC,SPAD-0203523,,Trash,no_hvac_signal
F122,26000282,F122-26000282,https://apps-secure.phoenix.gov/PDD/Search/PermitDetails?permitNum=F122-26000282,F122-26000282,429 N 30TH ST,PHOENIX,1/8/2026 9:17:10 AM,Commercial,0.00,HILLER COMPANIES INC (THE),FPPD-252301,,Trash,no_hvac_signal
BLD,26000281,BLD-26000281,https://apps-secure.phoenix.gov/PDD/Search/PermitDetails?permitNum=BLD-26000281,BLD-26000281,2529 W CACTUS RD,PHOENIX,1/8/2026 9:09:41 AM,Commercial,111102.50,SWYFT RESTORATION AND CONSTRUCTION SERVICES LLC,LPBI-2600061,,Trash,no_hvac_signal
CPGD,2600102,CPGD-2600102,https://apps-secure.phoenix.gov/PDD/Search/PermitDetails?permitNum=CPGD-2600102,CPGD-2600102,330 E ROESER RD,PHOENIX,1/8/2026 9:00:11 AM,Residential,0.00,TO BE BID,CCPH-2500411,,Trash,no_hvac_signal
F193,2600069,F193-2600069,https://apps-secure.phoenix.gov/PDD/Search/PermitDetails?permitNum=F193-2600069,F193-2600069,3017 W KATHLEEN RD,PHOENIX,1/8/2026 8:40:22 AM,Commercial,0.00,UNITED ENERGY PARTNERS LLC,SPAD-2105608,,Trash,no_hvac_signal
F193,2600068,F193-2600068,https://apps-secure.phoenix.gov/PDD/Search/PermitDetails?permitNum=F193-2600068,F193-2600068,21836 N 61ST WAY,PHOENIX,1/8/2026 8:38:00 AM,Commercial,0.00,UNITED ENERGY PARTNERS LLC,SPAD-2504267,,Trash,no_hvac_signal
RPV,26000278,RPV-26000278,https://apps-secure.phoenix.gov/PDD/Search/PermitDetails?permitNum=RPV-26000278,RPV-26000278,7215 S 56TH DR,PHOENIX,1/8/2026 7:57:24 AM,Commercial,16200.00,ONEWORLDENERGY LLC,SPAD-0312868,,Trash,no_hvac_signal
RPV,26000277,RPV-26000277,https://apps-secure.phoenix.gov/PDD/Search/PermitDetails?permitNum=RPV-26000277,RPV-26000277,20249 N 13TH DR,PHOENIX,1/8/2026 7:49:59 AM,Commercial,20910.00,ONEWORLDENERGY LLC,SPAD-2300441,,Trash,no_hvac_signal
WSHM,26000276,WSHM-26000276,https://apps-secure.phoenix.gov/PDD/Search/PermitDetails?permitNum=WSHM-26000276,WSHM-26000276,9210 W INDIAN SCHOOL RD,PHOENIX,1/8/2026 7:25:01 AM,Commercial,0.00,EARTHCORE DEVELOPMENT INC,CCPH-2200086,,Trash,no_hvac_signal
S,26000275,S-26000275,https://apps-secure.phoenix.gov/PDD/Search/PermitDetails?permitNum=S-26000275,S-26000275,100 N 3RD ST,PHOENIX,1/8/2026 7:20:25 AM,Commercial,150000.00,CONVENTION CENTER & THEATRICAL FACILITIES > I-295,AFPF-060324,,Trash,no_hvac_signal
CPSW,2600101,CPSW-2600101,https://apps-secure.phoenix.gov/PDD/Search/PermitDetails?permitNum=CPSW-2600101,CPSW-2600101,7102 E LARKSPUR DR,PHOENIX,1/8/2026 6:53:32 AM,Commercial,0.00,ARMSTRONG CONSTRUCTION GROUP LLC,,,Trash,no_hvac_signal
WSFT,26000272,WSFT-26000272,https://apps-secure.phoenix.gov/PDD/Search/PermitDetails?permitNum=WSFT-26000272,WSFT-26000272,1749 W GRANT ST,PHOENIX,1/8/2026 6:51:57 AM,Residential,0.00,GUARDIAN FIRE DESIGN,CCPH-2500382,,Trash,negative=fire
SGNP,214924,SGNP-214924,https://apps-secure.phoenix.gov/PDD/Search/PermitDetails?permitNum=SGNP-214924,SGNP-214924,6653 W MCDOWELL RD,PHOENIX,1/8/2026 12:00:00 AM,Commercial,7000.00,INDIE SIGNAGE SALES LLC,LPSG-T30543,,Trash,no_hvac_signal
SGNP,214925,SGNP-214925,https://apps-secure.phoenix.gov/PDD/Search/PermitDetails?permitNum=SGNP-214925,SGNP-214925,5002 E CHANDLER BLVD,PHOENIX,1/8/2026 12:00:00 AM,Commercial,4300.00,INDIE SIGNAGE SALES LLC,LPSG-251329,,Trash,no_hvac_signal
SGNP,214926,SGNP-214926,https://apps-secure.phoenix.gov/PDD/Search/PermitDetails?permitNum=SGNP-214926,SGNP-214926,5002 E CHANDLER BLVD,PHOENIX,1/8/2026 12:00:00 AM,Commercial,4300.00,INDIE SIGNAGE SALES LLC,LPSG-251329,,Trash,no_hvac_signal
LPSG,260020,LPSG-260020,https://apps-secure.phoenix.gov/PDD/Search/PermitDetails?permitNum=LPSG-260020,LPSG-260020,4160 N 108TH AVE 148,PHOENIX,1/8/2026 12:00:00 AM,Commercial,3500.00,FRANKLIN'S FINE SIGNS LLC,,,Trash,no_hvac_signal
RVSN,2305525-02,RVSN-2305525-02,https://apps-secure.phoenix.gov/PDD/Search/PermitDetails?permitNum=RVSN-2305525-02,RVSN-2305525-02,15875 N 34TH ST,PHOENIX,1/8/2026 12:00:00 AM,Commercial,0.00,TO BE BID,,,Trash,no_hvac_signal
RVSN,2305526-02,RVSN-2305526-02,https://apps-secure.phoenix.gov/PDD/Search/PermitDetails?permitNum=RVSN-2305526-02,RVSN-2305526-02,15875 N 34TH ST,PHOENIX,1/8/2026 12:00:00 AM,Commercial,0.00,TO BE BID,,,Trash,no_hvac_signal
RVSN,2305580-02,RVSN-2305580-02,https://apps-secure.phoenix.gov/PDD/Search/PermitDetails?permitNum=RVSN-2305580-02,RVSN-2305580-02,15875 N 34TH ST,PHOENIX,1/8/2026 12:00:00 AM,Commercial,0.00,TO BE BID,,,Trash,no_hvac_signal
WSHM,26000327,WSHM-26000327,https://apps-secure.phoenix.gov/PDD/Search/PermitDetails?permitNum=WSHM-26000327,WSHM-26000327,2342 W HAYWARD AVE,PHOENIX,1/8/2026 12:00:00 AM,Commercial,0.00,TORRENT RESOURCES INCORPORATED,SPAD-0709170,,Trash,no_hvac_signal
WSHM,26000328,WSHM-26000328,https://apps-secure.phoenix.gov/PDD/Search/PermitDetails?permitNum=WSHM-26000328,WSHM-26000328,2208 W ORANGEWOOD AVE,PHOENIX,1/8/2026 12:00:00 AM,Commercial,0.00,TORRENT RESOURCES INCORPORATED,SPAD-0614174,,Trash,no_hvac_signal
CPWT,2600117,CPWT-2600117,https://apps-secure.phoenix.gov/PDD/Search/PermitDetails?permitNum=CPWT-2600117,CPWT-2600117,3255 W BEARDSLEY RD,PHOENIX,1/8/2026 12:00:00 AM,Residential,0.00,TO BE BID,,,Trash,no_hvac_signal
LSIN,2600119,LSIN-2600119,https://apps-secure.phoenix.gov/PDD/Search/PermitDetails?permitNum=LSIN-2600119,LSIN-2600119,3255 W BEARDSLEY RD,PHOENIX,1/8/2026 12:00:00 AM,Residential,0.00,TO BE BID,,,Trash,no_hvac_signal
LSPL,2600120,LSPL-2600120,https://apps-secure.phoenix.gov/PDD/Search/PermitDetails?permitNum=LSPL-2600120,LSPL-2600120,3255 W BEARDSLEY RD,PHOENIX,1/8/2026 12:00:00 AM,Residential,0.00,TO BE BID,,,Trash,no_hvac_signal
LPSG,260021,LPSG-260021,https://apps-secure.phoenix.gov/PDD/Search/PermitDetails?permitNum=LPSG-260021,LPSG-260021,3150 E THOMAS RD,PHOENIX,1/8/2026 12:00:00 AM,Commercial,0.00,FRANKLIN'S FINE SIGNS LLC,,,Trash,no_hvac_signal
RPV,26000270,RPV-26000270,https://apps-secure.phoenix.gov/PDD/Search/PermitDetails?permitNum=RPV-26000270,RPV-26000270,2310 E CINNABAR AVE,PHOENIX,1/7/2026 6:31:00 PM,Commercial,34320.00,SOLAR OPTIMUM INC.,SPAD-2400821,,Trash,negative=solar(?: pv)?
F209,2600060,F209-2600060,https://apps-secure.phoenix.gov/PDD/Search/PermitDetails?permitNum=F209-2600060,F209-2600060,4147 W VILLA MARIA DR,PHOENIX,1/7/2026 5:39:56 PM,Residential,0.00,AMOS J ROBINSON DBA HAVASU SOLAR ELECTRIC,FPPR-251125,,Trash,negative=solar(?: pv)?
LPSG,260018,LPSG-260018,https://apps-secure.phoenix.gov/PDD/Search/PermitDetails?permitNum=LPSG-260018,LPSG-260018,4235 W BELL RD,PHOENIX,1/7/2026 5:27:35 PM,Commercial,4000.00,GRACE SIGNS ARIZONA LLC,,,Trash,no_hvac_signal
F159,26000269,F159-26000269,https://apps-secure.phoenix.gov/PDD/Search/PermitDetails?permitNum=F159-26000269,F159-26000269,2434 W HIDALGO AVE,PHOENIX,1/7/2026 5:05:58 PM,Commercial,0.00,9 FIRE PROTECTION LLC,FPPD-252703,,Trash,negative=fire
LPSG,260017,LPSG-260017,https://apps-secure.phoenix.gov/PDD/Search/PermitDetails?permitNum=LPSG-260017,LPSG-260017,13470 N 7TH ST,PHOENIX,1/7/2026 4:34:39 PM,Commercial,0.00,JAYCO SIGNS L L C,,,Trash,no_hvac_signal
SGNP,214920,SGNP-214920,https://apps-secure.phoenix.gov/PDD/Search/PermitDetails?permitNum=SGNP-214920,SGNP-214920,5029 E SUNRISE DR,PHOENIX,1/7/2026 3:50:31 PM,Commercial,0.00,ROYAL SIGN COMPANY,LPSG-251568,,Trash,negative=sign
SGNP,214919,SGNP-214919,https://apps-secure.phoenix.gov/PDD/Search/PermitDetails?permitNum=SGNP-214919,SGNP-214919,402 N 37TH DR,PHOENIX,1/7/2026 3:47:51 PM,Commercial,4000.00,ROYAL SIGN COMPANY,LPSG-251559,,Trash,negative=sign
F875,26000261,F875-26000261,https://apps-secure.phoenix.gov/PDD/Search/PermitDetails?permitNum=F875-26000261,F875-26000261,3302 W EARLL DR,PHOENIX,1/7/2026 3:38:16 PM,Commercial,0.00,CINTAS CORPORATION NO 2,,,Trash,no_hvac_signal
CRSC,2600100,CRSC-2600100,https://apps-secure.phoenix.gov/PDD/Search/PermitDetails?permitNum=CRSC-2600100,CRSC-2600100,6130 N 2ND ST,PHOENIX,1/7/2026 3:30:57 PM,Residential,0.00,TO BE BID,,,Trash,no_hvac_signal
LPSG,260016,LPSG-260016,https://apps-secure.phoenix.gov/PDD/Search/PermitDetails?permitNum=LPSG-260016,LPSG-260016,4920 W THUNDERBIRD RD,PHOENIX,1/7/2026 3:20:26 PM,Commercial,9087.00,LJL VISUAL SOLUTIONS LLC,,,Trash,no_hvac_signal
RVSN,2502623-01,RVSN-2502623-01,https://apps-secure.phoenix.gov/PDD/Search/PermitDetails?permitNum=RVSN-2502623-01,RVSN-2502623-01,3800 E SKY HARBOR BLVD,PHOENIX,1/7/2026 3:11:56 PM,Commercial,57337000.00,HOLDER CONSTRUCTION COMPANY,LPRR-2502623,,Trash,no_hvac_signal
RVSN,2502623-01,RVSN-2502623-01,https://apps-secure.phoenix.gov/PDD/Search/PermitDetails?permitNum=RVSN-2502623-01,RVSN-2502623-01,3800 E SKY HARBOR BLVD,PHOENIX,1/7/2026 3:11:56 PM,Commercial,57337000.00,HOLDER CONSTRUCTION COMPANY,LPRR-2502623,,Trash,no_hvac_signal
F159,26000245,F159-26000245,https://apps-secure.phoenix.gov/PDD/Search/PermitDetails?permitNum=F159-26000245,F159-26000245,6850 W CARSON RD,PHOENIX,1/7/2026 3:11:41 PM,Commercial,0.00,ALPHA FIRE PROTECTION INC,FPPD-252660,,Trash,negative=fire
LPRN,2600099,LPRN-2600099,https://apps-secure.phoenix.gov/PDD/Search/PermitDetails?permitNum=LPRN-2600099,LPRN-2600099,17453 N 25TH AVE,PHOENIX,1/7/2026 3:03:23 PM,Commercial,2000000.00,TO BE BID,,,Trash,no_hvac_signal
WSPR,2600002,WSPR-2600002,https://apps-secure.phoenix.gov/PDD/Search/PermitDetails?permitNum=WSPR-2600002,WSPR-2600002,1850 W GLENDALE AVE,PHOENIX,1/7/2026 2:52:24 PM,Commercial,0.00,TO BE BID,,,Trash,no_hvac_signal
WSHM,26000243,WSHM-26000243,https://apps-secure.phoenix.gov/PDD/Search/PermitDetails?permitNum=WSHM-26000243,WSHM-26000243,100 S 48TH ST,PHOENIX,1/7/2026 2:49:18 PM,Commercial,0.00,RIKOSHEA CONTRACTING AND CONCRETE INC,CCPH-2100334,,Trash,no_hvac_signal
FPPD,260036,FPPD-260036,https://apps-secure.phoenix.gov/PDD/Search/PermitDetails?permitNum=FPPD-260036,FPPD-260036,2949 N 43RD AVE,PHOENIX,1/7/2026 2:46:02 PM,Commercial,0.00,ARIZONA FIRE PROTECTION INC.,,,Trash,negative=fire
BLD,26000242,BLD-26000242,https://apps-secure.phoenix.gov/PDD/Search/PermitDetails?permitNum=BLD-26000242,BLD-26000242,400 N 75TH AVE,PHOENIX,1/7/2026 2:45:41 PM,Commercial,125000.00,T BUILT LLC,LPRR-2506542,,Trash,no_hvac_signal
CSW,26000241,CSW-26000241,https://apps-secure.phoenix.gov/PDD/Search/PermitDetails?permitNum=CSW-26000241,CSW-26000241,4801 E THISTLE LANDING DR,PHOENIX,1/7/2026 2:42:05 PM,Commercial,0.00,RICOR INC,CPSW-2504052,,Trash,no_hvac_signal
BLD,26000240,BLD-26000240,https://apps-secure.phoenix.gov/PDD/Search/PermitDetails?permitNum=BLD-26000240,BLD-26000240,9010 N 19TH AVE,PHOENIX,1/7/2026 2:37:01 PM,Commercial,125000.00,MLN CONSTRUCTION LLC,LPRR-2506311,,Trash,no_hvac_signal
FEN,26000239,FEN-26000239,https://apps-secure.phoenix.gov/PDD/Search/PermitDetails?permitNum=FEN-26000239,FEN-26000239,1845 GRAND AVE,PHOENIX,1/7/2026 2:35:18 PM,Commercial,8500.00,NEW PACT CONSTRUCTION LLC,SPAD-2205235,,Trash,no_hvac_signal
FPPD,260035,FPPD-260035,https://apps-secure.phoenix.gov/PDD/Search/PermitDetails?permitNum=FPPD-260035,FPPD-260035,2718 E EMILE ZOLA AVE,PHOENIX,1/7/2026 2:31:11 PM,Commercial,0.00,TO BE BID,,,Trash,no_hvac_signal
LPRM,2600096,LPRM-2600096,https://apps-secure.phoenix.gov/PDD/Search/PermitDetails?permitNum=LPRM-2600096,LPRM-2600096,4001 W BEARDSLEY RD,PHOENIX,1/7/2026 2:15:10 PM,Commercial,30000.00,HILOCONSTRUCTION LLC,,,Trash,no_hvac_signal
WSFT,26000237,WSFT-26000237,https://apps-secure.phoenix.gov/PDD/Search/PermitDetails?permitNum=WSFT-26000237,WSFT-26000237,3908 W SOUTH MOUNTAIN AVE,PHOENIX,1/7/2026 2:15:02 PM,Commercial,0.00,"A-1 FIRE SPRINKLERS, LLC",SPAD-2003524,,Trash,negative=fire
RVSN,2501638-01,RVSN-2501638-01,https://apps-secure.phoenix.gov/PDD/Search/PermitDetails?permitNum=RVSN-2501638-01,RVSN-2501638-01,3800 E SKY HARBOR BLVD,PHOENIX,1/7/2026 2:12:57 PM,Commercial,575000.00,HOLDER CONSTRUCTION GROUP L L C,LPRM-2501638,,Trash,no_hvac_signal
RVSN,2501638-01,RVSN-2501638-01,https://apps-secure.phoenix.gov/PDD/Search/PermitDetails?permitNum=RVSN-2501638-01,RVSN-2501638-01,3800 E SKY HARBOR BLVD,PHOENIX,1/7/2026 2:12:57 PM,Commercial,575000.00,HOLDER CONSTRUCTION GROUP L L C,LPRM-2501638,,Trash,no_hvac_signal
F122,26000236,F122-26000236,https://apps-secure.phoenix.gov/PDD/Search/PermitDetails?permitNum=F122-26000236,F122-26000236,2340 W SHANGRI LA RD,PHOENIX,1/7/2026 2:08:46 PM,Commercial,0.00,RCI SYSTEMS INC,FPPD-252534,,Trash,no_hvac_signal
OE,26000235,OE-26000235,https://apps-secure.phoenix.gov/PDD/Search/PermitDetails?permitNum=OE-26000235,OE-26000235,6714 E JUNIPER AVE,PHOENIX,1/7/2026 1:56:13 PM,Commercial,6000.00,CITY OF PHOENIX WATER SERVICES,AFPF-060363,,Trash,no_hvac_signal
CUT,26000234,CUT-26000234,https://apps-secure.phoenix.gov/PDD/Search/PermitDetails?permitNum=CUT-26000234,CUT-26000234,,PHOENIX,1/7/2026 1:56:01 PM,Residential,0.00,THE UNIVERSAL GROUP,CSPH-2200037,,Trash,no_hvac_signal
RPV,26000233,RPV-26000233,https://apps-secure.phoenix.gov/PDD/Search/PermitDetails?permitNum=RPV-26000233,RPV-26000233,5343 E POINSETTIA DR,PHOENIX,1/7/2026 1:45:45 PM,Commercial,58740.00,INTEGRATESUN LLC,SPAD-2503647,,Trash,no_hvac_signal
ELEC,26000232,ELEC-26000232,https://apps-secure.phoenix.gov/PDD/Search/PermitDetails?permitNum=ELEC-26000232,ELEC-26000232,1510 E PORTLAND ST,PHOENIX,1/7/2026 1:32:44 PM,Commercial,24598.36,S R BRAY LLC,LPRM-2506950,,Trash,no_hvac_signal
FPPR,260007,FPPR-260007,https://apps-secure.phoenix.gov/PDD/Search/PermitDetails?permitNum=FPPR-260007,FPPR-260007,4210 E CAMELBACK RD,PHOENIX,1/7/2026 1:31:42 PM,Commercial,0.00,AMERICAN FIRE-COMM LLC,SPAD-2303516,,Trash,negative=fire
BLD,26000231,BLD-26000231,https://apps-secure.phoenix.gov/PDD/Search/PermitDetails?permitNum=BLD-26000231,BLD-26000231,2902 E FILLMORE ST,PHOENIX,1/7/2026 1:31:28 PM,Commercial,175000.00,KING COMMERCIAL AND RESIDENTIAL LLC,LPBI-2507244,,Trash,no_hvac_signal
LPSG,260015,LPSG-260015,https://apps-secure.phoenix.gov/PDD/Search/PermitDetails?permitNum=LPSG-260015,LPSG-260015,12020 N TATUM BLVD,PHOENIX,1/7/2026 1:21:43 PM,Commercial,2500.00,YESCO LLC,,,Trash,no_hvac_signal
LSPL,2600090,LSPL-2600090,https://apps-secure.phoenix.gov/PDD/Search/PermitDetails?permitNum=LSPL-2600090,LSPL-2600090,4141 S 91ST AVE,PHOENIX,1/7/2026 1:11:54 PM,Commercial,0.00,TO BE BID,,,Trash,no_hvac_signal
BLD,26000228,BLD-26000228,https://apps-secure.phoenix.gov/PDD/Search/PermitDetails?permitNum=BLD-26000228,BLD-26000228,8337 N 7TH ST,PHOENIX,1/7/2026 1:09:27 PM,Commercial,439000.00,DENCO DENTAL CONSTRUCTION INC,LPRR-2505162,,Trash,no_hvac_signal
CSIT,26000227,CSIT-26000227,https://apps-secure.phoenix.gov/PDD/Search/PermitDetails?permitNum=CSIT-26000227,CSIT-26000227,4750 W BASELINE RD,PHOENIX,1/7/2026 12:51:48 PM,Commercial,0.00,ASHTON WOODS CONSTRUCTION LLC,SCSU-2301501,,Trash,no_hvac_signal
F875,26000226,F875-26000226,https://apps-secure.phoenix.gov/PDD/Search/PermitDetails?permitNum=F875-26000226,F875-26000226,13832 N 32ND ST,PHOENIX,1/7/2026 12:49:07 PM,Commercial,0.00,SPECIAL ELECTRONIC SYSTEMS,,,Trash,no_hvac_signal
CPR,26000225,CPR-26000225,https://apps-secure.phoenix.gov/PDD/Search/PermitDetails?permitNum=CPR-26000225,CPR-26000225,8927 N 10TH ST,PHOENIX,1/7/2026 12:29:41 PM,Commercial,0.00,CACTUS ASPHALT A DIVISION OF CACTUS TRANSPORT INC,CCPH-2400352,,Trash,no_hvac_signal
SE,26000223,SE-26000223,https://apps-secure.phoenix.gov/PDD/Search/PermitDetails?permitNum=SE-26000223,SE-26000223,1016 N 32ND ST,PHOENIX,1/7/2026 12:12:24 PM,Commercial,25000.00,PACIFIC NETWORK SOLUTIONS CONSTRUCTION LLC,LPRM-2506453,,Trash,no_hvac_signal
CGD,26000221,CGD-26000221,https://apps-secure.phoenix.gov/PDD/Search/PermitDetails?permitNum=CGD-26000221,CGD-26000221,5740 W BASELINE RD,PHOENIX,1/7/2026 12:08:53 PM,Commercial,0.00,"LANDSCAPES UNLIMITED, LLC",CPGD-2406113,,Trash,no_hvac_signal
OE,26000219,OE-26000219,https://apps-secure.phoenix.gov/PDD/Search/PermitDetails?permitNum=OE-26000219,OE-26000219,28606 N 56TH ST,PHOENIX,1/7/2026 11:53:17 AM,Commercial,7500.00,CITY OF PHOENIX WATER SERVICES,AFPF-060260,,Trash,no_hvac_signal
OP,26000218,OP-26000218,https://apps-secure.phoenix.gov/PDD/Search/PermitDetails?permitNum=OP-26000218,OP-26000218,1008 E BUCKEYE RD,PHOENIX,1/7/2026 11:51:50 AM,Commercial,5000.00,R C I SYSTEMS INC,SPAD-0712286,,Trash,no_hvac_signal
CSIT,26000217,CSIT-26000217,https://apps-secure.phoenix.gov/PDD/Search/PermitDetails?permitNum=CSIT-26000217,CSIT-26000217,7611 N 16TH ST,PHOENIX,1/7/2026 11:39:41 AM,Commercial,0.00,GANEM CONSTRUCTION LLC,SCMJ-2505177,,Trash,no_hvac_signal
F157,26000216,F157-26000216,https://apps-secure.phoenix.gov/PDD/Search/PermitDetails?permitNum=F157-26000216,F157-26000216,2833 E JONES AVE,PHOENIX,1/7/2026 11:31:16 AM,Commercial,4600000.00,AUTOMATIC GATE SYSTEMS INC,LPRN-2401857,,Trash,no_hvac_signal
F157,26000216,F157-26000216,https://apps-secure.phoenix.gov/PDD/Search/PermitDetails?permitNum=F157-26000216,F157-26000216,2833 E JONES AVE,PHOENIX,1/7/2026 11:31:16 AM,Commercial,4600000.00,AUTOMATIC GATE SYSTEMS INC,LPRN-2401857,,Trash,no_hvac_signal
DEM,26000214,DEM-26000214,https://apps-secure.phoenix.gov/PDD/Search/PermitDetails?permitNum=DEM-26000214,DEM-26000214,4114 E WOOD ST,PHOENIX,1/7/2026 11:25:39 AM,Commercial,485282.00,ARCO MURRAY NATIONAL CONSTRUCTION COMPANY INC,SPAD-0015797,,Trash,no_hvac_signal
WSFT,26000213,WSFT-26000213,https://apps-secure.phoenix.gov/PDD/Search/PermitDetails?permitNum=WSFT-26000213,WSFT-26000213,911 W DOBBINS RD,PHOENIX,1/7/2026 11:23:04 AM,Commercial,0.00,OWNER,SPAD-0511345,,Trash,no_hvac_signal
WSFT,26000211,WSFT-26000211,https://apps-secure.phoenix.gov/PDD/Search/PermitDetails?permitNum=WSFT-26000211,WSFT-26000211,2775 W BRONCO BUTTE TRL,PHOENIX,1/7/2026 11:22:16 AM,Residential,0.00,OLYMPIC WEST FIRE PROTECTION,CCPH-1800468,,Trash,negative=fire
FPPR,260006,FPPR-260006,https://apps-secure.phoenix.gov/PDD/Search/PermitDetails?permitNum=FPPR-260006,FPPR-260006,5154 N 27TH AVE,PHOENIX,1/7/2026 11:20:00 AM,Commercial,0.00,DESERT BOOTH SERVICE LLC,SPAD-0616967,,Trash,no_hvac_signal
F157,26000210,F157-26000210,https://apps-secure.phoenix.gov/PDD/Search/PermitDetails?permitNum=F157-26000210,F157-26000210,4550 W WATKINS ST,PHOENIX,1/7/2026 11:09:15 AM,Commercial,0.00,PROMPTITUDE INC,FPPD-252702,,Trash,no_hvac_signal
LPSG,260013,LPSG-260013,https://apps-secure.phoenix.gov/PDD/Search/PermitDetails?permitNum=LPSG-260013,LPSG-260013,2820 W DUNLAP AVE,PHOENIX,1/7/2026 11:05:52 AM,Commercial,2500.00,TAGTEAM GRAFIX L L C,,,Trash,no_hvac_signal
SE,26000208,SE-26000208,https://apps-secure.phoenix.gov/PDD/Search/PermitDetails?permitNum=SE-26000208,SE-26000208,5088 W INNOVATION CIR,PHOENIX,1/7/2026 11:00:58 AM,Commercial,1344474.32,AUSTIN COMMERCIAL,LPRN-2506010,,Trash,no_hvac_signal
SE,26000208,SE-26000208,https://apps-secure.phoenix.gov/PDD/Search/PermitDetails?permitNum=SE-26000208,SE-26000208,5088 W INNOVATION CIR,PHOENIX,1/7/2026 11:00:58 AM,Commercial,1344474.32,AUSTIN COMMERCIAL,LPRN-2506010,,Trash,no_hvac_signal
BLD,26000207,BLD-26000207,https://apps-secure.phoenix.gov/PDD/Search/PermitDetails?permitNum=BLD-26000207,BLD-26000207,5088 W INNOVATION CIR,PHOENIX,1/7/2026 11:00:13 AM,Commercial,3457219.68,AUSTIN COMMERCIAL,LPRN-2506010,,Trash,no_hvac_signal
BLD,26000207,BLD-26000207,https://apps-secure.phoenix.gov/PDD/Search/PermitDetails?permitNum=BLD-26000207,BLD-26000207,5088 W INNOVATION CIR,PHOENIX,1/7/2026 11:00:13 AM,Commercial,3457219.68,AUSTIN COMMERCIAL,LPRN-2506010,,Trash,no_hvac_signal
BLD,26000206,BLD-26000206,https://apps-secure.phoenix.gov/PDD/Search/PermitDetails?permitNum=BLD-26000206,BLD-26000206,455 N GALVIN PKWY,PHOENIX,1/7/2026 10:55:05 AM,Commercial,43214.00,K S BUILDING AND CONSULTING INC,LPRN-2506405,,Trash,no_hvac_signal
FPPR,260005,FPPR-260005,https://apps-secure.phoenix.gov/PDD/Search/PermitDetails?permitNum=FPPR-260005,FPPR-260005,5525 E EMILE ZOLA AVE,PHOENIX,1/7/2026 10:54:21 AM,Commercial,0.00,ICON POWER LLC,SPAD-1103939,,Trash,no_hvac_signal
WSHM,26000204,WSHM-26000204,https://apps-secure.phoenix.gov/PDD/Search/PermitDetails?permitNum=WSHM-26000204,WSHM-26000204,,PHOENIX,1/7/2026 10:45:21 AM,Residential,0.00,TORRENT RESOURCES INCORPORATED,CCPH-2500011,,Trash,no_hvac_signal
WSHM,26000203,WSHM-26000203,https://apps-secure.phoenix.gov/PDD/Search/PermitDetails?permitNum=WSHM-26000203,WSHM-26000203,,PHOENIX,1/7/2026 10:43:12 AM,Residential,0.00,TORRENT RESOURCES INCORPORATED,SPAD-2501624,,Trash,no_hvac_signal
LPRR,2600087,LPRR-2600087,https://apps-secure.phoenix.gov/PDD/Search/PermitDetails?permitNum=LPRR-2600087,LPRR-2600087,5154 N 27TH AVE,PHOENIX,1/7/2026 10:41:35 AM,Commercial,38000.00,TO BE BID,,,Trash,no_hvac_signal
LPRM,2600086,LPRM-2600086,https://apps-secure.phoenix.gov/PDD/Search/PermitDetails?permitNum=LPRM-2600086,LPRM-2600086,30205 N BLACK CANYON HWY,PHOENIX,1/7/2026 10:39:43 AM,Commercial,74000.00,PERFORMANCE ELECTRIC,AFPF-060607,,Trash,no_hvac_signal
LPRM,2600086,LPRM-2600086,https://apps-secure.phoenix.gov/PDD/Search/PermitDetails?permitNum=LPRM-2600086,LPRM-2600086,30205 N BLACK CANYON HWY,PHOENIX,1/7/2026 10:39:43 AM,Commercial,74000.00,PERFORMANCE ELECTRIC,AFPF-060607,,Trash,no_hvac_signal
CPGD,2600085,CPGD-2600085,https://apps-secure.phoenix.gov/PDD/Search/PermitDetails?permitNum=CPGD-2600085,CPGD-2600085,744 E PALMAIRE AVE,PHOENIX,1/7/2026 10:37:52 AM,Residential,1.00,TO BE BID,,,Trash,no_hvac_signal
OE,26000202,OE-26000202,https://apps-secure.phoenix.gov/PDD/Search/PermitDetails?permitNum=OE-26000202,OE-26000202,1601 E INDIAN SCHOOL RD,PHOENIX,1/7/2026 10:35:45 AM,Commercial,0.00,D M C ELECTRIC INC,SPAD-2002622,,Trash,no_hvac_signal
CFB,26000201,CFB-26000201,https://apps-secure.phoenix.gov/PDD/Search/PermitDetails?permitNum=CFB-26000201,CFB-26000201,7500 S 32ND ST,PHOENIX,1/7/2026 10:34:35 AM,Commercial,0.00,TRILINE INC,CPFL-2406888,,Trash,no_hvac_signal
OE,26000200,OE-26000200,https://apps-secure.phoenix.gov/PDD/Search/PermitDetails?permitNum=OE-26000200,OE-26000200,2930 N 52ND ST,PHOENIX,1/7/2026 10:31:44 AM,Commercial,11542.00,IGNITE ELECTRIC LLC,SPAD-1102831,,Trash,no_hvac_signal
DEM,26000198,DEM-26000198,https://apps-secure.phoenix.gov/PDD/Search/PermitDetails?permitNum=DEM-26000198,DEM-26000198,1427 E BELL RD,PHOENIX,1/7/2026 10:17:21 AM,Commercial,7.00,TERRA VISTA CONSTRUCTION LLC,SPAD-0514302,,Trash,no_hvac_signal
F800,2600054,F800-2600054,https://apps-secure.phoenix.gov/PDD/Search/PermitDetails?permitNum=F800-2600054,F800-2600054,10028 W SELLS DR,PHOENIX,1/7/2026 10:15:22 AM,Residential,0.00,HARMON ELECTRIC,SPAD-2504223,,Trash,no_hvac_signal
LPRR,2600084,LPRR-2600084,https://apps-secure.phoenix.gov/PDD/Search/PermitDetails?permitNum=LPRR-2600084,LPRR-2600084,4236 W BELL RD,PHOENIX,1/7/2026 10:15:14 AM,Commercial,400000.00,THE ALISANO CORPORATION,,,Trash,no_hvac_signal
F112,26000197,F112-26000197,https://apps-secure.phoenix.gov/PDD/Search/PermitDetails?permitNum=F112-26000197,F112-26000197,7500 S 32ND ST,PHOENIX,1/7/2026 10:06:04 AM,Commercial,0.00,TRILINE INC,CPFL-2406888,,Trash,no_hvac_signal
OP,26000196,OP-26000196,https://apps-secure.phoenix.gov/PDD/Search/PermitDetails?permitNum=OP-26000196,OP-26000196,2470 S 22ND AVE,PHOENIX,1/7/2026 9:47:30 AM,Commercial,4000.00,RCI SYSTEMS INC,AFPF-060308,,Trash,no_hvac_signal
OP,26000196,OP-26000196,https://apps-secure.phoenix.gov/PDD/Search/PermitDetails?permitNum=OP-26000196,OP-26000196,2470 S 22ND AVE,PHOENIX,1/7/2026 9:47:30 AM,Commercial,4000.00,RCI SYSTEMS INC,AFPF-060308,,Trash,no_hvac_signal
LPSG,260012,LPSG-260012,https://apps-secure.phoenix.gov/PDD/Search/PermitDetails?permitNum=LPSG-260012,LPSG-260012,300 E JESSE OWENS PKWY,PHOENIX,1/7/2026 9:33:30 AM,Commercial,0.00,OWNER,,,Trash,no_hvac_signal
F105,26000195,F105-26000195,https://apps-secure.phoenix.gov/PDD/Search/PermitDetails?permitNum=F105-26000195,F105-26000195,3020 E CAMELBACK RD,PHOENIX,1/7/2026 9:30:11 AM,Commercial,0.00,NOLIN FIRE SPRINKLERS INC,FPPD-252629,,Trash,negative=fire
CPMC,2600082,CPMC-2600082,https://apps-secure.phoenix.gov/PDD/Search/PermitDetails?permitNum=CPMC-2600082,CPMC-2600082,32400 N 29TH AVE,PHOENIX,1/7/2026 9:28:57 AM,Commercial,0.00,TO BE BID,,,Trash,no_hvac_signal
F143,2600052,F143-2600052,https://apps-secure.phoenix.gov/PDD/Search/PermitDetails?permitNum=F143-2600052,F143-2600052,9600 W INDIAN SCHOOL RD,PHOENIX,1/7/2026 9:27:02 AM,Commercial,0.00,OLYMPIC WEST FIRE PROTECTION,FPPR-250918,,Trash,negative=fire
F143,2600053,F143-2600053,https://apps-secure.phoenix.gov/PDD/Search/PermitDetails?permitNum=F143-2600053,F143-2600053,4225 N 99TH AVE,PHOENIX,1/7/2026 9:27:02 AM,Commercial,0.00,OLYMPIC WEST FIRE PROTECTION,FPPR-250919,,Trash,negative=fire
SE,26000194,SE-26000194,https://apps-secure.phoenix.gov/PDD/Search/PermitDetails?permitNum=SE-26000194,SE-26000194,14850 N SCOTTSDALE RD,PHOENIX,1/7/2026 9:23:30 AM,Commercial,72000.00,RELIANCE BUILD INC,LPRM-2507060,,Trash,no_hvac_signal
F809,26000193,F809-26000193,https://apps-secure.phoenix.gov/PDD/Search/PermitDetails?permitNum=F809-26000193,F809-26000193,725 N 73RD AVE,PHOENIX,1/7/2026 9:18:36 AM,Commercial,0.00,METRO FIRE EQ,,,Trash,negative=fire
RPV,26000192,RPV-26000192,https://apps-secure.phoenix.gov/PDD/Search/PermitDetails?permitNum=RPV-26000192,RPV-26000192,4036 W SAN JUAN AVE,PHOENIX,1/7/2026 9:17:47 AM,Commercial,18200.00,ONEWORLDENERGY LLC,SPAD-2301631,,Trash,no_hvac_signal
F122,26000191,F122-26000191,https://apps-secure.phoenix.gov/PDD/Search/PermitDetails?permitNum=F122-26000191,F122-26000191,32200 N 43RD AVE,PHOENIX,1/7/2026 9:17:15 AM,Commercial,0.00,FIRETROL PROTECTION SYSTEMS INC,FPPD-252355,,Trash,no_hvac_signal
F122,26000191,F122-26000191,https://apps-secure.phoenix.gov/PDD/Search/PermitDetails?permitNum=F122-26000191,F122-26000191,32200 N 43RD AVE,PHOENIX,1/7/2026 9:17:15 AM,Commercial,0.00,FIRETROL PROTECTION SYSTEMS INC,FPPD-252355,,Trash,no_hvac_signal
CHA,26000190,CHA-26000190,https://apps-secure.phoenix.gov/PDD/Search/PermitDetails?permitNum=CHA-26000190,CHA-26000190,2601 E ROOSEVELT ST,PHOENIX,1/7/2026 9:15:18 AM,Commercial,0.00,BUESING CORP,SDEV-0003332,,Trash,no_hvac_signal
DSAP,26007,DSAP-26007,https://apps-secure.phoenix.gov/PDD/Search/PermitDetails?permitNum=DSAP-26007,DSAP-26007,1910 E KAREN DR,PHOENIX,1/7/2026 9:12:49 AM,Residential,0.00,TO BE BID,,,Trash,no_hvac_signal
F193,2600050,F193-2600050,https://apps-secure.phoenix.gov/PDD/Search/PermitDetails?permitNum=F193-2600050,F193-2600050,1541 E CHEERY LYNN RD,PHOENIX,1/7/2026 9:03:05 AM,Commercial,0.00,ARGENT SOLAR ELECTRIC INC,SPAD-0010103,,Trash,negative=solar(?: pv)?
F122,26000184,F122-26000184,https://apps-secure.phoenix.gov/PDD/Search/PermitDetails?permitNum=F122-26000184,F122-26000184,5088 W INNOVATION CIR,PHOENIX,1/7/2026 8:52:04 AM,Commercial,0.00,FIRETROL PROTECTION SYSTEMS INC,FPPD-252626,,Trash,no_hvac_signal
F122,26000184,F122-26000184,https://apps-secure.phoenix.gov/PDD/Search/PermitDetails?permitNum=F122-26000184,F122-26000184,5088 W INNOVATION CIR,PHOENIX,1/7/2026 8:52:04 AM,Commercial,0.00,FIRETROL PROTECTION SYSTEMS INC,FPPD-252626,,Trash,no_hvac_signal
F809,26000177,F809-26000177,https://apps-secure.phoenix.gov/PDD/Search/PermitDetails?permitNum=F809-26000177,F809-26000177,1115 N 47TH AVE,PHOENIX,1/7/2026 8:00:30 AM,Commercial,0.00,COMPLETE FIRE PROTECTION INC,,,Trash,negative=fire
LPSG,260008,LPSG-260008,https://apps-secure.phoenix.gov/PDD/Search/PermitDetails?permitNum=LPSG-260008,LPSG-260008,7730 S 59TH AVE,PHOENIX,1/7/2026 7:13:29 AM,Commercial,9400.00,SUMMIT WEST SIGNS,,,Trash,no_hvac_signal
OP,26000174,OP-26000174,https://apps-secure.phoenix.gov/PDD/Search/PermitDetails?permitNum=OP-26000174,OP-26000174,15202 N 19TH AVE,PHOENIX,1/7/2026 7:10:39 AM,Commercial,17000.00,PUBLIC WORKS I88,OME-25017761,,Trash,no_hvac_signal
OP,26000174,OP-26000174,https://apps-secure.phoenix.gov/PDD/Search/PermitDetails?permitNum=OP-26000174,OP-26000174,15202 N 19TH AVE,PHOENIX,1/7/2026 7:10:39 AM,Commercial,17000.00,PUBLIC WORKS I88,OME-25017761,,Trash,no_hvac_signal
F875,26000173,F875-26000173,https://apps-secure.phoenix.gov/PDD/Search/PermitDetails?permitNum=F875-26000173,F875-26000173,3602 E GREENWAY RD,PHOENIX,1/7/2026 6:50:45 AM,Commercial,0.00,JK ALARMS OF AZ INC,,,Trash,no_hvac_signal
F159,26000171,F159-26000171,https://apps-secure.phoenix.gov/PDD/Search/PermitDetails?permitNum=F159-26000171,F159-26000171,325 W PALO VERDE DR,PHOENIX,1/7/2026 6:39:50 AM,Commercial,0.00,ALPHA FIRE PROTECTION INC,FPPD-252685,,Trash,negative=fire
LPRS,2600091,LPRS-2600091,https://apps-secure.phoenix.gov/PDD/Search/PermitDetails?permitNum=LPRS-2600091,LPRS-2600091,3255 W BEARDSLEY RD,PHOENIX,1/7/2026 12:00:00 AM,Commercial,24809400.00,LAYTON CONSTRUCTION COMPANY OF ARIZONA,,,Trash,no_hvac_signal
SGNP,214913,SGNP-214913,https://apps-secure.phoenix.gov/PDD/Search/PermitDetails?permitNum=SGNP-214913,SGNP-214913,20 E THOMAS RD,PHOENIX,1/7/2026 12:00:00 AM,Commercial,100000.00,SIGNS OF THE TIMES,LPSG-260004,,Trash,no_hvac_signal
SGNP,214914,SGNP-214914,https://apps-secure.phoenix.gov/PDD/Search/PermitDetails?permitNum=SGNP-214914,SGNP-214914,20 E THOMAS RD,PHOENIX,1/7/2026 12:00:00 AM,Commercial,100000.00,SIGNS OF THE TIMES,LPSG-260004,,Trash,no_hvac_signal
SGNP,214915,SGNP-214915,https://apps-secure.phoenix.gov/PDD/Search/PermitDetails?permitNum=SGNP-214915,SGNP-214915,407 W BELL RD,PHOENIX,1/7/2026 12:00:00 AM,Commercial,13000.00,BOOTZ & DUKE SIGN COMPANY,LPSG-251587,,Trash,negative=sign
SGNP,214916,SGNP-214916,https://apps-secure.phoenix.gov/PDD/Search/PermitDetails?permitNum=SGNP-214916,SGNP-214916,407 W BELL RD,PHOENIX,1/7/2026 12:00:00 AM,Commercial,13000.00,BOOTZ & DUKE SIGN COMPANY,LPSG-251587,,Trash,negative=sign
SGNP,214917,SGNP-214917,https://apps-secure.phoenix.gov/PDD/Search/PermitDetails?permitNum=SGNP-214917,SGNP-214917,407 W BELL RD,PHOENIX,1/7/2026 12:00:00 AM,Commercial,13000.00,BOOTZ & DUKE SIGN COMPANY,LPSG-251587,,Trash,negative=sign
SGNP,214918,SGNP-214918,https://apps-secure.phoenix.gov/PDD/Search/PermitDetails?permitNum=SGNP-214918,SGNP-214918,3434 W GREENWAY RD,PHOENIX,1/7/2026 12:00:00 AM,Commercial,4000.00,ADVANCED SIGN & LIGHTING INC,LPSG-251423,,Trash,negative=lighting|sign
LPSG,260009,LPSG-260009,https://apps-secure.phoenix.gov/PDD/Search/PermitDetails?permitNum=LPSG-260009,LPSG-260009,1001 E FAIRMOUNT AVE,PHOENIX,1/7/2026 12:00:00 AM,Residential,1325.00,SIGN A RAMA,,,Trash,negative=sign
SGNP,214912,SGNP-214912,https://apps-secure.phoenix.gov/PDD/Search/PermitDetails?permitNum=SGNP-214912,SGNP-214912,3210 E ROESER RD,PHOENIX,1/7/2026 12:00:00 AM,Commercial,912.00,SIGN A RAMA,LPSG-251574,,Trash,negative=sign
OP,26000187,OP-26000187,https://apps-secure.phoenix.gov/PDD/Search/PermitDetails?permitNum=OP-26000187,OP-26000187,6236 N 16TH ST,PHOENIX,1/7/2026 12:00:00 AM,Commercial,725.00,SPRINKLER REPAIR LLC,SPAD-2001534,,Trash,negative=sprinkler
OP,26000188,OP-26000188,https://apps-secure.phoenix.gov/PDD/Search/PermitDetails?permitNum=OP-26000188,OP-26000188,6236 N 16TH ST,PHOENIX,1/7/2026 12:00:00 AM,Commercial,725.00,SPRINKLER REPAIR LLC,SPAD-2001534,,Trash,negative=sprinkler
OP,26000229,OP-26000229,https://apps-secure.phoenix.gov/PDD/Search/PermitDetails?permitNum=OP-26000229,OP-26000229,10534 W INDIAN SCHOOL RD,PHOENIX,1/7/2026 12:00:00 AM,Commercial,150.00,RECORD CONSTRUCTION INC,SPAD-0010114,,Trash,no_hvac_signal
OP,26000230,OP-26000230,https://apps-secure.phoenix.gov/PDD/Search/PermitDetails?permitNum=OP-26000230,OP-26000230,10534 W INDIAN SCHOOL RD,PHOENIX,1/7/2026 12:00:00 AM,Commercial,150.00,RECORD CONSTRUCTION INC,SPAD-0010114,,Trash,no_hvac_signal
CUT,26000185,CUT-26000185,https://apps-secure.phoenix.gov/PDD/Search/PermitDetails?permitNum=CUT-26000185,CUT-26000185,3415 N 47TH PL,PHOENIX,1/7/2026 12:00:00 AM,Commercial,0.00,WINDSOR EXCAVATING,SPAD-2501989,,Trash,no_hvac_signal
CUT,26000186,CUT-26000186,https://apps-secure.phoenix.gov/PDD/Search/PermitDetails?permitNum=CUT-26000186,CUT-26000186,4237 N 41ST PL,PHOENIX,1/7/2026 12:00:00 AM,Commercial,0.00,WINDSOR EXCAVATING,SPAD-2403198,,Trash,no_hvac_signal
F159,26000246,F159-26000246,https://apps-secure.phoenix.gov/PDD/Search/PermitDetails?permitNum=F159-26000246,F159-26000246,4220 N 32ND ST 20,PHOENIX,1/7/2026 12:00:00 AM,Commercial,0.00,ADOBE FIRE PROTECTION  LLC,FPPD-250269,,Trash,negative=fire
F159,26000247,F159-26000247,https://apps-secure.phoenix.gov/PDD/Search/PermitDetails?permitNum=F159-26000247,F159-26000247,4220 N 32ND ST 5,PHOENIX,1/7/2026 12:00:00 AM,Commercial,0.00,ADOBE FIRE PROTECTION  LLC,FPPD-250270,,Trash,negative=fire
F159,26000248,F159-26000248,https://apps-secure.phoenix.gov/PDD/Search/PermitDetails?permitNum=F159-26000248,F159-26000248,4220 N 32ND ST 31,PHOENIX,1/7/2026 12:00:00 AM,Commercial,0.00,ADOBE FIRE PROTECTION  LLC,FPPD-250853,,Trash,negative=fire
CWT,26000262,CWT-26000262,https://apps-secure.phoenix.gov/PDD/Search/PermitDetails?permitNum=CWT-26000262,CWT-26000262,4801 E THISTLE LANDING DR,PHOENIX,1/7/2026 12:00:00 AM,Commercial,0.00,RICOR INC,CPWT-2406577,,Trash,no_hvac_signal
CPR,26000263,CPR-26000263,https://apps-secure.phoenix.gov/PDD/Search/PermitDetails?permitNum=CPR-26000263,CPR-26000263,4801 E THISTLE LANDING DR,PHOENIX,1/7/2026 12:00:00 AM,Commercial,0.00,RICOR INC,CPWT-2406577,,Trash,no_hvac_signal
CPR,26000264,CPR-26000264,https://apps-secure.phoenix.gov/PDD/Search/PermitDetails?permitNum=CPR-26000264,CPR-26000264,4801 E THISTLE LANDING DR,PHOENIX,1/7/2026 12:00:00 AM,Commercial,0.00,RICOR INC,CPWT-2406577,,Trash,no_hvac_signal
CGD,26000265,CGD-26000265,https://apps-secure.phoenix.gov/PDD/Search/PermitDetails?permitNum=CGD-26000265,CGD-26000265,4801 E THISTLE LANDING DR,PHOENIX,1/7/2026 12:00:00 AM,Commercial,0.00,RICOR INC,CPGD-2504253,,Trash,no_hvac_signal
CPR,26000266,CPR-26000266,https://apps-secure.phoenix.gov/PDD/Search/PermitDetails?permitNum=CPR-26000266,CPR-26000266,4801 E THISTLE LANDING DR,PHOENIX,1/7/2026 12:00:00 AM,Commercial,0.00,RICOR INC,CPGD-2504253,,Trash,no_hvac_signal
CCO,26000267,CCO-26000267,https://apps-secure.phoenix.gov/PDD/Search/PermitDetails?permitNum=CCO-26000267,CCO-26000267,4801 E THISTLE LANDING DR,PHOENIX,1/7/2026 12:00:00 AM,Commercial,0.00,RICOR INC,CPGD-2504253,,Trash,no_hvac_signal
CDF,26000268,CDF-26000268,https://apps-secure.phoenix.gov/PDD/Search/PermitDetails?permitNum=CDF-26000268,CDF-26000268,4801 E THISTLE LANDING DR,PHOENIX,1/7/2026 12:00:00 AM,Commercial,0.00,RICOR INC,CPGD-2504253,,Trash,no_hvac_signal
CPSW,2600081,CPSW-2600081,https://apps-secure.phoenix.gov/PDD/Search/PermitDetails?permitNum=CPSW-2600081,CPSW-2600081,3255 W BEARDSLEY RD,PHOENIX,1/7/2026 12:00:00 AM,Residential,0.00,TO BE BID,,,Trash,no_hvac_signal
CPGD,2600092,CPGD-2600092,https://apps-secure.phoenix.gov/PDD/Search/PermitDetails?permitNum=CPGD-2600092,CPGD-2600092,3255 W BEARDSLEY RD,PHOENIX,1/7/2026 12:00:00 AM,Residential,0.00,TO BE BID,,,Trash,no_hvac_signal
CPFL,2600093,CPFL-2600093,https://apps-secure.phoenix.gov/PDD/Search/PermitDetails?permitNum=CPFL-2600093,CPFL-2600093,3255 W BEARDSLEY RD,PHOENIX,1/7/2026 12:00:00 AM,Residential,0.00,TO BE BID,,,Trash,no_hvac_signal
CPPA,2600094,CPPA-2600094,https://apps-secure.phoenix.gov/PDD/Search/PermitDetails?permitNum=CPPA-2600094,CPPA-2600094,3255 W BEARDSLEY RD,PHOENIX,1/7/2026 12:00:00 AM,Residential,0.00,TO BE BID,,,Trash,no_hvac_signal
LPSG,260010,LPSG-260010,https://apps-secure.phoenix.gov/PDD/Search/PermitDetails?permitNum=LPSG-260010,LPSG-260010,1919 E CAMELBACK RD,PHOENIX,1/7/2026 12:00:00 AM,Commercial,0.00,SIGN A RAMA,,,Trash,negative=sign
FPPD,260034,FPPD-260034,https://apps-secure.phoenix.gov/PDD/Search/PermitDetails?permitNum=FPPD-260034,FPPD-260034,3255 W BEARDSLEY RD,PHOENIX,1/7/2026 12:00:00 AM,Residential,0.00,TO BE BID,,,Trash,no_hvac_signal
LPSG,260007,LPSG-260007,https://apps-secure.phoenix.gov/PDD/Search/PermitDetails?permitNum=LPSG-260007,LPSG-260007,5010 E SHEA BLVD,PHOENIX,1/6/2026 8:15:24 PM,Commercial,5000.00,DAVIS INTERIOR GRAPHICS & SIGNS LLC,,,Trash,no_hvac_signal
WSFT,26000170,WSFT-26000170,https://apps-secure.phoenix.gov/PDD/Search/PermitDetails?permitNum=WSFT-26000170,WSFT-26000170,4310 N 42ND PL,PHOENIX,1/6/2026 6:30:43 PM,Residential,0.00,PAUL O'CONNOR,SPAD-2504210,,Trash,no_hvac_signal
WSFT,26000169,WSFT-26000169,https://apps-secure.phoenix.gov/PDD/Search/PermitDetails?permitNum=WSFT-26000169,WSFT-26000169,3627 E HAZELWOOD ST,PHOENIX,1/6/2026 6:26:50 PM,Residential,0.00,PAUL O'CONNOR,SPAD-0905854,,Trash,no_hvac_signal
FPPD,260033,FPPD-260033,https://apps-secure.phoenix.gov/PDD/Search/PermitDetails?permitNum=FPPD-260033,FPPD-260033,5124 W MCDOWELL RD,PHOENIX,1/6/2026 5:47:12 PM,Commercial,0.00,ALACRAN HOODS LLC,,,Trash,no_hvac_signal
F824,2600044,F824-2600044,https://apps-secure.phoenix.gov/PDD/Search/PermitDetails?permitNum=F824-2600044,F824-2600044,31602 N 44TH ST,PHOENIX,1/6/2026 5:44:34 PM,Commercial,0.00,CHAMPION CLEANING SPECIALISTS INC. (CCSI),SPAD-2503349,,Trash,no_hvac_signal
SCSR,2600080,SCSR-2600080,https://apps-secure.phoenix.gov/PDD/Search/PermitDetails?permitNum=SCSR-2600080,SCSR-2600080,2620 N 46TH ST,PHOENIX,1/6/2026 5:22:13 PM,Commercial,0.00,TO BE BID,,,Trash,no_hvac_signal
RPV,26000168,RPV-26000168,https://apps-secure.phoenix.gov/PDD/Search/PermitDetails?permitNum=RPV-26000168,RPV-26000168,5362 E ESTEVAN RD,PHOENIX,1/6/2026 5:17:41 PM,Commercial,58515.00,CAPITAL ENERGY LLC,SPAD-1011670,,Trash,no_hvac_signal
CGD,26000167,CGD-26000167,https://apps-secure.phoenix.gov/PDD/Search/PermitDetails?permitNum=CGD-26000167,CGD-26000167,32300 N 51ST AVE,PHOENIX,1/6/2026 5:14:41 PM,Commercial,0.25,SUNDT CONSTRUCTION INC,CPGD-2506275,,Trash,no_hvac_signal
CGD,26000167,CGD-26000167,https://apps-secure.phoenix.gov/PDD/Search/PermitDetails?permitNum=CGD-26000167,CGD-26000167,32300 N 51ST AVE,PHOENIX,1/6/2026 5:14:41 PM,Commercial,0.25,SUNDT CONSTRUCTION INC,CPGD-2506275,,Trash,no_hvac_signal
CGD,26000167,CGD-26000167,https://apps-secure.phoenix.gov/PDD/Search/PermitDetails?permitNum=CGD-26000167,CGD-26000167,32300 N 51ST AVE,PHOENIX,1/6/2026 5:14:41 PM,Commercial,0.25,SUNDT CONSTRUCTION INC,CPGD-2506275,,Trash,no_hvac_signal
FPPD,260029,FPPD-260029,https://apps-secure.phoenix.gov/PDD/Search/PermitDetails?permitNum=FPPD-260029,FPPD-260029,10200 N 25TH AVE,PHOENIX,1/6/2026 4:52:59 PM,Commercial,0.00,AERO AUTOMATIC SPRINKLER COMPANY,,,Trash,negative=sprinkler
FPPD,260030,FPPD-260030,https://apps-secure.phoenix.gov/PDD/Search/PermitDetails?permitNum=FPPD-260030,FPPD-260030,10100 N 25TH AVE,PHOENIX,1/6/2026 4:52:59 PM,Commercial,0.00,AERO AUTOMATIC SPRINKLER COMPANY,,,Trash,negative=sprinkler
FPPD,260031,FPPD-260031,https://apps-secure.phoenix.gov/PDD/Search/PermitDetails?permitNum=FPPD-260031,FPPD-260031,10000 N 25TH AVE,PHOENIX,1/6/2026 4:52:59 PM,Commercial,0.00,AERO AUTOMATIC SPRINKLER COMPANY,,,Trash,negative=sprinkler
FPPD,260032,FPPD-260032,https://apps-secure.phoenix.gov/PDD/Search/PermitDetails?permitNum=FPPD-260032,FPPD-260032,9900 N 25TH AVE,PHOENIX,1/6/2026 4:52:59 PM,Commercial,0.00,AERO AUTOMATIC SPRINKLER COMPANY,,,Trash,negative=sprinkler
F100,26000166,F100-26000166,https://apps-secure.phoenix.gov/PDD/Search/PermitDetails?permitNum=F100-26000166,F100-26000166,9725 W INDIAN SCHOOL RD,PHOENIX,1/6/2026 4:35:12 PM,Commercial,0.00,FREEDOM FIRE PROTECTION COMPANY L L C,FPPD-252650,,Trash,negative=fire
RPV,26000165,RPV-26000165,https://apps-secure.phoenix.gov/PDD/Search/PermitDetails?permitNum=RPV-26000165,RPV-26000165,24530 N 18TH WAY,PHOENIX,1/6/2026 4:26:17 PM,Commercial,54120.00,SOLAR OPTIMUM INC.,SPAD-2015609,,Trash,negative=solar(?: pv)?
SCSR,2600079,SCSR-2600079,https://apps-secure.phoenix.gov/PDD/Search/PermitDetails?permitNum=SCSR-2600079,SCSR-2600079,402 N 18TH DR,PHOENIX,1/6/2026 4:25:52 PM,Commercial,0.00,TO BE BID,,,Trash,no_hvac_signal
RPV,26000164,RPV-26000164,https://apps-secure.phoenix.gov/PDD/Search/PermitDetails?permitNum=RPV-26000164,RPV-26000164,14832 N 36TH ST,PHOENIX,1/6/2026 4:17:04 PM,Commercial,15795.00,BRIGHT HOME INSTALLATIONS LLC,SPAD-2600002,,Trash,no_hvac_signal
LPRR,2600078,LPRR-2600078,https://apps-secure.phoenix.gov/PDD/Search/PermitDetails?permitNum=LPRR-2600078,LPRR-2600078,4005 E SOUTHERN AVE,PHOENIX,1/6/2026 4:06:59 PM,Commercial,82800.00,TO BE BID,,,Trash,no_hvac_signal
LSCA,2506154,LSCA-2506154,https://apps-secure.phoenix.gov/PDD/Search/PermitDetails?permitNum=LSCA-2506154,LSCA-2506154,5145 N 7TH ST,PHOENIX,1/6/2026 4:05:52 PM,Commercial,0.00,BLACKHAWK CONSTRUCTION LLC,LPSC-2506154,,Trash,no_hvac_signal
RPV,26000163,RPV-26000163,https://apps-secure.phoenix.gov/PDD/Search/PermitDetails?permitNum=RPV-26000163,RPV-26000163,11405 S TAWA LN,PHOENIX,1/6/2026 4:02:59 PM,Commercial,34500.00,INTY SOLAR LLC,SPAD-2600003,,Trash,negative=solar(?: pv)?
OP,26000162,OP-26000162,https://apps-secure.phoenix.gov/PDD/Search/PermitDetails?permitNum=OP-26000162,OP-26000162,2400 E MISSOURI AVE,PHOENIX,1/6/2026 4:02:43 PM,Commercial,1000.00,7400 CONSTRUCTION LLC,SPAD-0804316,,Trash,no_hvac_signal
LPRM,2600077,LPRM-2600077,https://apps-secure.phoenix.gov/PDD/Search/PermitDetails?permitNum=LPRM-2600077,LPRM-2600077,32400 N 51ST AVE,PHOENIX,1/6/2026 3:57:29 PM,Commercial,500000.00,"EXCEL CONTRACTORS, LLC",SPAD-2208087,,Trash,no_hvac_signal
LPRM,2600077,LPRM-2600077,https://apps-secure.phoenix.gov/PDD/Search/PermitDetails?permitNum=LPRM-2600077,LPRM-2600077,32400 N 51ST AVE,PHOENIX,1/6/2026 3:57:29 PM,Commercial,500000.00,"EXCEL CONTRACTORS, LLC",SPAD-2208087,,Trash,no_hvac_signal
PAPP,2600076,PAPP-2600076,https://apps-secure.phoenix.gov/PDD/Search/PermitDetails?permitNum=PAPP-2600076,PAPP-2600076,5252 E HIGH ST,PHOENIX,1/6/2026 3:55:02 PM,Residential,0.00,TO BE BID,,,Trash,no_hvac_signal
BLD,26000161,BLD-26000161,https://apps-secure.phoenix.gov/PDD/Search/PermitDetails?permitNum=BLD-26000161,BLD-26000161,8800 N 22ND AVE,PHOENIX,1/6/2026 3:48:36 PM,Commercial,538070.40,KRAUS ANDERSON CONSTRUCTION COMPANY,LPRR-2506333,,Trash,no_hvac_signal
CSL,26000160,CSL-26000160,https://apps-secure.phoenix.gov/PDD/Search/PermitDetails?permitNum=CSL-26000160,CSL-26000160,2350 E CHARLENE PL,PHOENIX,1/6/2026 3:43:53 PM,Commercial,0.00,ADDITIONAL OPTION LLC,CPGD-2505599,,Trash,no_hvac_signal
FPPD,260028,FPPD-260028,https://apps-secure.phoenix.gov/PDD/Search/PermitDetails?permitNum=FPPD-260028,FPPD-260028,14648 N SCOTTSDALE RD,PHOENIX,1/6/2026 3:33:59 PM,Commercial,0.00,GREENWAY GLOBAL CORPORATION,,,Trash,no_hvac_signal
BLD,26000159,BLD-26000159,https://apps-secure.phoenix.gov/PDD/Search/PermitDetails?permitNum=BLD-26000159,BLD-26000159,2840 W CACTUS RD,PHOENIX,1/6/2026 3:26:47 PM,Commercial,125000.00,T BUILT LLC,LPRR-2506557,,Trash,no_hvac_signal
LPRR,2600075,LPRR-2600075,https://apps-secure.phoenix.gov/PDD/Search/PermitDetails?permitNum=LPRR-2600075,LPRR-2600075,3220 E BASELINE RD,PHOENIX,1/6/2026 3:20:33 PM,Commercial,150000.00,G B CONTRACTING INC,,,Trash,no_hvac_signal
F209,2600043,F209-2600043,https://apps-secure.phoenix.gov/PDD/Search/PermitDetails?permitNum=F209-2600043,F209-2600043,4975 E MCDONALD DR,PHOENIX,1/6/2026 3:19:26 PM,Residential,0.00,SUN VALLEY SOLAR SOLUTIONS L L C,FPPR-251112,,Trash,negative=solar(?: pv)?
F175,26000158,F175-26000158,https://apps-secure.phoenix.gov/PDD/Search/PermitDetails?permitNum=F175-26000158,F175-26000158,4638 W DOBBINS RD,PHOENIX,1/6/2026 3:03:45 PM,Residential,0.00,OLYMPIC WEST FIRE PROTECTION,FPPD-252625,,Trash,negative=fire
F175,26000158,F175-26000158,https://apps-secure.phoenix.gov/PDD/Search/PermitDetails?permitNum=F175-26000158,F175-26000158,4638 W DOBBINS RD,PHOENIX,1/6/2026 3:03:45 PM,Residential,0.00,OLYMPIC WEST FIRE PROTECTION,FPPD-252625,,Trash,negative=fire
OE,26000157,OE-26000157,https://apps-secure.phoenix.gov/PDD/Search/PermitDetails?permitNum=OE-26000157,OE-26000157,2240 W SHANGRI LA RD,PHOENIX,1/6/2026 2:54:57 PM,Commercial,900.00,FUTURA  ELECTRIC LLC,SPAD-0117431,,Trash,no_hvac_signal
DSAP,26006,DSAP-26006,https://apps-secure.phoenix.gov/PDD/Search/PermitDetails?permitNum=DSAP-26006,DSAP-26006,9435 N 43RD PL,PHOENIX,1/6/2026 2:48:23 PM,Commercial,0.00,GURLEY DEVELOPMENT LLC,,,Trash,no_hvac_signal
RPV,26000156,RPV-26000156,https://apps-secure.phoenix.gov/PDD/Search/PermitDetails?permitNum=RPV-26000156,RPV-26000156,8908 W COLUMBUS AVE,PHOENIX,1/6/2026 2:48:18 PM,Commercial,34440.00,ONEWORLDENERGY LLC,SPAD-2503373,,Trash,no_hvac_signal
F159,26000155,F159-26000155,https://apps-secure.phoenix.gov/PDD/Search/PermitDetails?permitNum=F159-26000155,F159-26000155,8450 S 59TH AVE,PHOENIX,1/6/2026 2:47:08 PM,Commercial,0.00,VALLEY FIRE SPRINKLER INC,FPPD-250716,,Trash,negative=fire|sprinkler
WSFT,26000154,WSFT-26000154,https://apps-secure.phoenix.gov/PDD/Search/PermitDetails?permitNum=WSFT-26000154,WSFT-26000154,10649 W BUCKEYE RD,PHOENIX,1/6/2026 2:44:18 PM,Residential,0.00,MAXIMUM FIRE PROTECTION L L C,CCPH-1900441,,Trash,negative=fire
RPDR,2600074,RPDR-2600074,https://apps-secure.phoenix.gov/PDD/Search/PermitDetails?permitNum=RPDR-2600074,RPDR-2600074,7721 N 4TH AVE,PHOENIX,1/6/2026 2:41:29 PM,Residential,0.00,TO BE BID,,,Trash,no_hvac_signal
FPPD,260011,FPPD-260011,https://apps-secure.phoenix.gov/PDD/Search/PermitDetails?permitNum=FPPD-260011,FPPD-260011,9225 W INDIAN SCHOOL RD,PHOENIX,1/6/2026 2:28:30 PM,Commercial,0.00,VALLEY FIRE SPRINKLER INC,,,Trash,negative=fire|sprinkler
FPPD,260012,FPPD-260012,https://apps-secure.phoenix.gov/PDD/Search/PermitDetails?permitNum=FPPD-260012,FPPD-260012,9225 W INDIAN SCHOOL RD,PHOENIX,1/6/2026 2:28:30 PM,Commercial,0.00,VALLEY FIRE SPRINKLER INC,,,Trash,negative=fire|sprinkler
FPPD,260013,FPPD-260013,https://apps-secure.phoenix.gov/PDD/Search/PermitDetails?permitNum=FPPD-260013,FPPD-260013,9225 W INDIAN SCHOOL RD,PHOENIX,1/6/2026 2:28:30 PM,Commercial,0.00,VALLEY FIRE SPRINKLER INC,,,Trash,negative=fire|sprinkler
FPPD,260014,FPPD-260014,https://apps-secure.phoenix.gov/PDD/Search/PermitDetails?permitNum=FPPD-260014,FPPD-260014,9225 W INDIAN SCHOOL RD,PHOENIX,1/6/2026 2:28:30 PM,Commercial,0.00,VALLEY FIRE SPRINKLER INC,,,Trash,negative=fire|sprinkler
FPPD,260015,FPPD-260015,https://apps-secure.phoenix.gov/PDD/Search/PermitDetails?permitNum=FPPD-260015,FPPD-260015,9225 W INDIAN SCHOOL RD,PHOENIX,1/6/2026 2:28:30 PM,Commercial,0.00,VALLEY FIRE SPRINKLER INC,,,Trash,negative=fire|sprinkler
FPPD,260016,FPPD-260016,https://apps-secure.phoenix.gov/PDD/Search/PermitDetails?permitNum=FPPD-260016,FPPD-260016,9225 W INDIAN SCHOOL RD,PHOENIX,1/6/2026 2:28:30 PM,Commercial,0.00,VALLEY FIRE SPRINKLER INC,,,Trash,negative=fire|sprinkler
FPPD,260017,FPPD-260017,https://apps-secure.phoenix.gov/PDD/Search/PermitDetails?permitNum=FPPD-260017,FPPD-260017,9225 W INDIAN SCHOOL RD,PHOENIX,1/6/2026 2:28:30 PM,Commercial,0.00,VALLEY FIRE SPRINKLER INC,,,Trash,negative=fire|sprinkler
FPPD,260018,FPPD-260018,https://apps-secure.phoenix.gov/PDD/Search/PermitDetails?permitNum=FPPD-260018,FPPD-260018,9225 W INDIAN SCHOOL RD,PHOENIX,1/6/2026 2:28:30 PM,Commercial,0.00,VALLEY FIRE SPRINKLER INC,,,Trash,negative=fire|sprinkler
FPPD,260019,FPPD-260019,https://apps-secure.phoenix.gov/PDD/Search/PermitDetails?permitNum=FPPD-260019,FPPD-260019,9225 W INDIAN SCHOOL RD,PHOENIX,1/6/2026 2:28:30 PM,Commercial,0.00,VALLEY FIRE SPRINKLER INC,,,Trash,negative=fire|sprinkler
FPPD,260020,FPPD-260020,https://apps-secure.phoenix.gov/PDD/Search/PermitDetails?permitNum=FPPD-260020,FPPD-260020,9225 W INDIAN SCHOOL RD,PHOENIX,1/6/2026 2:28:30 PM,Commercial,0.00,VALLEY FIRE SPRINKLER INC,,,Trash,negative=fire|sprinkler
FPPD,260021,FPPD-260021,https://apps-secure.phoenix.gov/PDD/Search/PermitDetails?permitNum=FPPD-260021,FPPD-260021,9225 W INDIAN SCHOOL RD,PHOENIX,1/6/2026 2:28:30 PM,Commercial,0.00,VALLEY FIRE SPRINKLER INC,,,Trash,negative=fire|sprinkler
FPPD,260022,FPPD-260022,https://apps-secure.phoenix.gov/PDD/Search/PermitDetails?permitNum=FPPD-260022,FPPD-260022,9225 W INDIAN SCHOOL RD,PHOENIX,1/6/2026 2:28:30 PM,Commercial,0.00,VALLEY FIRE SPRINKLER INC,,,Trash,negative=fire|sprinkler
FPPD,260023,FPPD-260023,https://apps-secure.phoenix.gov/PDD/Search/PermitDetails?permitNum=FPPD-260023,FPPD-260023,9225 W INDIAN SCHOOL RD,PHOENIX,1/6/2026 2:28:30 PM,Commercial,0.00,VALLEY FIRE SPRINKLER INC,,,Trash,negative=fire|sprinkler
FPPD,260024,FPPD-260024,https://apps-secure.phoenix.gov/PDD/Search/PermitDetails?permitNum=FPPD-260024,FPPD-260024,9225 W INDIAN SCHOOL RD,PHOENIX,1/6/2026 2:28:30 PM,Commercial,0.00,VALLEY FIRE SPRINKLER INC,,,Trash,negative=fire|sprinkler
FPPD,260025,FPPD-260025,https://apps-secure.phoenix.gov/PDD/Search/PermitDetails?permitNum=FPPD-260025,FPPD-260025,9225 W INDIAN SCHOOL RD,PHOENIX,1/6/2026 2:28:30 PM,Commercial,0.00,VALLEY FIRE SPRINKLER INC,,,Trash,negative=fire|sprinkler
FPPD,260026,FPPD-260026,https://apps-secure.phoenix.gov/PDD/Search/PermitDetails?permitNum=FPPD-260026,FPPD-260026,9225 W INDIAN SCHOOL RD,PHOENIX,1/6/2026 2:28:30 PM,Commercial,0.00,VALLEY FIRE SPRINKLER INC,,,Trash,negative=fire|sprinkler
FPPD,260027,FPPD-260027,https://apps-secure.phoenix.gov/PDD/Search/PermitDetails?permitNum=FPPD-260027,FPPD-260027,9225 W INDIAN SCHOOL RD,PHOENIX,1/6/2026 2:28:30 PM,Commercial,0.00,VALLEY FIRE SPRINKLER INC,,,Trash,negative=fire|sprinkler
DSAP,26005,DSAP-26005,https://apps-secure.phoenix.gov/PDD/Search/PermitDetails?permitNum=DSAP-26005,DSAP-26005,787 E MARLETTE AVE,PHOENIX,1/6/2026 2:23:50 PM,Commercial,0.00,TO BE BID,,,Trash,no_hvac_signal
BLD,26000153,BLD-26000153,https://apps-secure.phoenix.gov/PDD/Search/PermitDetails?permitNum=BLD-26000153,BLD-26000153,21001 N TATUM BLVD,PHOENIX,1/6/2026 2:22:29 PM,Commercial,1000000.00,HIGH POINT DEVELOPMENT LLC,LPRR-2505662,,Trash,no_hvac_signal
FPPD,260010,FPPD-260010,https://apps-secure.phoenix.gov/PDD/Search/PermitDetails?permitNum=FPPD-260010,FPPD-260010,7000 E MAYO BLVD,PHOENIX,1/6/2026 2:21:49 PM,Commercial,0.00,GUARDIAN FIRE PROTECTION CO,,,Trash,negative=fire
F159,26000148,F159-26000148,https://apps-secure.phoenix.gov/PDD/Search/PermitDetails?permitNum=F159-26000148,F159-26000148,9225 W INDIAN SCHOOL RD,PHOENIX,1/6/2026 2:16:15 PM,Commercial,0.00,VALLEY FIRE SPRINKLER INC,FPPD-252673,,Trash,negative=fire|sprinkler
F159,26000149,F159-26000149,https://apps-secure.phoenix.gov/PDD/Search/PermitDetails?permitNum=F159-26000149,F159-26000149,9225 W INDIAN SCHOOL RD,PHOENIX,1/6/2026 2:16:15 PM,Commercial,0.00,VALLEY FIRE SPRINKLER INC,FPPD-252670,,Trash,negative=fire|sprinkler
F159,26000150,F159-26000150,https://apps-secure.phoenix.gov/PDD/Search/PermitDetails?permitNum=F159-26000150,F159-26000150,9225 W INDIAN SCHOOL RD,PHOENIX,1/6/2026 2:16:15 PM,Commercial,0.00,VALLEY FIRE SPRINKLER INC,FPPD-252680,,Trash,negative=fire|sprinkler
F159,26000151,F159-26000151,https://apps-secure.phoenix.gov/PDD/Search/PermitDetails?permitNum=F159-26000151,F159-26000151,9225 W INDIAN SCHOOL RD,PHOENIX,1/6/2026 2:16:15 PM,Commercial,0.00,VALLEY FIRE SPRINKLER INC,FPPD-252676,,Trash,negative=fire|sprinkler
F159,26000152,F159-26000152,https://apps-secure.phoenix.gov/PDD/Search/PermitDetails?permitNum=F159-26000152,F159-26000152,9225 W INDIAN SCHOOL RD,PHOENIX,1/6/2026 2:16:15 PM,Commercial,0.00,VALLEY FIRE SPRINKLER INC,FPPD-252682,,Trash,negative=fire|sprinkler
F159,26000145,F159-26000145,https://apps-secure.phoenix.gov/PDD/Search/PermitDetails?permitNum=F159-26000145,F159-26000145,9225 W INDIAN SCHOOL RD,PHOENIX,1/6/2026 2:16:14 PM,Commercial,0.00,VALLEY FIRE SPRINKLER INC,FPPD-252679,,Trash,negative=fire|sprinkler
F159,26000146,F159-26000146,https://apps-secure.phoenix.gov/PDD/Search/PermitDetails?permitNum=F159-26000146,F159-26000146,9225 W INDIAN SCHOOL RD,PHOENIX,1/6/2026 2:16:14 PM,Commercial,0.00,VALLEY FIRE SPRINKLER INC,FPPD-252675,,Trash,negative=fire|sprinkler
F159,26000147,F159-26000147,https://apps-secure.phoenix.gov/PDD/Search/PermitDetails?permitNum=F159-26000147,F159-26000147,9225 W INDIAN SCHOOL RD,PHOENIX,1/6/2026 2:16:14 PM,Commercial,0.00,VALLEY FIRE SPRINKLER INC,FPPD-252681,,Trash,negative=fire|sprinkler
F100,26000144,F100-26000144,https://apps-secure.phoenix.gov/PDD/Search/PermitDetails?permitNum=F100-26000144,F100-26000144,32200 N 43RD AVE,PHOENIX,1/6/2026 2:15:54 PM,Commercial,0.00,SOUTHLAND INDUSTRIES INC,FPPD-252634,,Trash,no_hvac_signal
F100,26000144,F100-26000144,https://apps-secure.phoenix.gov/PDD/Search/PermitDetails?permitNum=F100-26000144,F100-26000144,32200 N 43RD AVE,PHOENIX,1/6/2026 2:15:54 PM,Commercial,0.00,SOUTHLAND INDUSTRIES INC,FPPD-252634,,Trash,no_hvac_signal
RPV,26000143,RPV-26000143,https://apps-secure.phoenix.gov/PDD/Search/PermitDetails?permitNum=RPV-26000143,RPV-26000143,12411 N 25TH PL,PHOENIX,1/6/2026 2:15:00 PM,Commercial,29160.00,PROSTRUCT SOLAR LLC,SPAD-2502569,,Trash,negative=solar(?: pv)?
PRLC,260004,PRLC-260004,https://apps-secure.phoenix.gov/PDD/Search/PermitDetails?permitNum=PRLC-260004,PRLC-260004,3901 W DUNLAP AVE,PHOENIX,1/6/2026 2:10:55 PM,Residential,0.00,TO BE BID,,,Trash,no_hvac_signal
RPV,26000142,RPV-26000142,https://apps-secure.phoenix.gov/PDD/Search/PermitDetails?permitNum=RPV-26000142,RPV-26000142,1712 E CACTUS WREN DR,PHOENIX,1/6/2026 2:08:33 PM,Commercial,34410.00,SIMPLY GREEN SOLUTIONS LLC,SPAD-2502334,,Trash,no_hvac_signal
LSIS,2600073,LSIS-2600073,https://apps-secure.phoenix.gov/PDD/Search/PermitDetails?permitNum=LSIS-2600073,LSIS-2600073,4150 S RIVERPOINT PKWY,PHOENIX,1/6/2026 2:03:03 PM,Residential,0.00,TO BE BID,,,Trash,no_hvac_signal
LPRR,2600072,LPRR-2600072,https://apps-secure.phoenix.gov/PDD/Search/PermitDetails?permitNum=LPRR-2600072,LPRR-2600072,10639 N ABERDEEN RD,PHOENIX,1/6/2026 1:54:24 PM,Residential,0.00,OWNER,SPAD-0400889,,Trash,no_hvac_signal
DSAP,26004,DSAP-26004,https://apps-secure.phoenix.gov/PDD/Search/PermitDetails?permitNum=DSAP-26004,DSAP-26004,2299 W BROADWAY RD,PHOENIX,1/6/2026 1:41:14 PM,Commercial,0.00,TO BE BID,,,Trash,no_hvac_signal
PAPP,2600071,PAPP-2600071,https://apps-secure.phoenix.gov/PDD/Search/PermitDetails?permitNum=PAPP-2600071,PAPP-2600071,,PHOENIX,1/6/2026 1:38:47 PM,Residential,0.00,TO BE BID,,,Trash,no_hvac_signal
RPV,26000141,RPV-26000141,https://apps-secure.phoenix.gov/PDD/Search/PermitDetails?permitNum=RPV-26000141,RPV-26000141,3609 W ROYAL PALM RD,PHOENIX,1/6/2026 1:38:12 PM,Commercial,35100.00,ANEVA SOLAR LLC,SPAD-2600005,,Trash,negative=solar(?: pv)?
RPV,26000140,RPV-26000140,https://apps-secure.phoenix.gov/PDD/Search/PermitDetails?permitNum=RPV-26000140,RPV-26000140,7607 N 42ND LN,PHOENIX,1/6/2026 1:30:49 PM,Commercial,1.00,POSITIVE SYNERGY LLC,,,Trash,no_hvac_signal
F129,26000139,F129-26000139,https://apps-secure.phoenix.gov/PDD/Search/PermitDetails?permitNum=F129-26000139,F129-26000139,5088 W INNOVATION CIR,PHOENIX,1/6/2026 1:28:45 PM,Commercial,0.00,FIRETROL PROTECTION SYSTEMS INC,FPPD-252615,,Trash,no_hvac_signal
F129,26000139,F129-26000139,https://apps-secure.phoenix.gov/PDD/Search/PermitDetails?permitNum=F129-26000139,F129-26000139,5088 W INNOVATION CIR,PHOENIX,1/6/2026 1:28:45 PM,Commercial,0.00,FIRETROL PROTECTION SYSTEMS INC,FPPD-252615,,Trash,no_hvac_signal
F129,26000138,F129-26000138,https://apps-secure.phoenix.gov/PDD/Search/PermitDetails?permitNum=F129-26000138,F129-26000138,5088 W INNOVATION CIR,PHOENIX,1/6/2026 1:27:22 PM,Commercial,0.00,FIRETROL PROTECTION SYSTEMS INC,FPPD-252615,,Trash,no_hvac_signal
F129,26000138,F129-26000138,https://apps-secure.phoenix.gov/PDD/Search/PermitDetails?permitNum=F129-26000138,F129-26000138,5088 W INNOVATION CIR,PHOENIX,1/6/2026 1:27:22 PM,Commercial,0.00,FIRETROL PROTECTION SYSTEMS INC,FPPD-252615,,Trash,no_hvac_signal
F122,26000137,F122-26000137,https://apps-secure.phoenix.gov/PDD/Search/PermitDetails?permitNum=F122-26000137,F122-26000137,5088 W INNOVATION CIR,PHOENIX,1/6/2026 1:26:14 PM,Commercial,0.00,FIRETROL PROTECTION SYSTEMS INC,FPPD-252615,,Trash,no_hvac_signal
F122,26000137,F122-26000137,https://apps-secure.phoenix.gov/PDD/Search/PermitDetails?permitNum=F122-26000137,F122-26000137,5088 W INNOVATION CIR,PHOENIX,1/6/2026 1:26:14 PM,Commercial,0.00,FIRETROL PROTECTION SYSTEMS INC,FPPD-252615,,Trash,no_hvac_signal
F122,26000136,F122-26000136,https://apps-secure.phoenix.gov/PDD/Search/PermitDetails?permitNum=F122-26000136,F122-26000136,5088 W INNOVATION CIR,PHOENIX,1/6/2026 1:25:14 PM,Commercial,0.00,FIRETROL PROTECTION SYSTEMS INC,FPPD-252615,,Trash,no_hvac_signal
F122,26000136,F122-26000136,https://apps-secure.phoenix.gov/PDD/Search/PermitDetails?permitNum=F122-26000136,F122-26000136,5088 W INNOVATION CIR,PHOENIX,1/6/2026 1:25:14 PM,Commercial,0.00,FIRETROL PROTECTION SYSTEMS INC,FPPD-252615,,Trash,no_hvac_signal
F122,26000135,F122-26000135,https://apps-secure.phoenix.gov/PDD/Search/PermitDetails?permitNum=F122-26000135,F122-26000135,5088 W INNOVATION CIR,PHOENIX,1/6/2026 1:23:40 PM,Commercial,0.00,FIRETROL PROTECTION SYSTEMS INC,FPPD-252615,,Trash,no_hvac_signal
F122,26000135,F122-26000135,https://apps-secure.phoenix.gov/PDD/Search/PermitDetails?permitNum=F122-26000135,F122-26000135,5088 W INNOVATION CIR,PHOENIX,1/6/2026 1:23:40 PM,Commercial,0.00,FIRETROL PROTECTION SYSTEMS INC,FPPD-252615,,Trash,no_hvac_signal
LPRM,2600070,LPRM-2600070,https://apps-secure.phoenix.gov/PDD/Search/PermitDetails?permitNum=LPRM-2600070,LPRM-2600070,2500 W CHANDLER BLVD,PHOENIX,1/6/2026 1:20:51 PM,Residential,0.00,TO BE BID,,,Trash,no_hvac_signal
F122,26000134,F122-26000134,https://apps-secure.phoenix.gov/PDD/Search/PermitDetails?permitNum=F122-26000134,F122-26000134,5088 W INNOVATION CIR,PHOENIX,1/6/2026 1:20:18 PM,Commercial,0.00,FIRETROL PROTECTION SYSTEMS INC,FPPD-252615,,Trash,no_hvac_signal
F122,26000134,F122-26000134,https://apps-secure.phoenix.gov/PDD/Search/PermitDetails?permitNum=F122-26000134,F122-26000134,5088 W INNOVATION CIR,PHOENIX,1/6/2026 1:20:18 PM,Commercial,0.00,FIRETROL PROTECTION SYSTEMS INC,FPPD-252615,,Trash,no_hvac_signal
CPGD,2600069,CPGD-2600069,https://apps-secure.phoenix.gov/PDD/Search/PermitDetails?permitNum=CPGD-2600069,CPGD-2600069,777 W ALAMEDA RD,PHOENIX,1/6/2026 1:16:26 PM,Commercial,0.00,TO BE BID,,,Trash,no_hvac_signal
F112,26000133,F112-26000133,https://apps-secure.phoenix.gov/PDD/Search/PermitDetails?permitNum=F112-26000133,F112-26000133,3800 S 38TH ST,PHOENIX,1/6/2026 1:06:17 PM,Commercial,0.00,MIDWEST CONTRACTING INC,CPFL-2507096,,Trash,no_hvac_signal
F112,26000133,F112-26000133,https://apps-secure.phoenix.gov/PDD/Search/PermitDetails?permitNum=F112-26000133,F112-26000133,3800 S 38TH ST,PHOENIX,1/6/2026 1:06:17 PM,Commercial,0.00,MIDWEST CONTRACTING INC,CPFL-2507096,,Trash,no_hvac_signal
LSIS,2600068,LSIS-2600068,https://apps-secure.phoenix.gov/PDD/Search/PermitDetails?permitNum=LSIS-2600068,LSIS-2600068,3610 N 44TH PL,PHOENIX,1/6/2026 1:00:04 PM,Residential,0.00,TO BE BID,,,Trash,no_hvac_signal
LPRN,2600067,LPRN-2600067,https://apps-secure.phoenix.gov/PDD/Search/PermitDetails?permitNum=LPRN-2600067,LPRN-2600067,9787 W THOMAS RD,PHOENIX,1/6/2026 12:57:15 PM,Commercial,1000000.00,TO BE BID,,,Trash,no_hvac_signal
BLD,26000132,BLD-26000132,https://apps-secure.phoenix.gov/PDD/Search/PermitDetails?permitNum=BLD-26000132,BLD-26000132,14614 N KIERLAND BLVD,PHOENIX,1/6/2026 12:51:16 PM,Commercial,500000.00,STEVENS LEINWEBER CONSTRUCTION INC,LPRR-2505639,,Trash,no_hvac_signal
BLD,26000131,BLD-26000131,https://apps-secure.phoenix.gov/PDD/Search/PermitDetails?permitNum=BLD-26000131,BLD-26000131,1545 W CAMELBACK RD,PHOENIX,1/6/2026 12:50:06 PM,Commercial,29270.00,RUBY'S JUSTA TOUCH LLC,LPBI-2600035,,Trash,no_hvac_signal
FPPD,260009,FPPD-260009,https://apps-secure.phoenix.gov/PDD/Search/PermitDetails?permitNum=FPPD-260009,FPPD-260009,1525 E ADAMS ST,PHOENIX,1/6/2026 12:48:30 PM,Commercial,0.00,COMPLETE FIRE PROTECTION INC,,,Trash,negative=fire
LPCO,2600066,LPCO-2600066,https://apps-secure.phoenix.gov/PDD/Search/PermitDetails?permitNum=LPCO-2600066,LPCO-2600066,7614 W INDIAN SCHOOL RD,PHOENIX,1/6/2026 12:46:27 PM,Commercial,0.00,OWNER,SPAD-0504919,,Trash,no_hvac_signal
F171,2600039,F171-2600039,https://apps-secure.phoenix.gov/PDD/Search/PermitDetails?permitNum=F171-2600039,F171-2600039,6225 N 24TH ST,PHOENIX,1/6/2026 12:39:07 PM,Residential,0.00,MCCARTHY BUILDING COMPANIES,SPAD-1703739,,Trash,no_hvac_signal
F129,26000130,F129-26000130,https://apps-secure.phoenix.gov/PDD/Search/PermitDetails?permitNum=F129-26000130,F129-26000130,32200 N 43RD AVE,PHOENIX,1/6/2026 12:36:18 PM,Commercial,0.00,HONEYWELL INTERNATIONAL INC,FPPD-252631,,Trash,no_hvac_signal
F129,26000130,F129-26000130,https://apps-secure.phoenix.gov/PDD/Search/PermitDetails?permitNum=F129-26000130,F129-26000130,32200 N 43RD AVE,PHOENIX,1/6/2026 12:36:18 PM,Commercial,0.00,HONEYWELL INTERNATIONAL INC,FPPD-252631,,Trash,no_hvac_signal
OE,26000129,OE-26000129,https://apps-secure.phoenix.gov/PDD/Search/PermitDetails?permitNum=OE-26000129,OE-26000129,2917 N 75TH AVE,PHOENIX,1/6/2026 12:27:07 PM,Commercial,1500.00,TALUS DEVELOPMENT CORP,,,Trash,no_hvac_signal
CSWC,26000128,CSWC-26000128,https://apps-secure.phoenix.gov/PDD/Search/PermitDetails?permitNum=CSWC-26000128,CSWC-26000128,12402 N 71ST ST,PHOENIX,1/6/2026 12:24:32 PM,Residential,0.00,DAVE'S CONSTRUCTION SERVICE,CRSC-2506135,,Trash,no_hvac_signal
RVSN,2403211-01,RVSN-2403211-01,https://apps-secure.phoenix.gov/PDD/Search/PermitDetails?permitNum=RVSN-2403211-01,RVSN-2403211-01,1815 W PARSONS RD,PHOENIX,1/6/2026 12:06:36 PM,Commercial,280000.00,TO BE BID,LPRM-2403211,,Trash,no_hvac_signal
CGD,26000127,CGD-26000127,https://apps-secure.phoenix.gov/PDD/Search/PermitDetails?permitNum=CGD-26000127,CGD-26000127,9224 N 5TH ST,PHOENIX,1/6/2026 12:02:20 PM,Residential,0.00,MARK DANIEL ROCKRICH,CPGD-2505841,,Trash,no_hvac_signal
F805,26000125,F805-26000125,https://apps-secure.phoenix.gov/PDD/Search/PermitDetails?permitNum=F805-26000125,F805-26000125,32200 N 43RD AVE,PHOENIX,1/6/2026 11:48:31 AM,Commercial,0.00,MARKETECH INT'L CORP. USA,FPPD-252632,,Trash,no_hvac_signal
F805,26000125,F805-26000125,https://apps-secure.phoenix.gov/PDD/Search/PermitDetails?permitNum=F805-26000125,F805-26000125,32200 N 43RD AVE,PHOENIX,1/6/2026 11:48:31 AM,Commercial,0.00,MARKETECH INT'L CORP. USA,FPPD-252632,,Trash,no_hvac_signal
F805,26000124,F805-26000124,https://apps-secure.phoenix.gov/PDD/Search/PermitDetails?permitNum=F805-26000124,F805-26000124,32200 N 43RD AVE,PHOENIX,1/6/2026 11:43:44 AM,Commercial,0.00,MARKETECH INT'L CORP. USA,FPPD-252574,,Trash,no_hvac_signal
F805,26000124,F805-26000124,https://apps-secure.phoenix.gov/PDD/Search/PermitDetails?permitNum=F805-26000124,F805-26000124,32200 N 43RD AVE,PHOENIX,1/6/2026 11:43:44 AM,Commercial,0.00,MARKETECH INT'L CORP. USA,FPPD-252574,,Trash,no_hvac_signal
WSFT,26000123,WSFT-26000123,https://apps-secure.phoenix.gov/PDD/Search/PermitDetails?permitNum=WSFT-26000123,WSFT-26000123,5850 W BASELINE RD,PHOENIX,1/6/2026 11:38:14 AM,Commercial,0.00,EJ FLOW TEST LLC,SDEV-2400234,,Trash,no_hvac_signal
LPRM,2600064,LPRM-2600064,https://apps-secure.phoenix.gov/PDD/Search/PermitDetails?permitNum=LPRM-2600064,LPRM-2600064,3055 E COLTER ST,PHOENIX,1/6/2026 11:37:44 AM,Commercial,300000.00,H & M ELECTRIC COMPANY LLC,SPAD-0103487,,Trash,no_hvac_signal
LPRM,2600064,LPRM-2600064,https://apps-secure.phoenix.gov/PDD/Search/PermitDetails?permitNum=LPRM-2600064,LPRM-2600064,3055 E COLTER ST,PHOENIX,1/6/2026 11:37:44 AM,Commercial,300000.00,H & M ELECTRIC COMPANY LLC,SPAD-0103487,,Trash,no_hvac_signal
F805,26000122,F805-26000122,https://apps-secure.phoenix.gov/PDD/Search/PermitDetails?permitNum=F805-26000122,F805-26000122,32200 N 43RD AVE,PHOENIX,1/6/2026 11:37:34 AM,Commercial,0.00,MARKETECH INT'L CORP. USA,FPPD-252571,,Trash,no_hvac_signal
F805,26000122,F805-26000122,https://apps-secure.phoenix.gov/PDD/Search/PermitDetails?permitNum=F805-26000122,F805-26000122,32200 N 43RD AVE,PHOENIX,1/6/2026 11:37:34 AM,Commercial,0.00,MARKETECH INT'L CORP. USA,FPPD-252571,,Trash,no_hvac_signal
F802,26000121,F802-26000121,https://apps-secure.phoenix.gov/PDD/Search/PermitDetails?permitNum=F802-26000121,F802-26000121,5045 N 12TH ST,PHOENIX,1/6/2026 11:37:11 AM,Commercial,0.00,SUMMIT FIRE PROTECTION CO,,,Trash,negative=fire
CMC,26000120,CMC-26000120,https://apps-secure.phoenix.gov/PDD/Search/PermitDetails?permitNum=CMC-26000120,CMC-26000120,333 E JEFFERSON ST,PHOENIX,1/6/2026 11:34:40 AM,Commercial,0.00,SWARTZ CONCRETE INC,SPAD-0412340,,Trash,no_hvac_signal
FPPD,260008,FPPD-260008,https://apps-secure.phoenix.gov/PDD/Search/PermitDetails?permitNum=FPPD-260008,FPPD-260008,100 N 18TH ST 2B,PHOENIX,1/6/2026 11:31:57 AM,Commercial,0.00,FELIX FIRE PROTECTION LLC,SPAD-2403754,,Trash,negative=fire
PRLC,260003,PRLC-260003,https://apps-secure.phoenix.gov/PDD/Search/PermitDetails?permitNum=PRLC-260003,PRLC-260003,9619 N 19TH AVE,PHOENIX,1/6/2026 11:22:22 AM,Residential,0.00,OWNER,,,Trash,no_hvac_signal
F800,2600038,F800-2600038,https://apps-secure.phoenix.gov/PDD/Search/PermitDetails?permitNum=F800-2600038,F800-2600038,2116 W HOLDEN DR,PHOENIX,1/6/2026 11:21:42 AM,Commercial,0.00,SUNSOLAR SOLUTIONS INC,SPAD-2504266,,Trash,no_hvac_signal
LPRM,2600062,LPRM-2600062,https://apps-secure.phoenix.gov/PDD/Search/PermitDetails?permitNum=LPRM-2600062,LPRM-2600062,215 N CENTRAL AVE,PHOENIX,1/6/2026 11:21:32 AM,Commercial,100000.00,EAST MESA ELECTRIC LLC,,,Trash,no_hvac_signal
LPRM,2600063,LPRM-2600063,https://apps-secure.phoenix.gov/PDD/Search/PermitDetails?permitNum=LPRM-2600063,LPRM-2600063,137 S 1ST AVE,PHOENIX,1/6/2026 11:21:32 AM,Commercial,100000.00,EAST MESA ELECTRIC LLC,,,Trash,no_hvac_signal
F800,2600037,F800-2600037,https://apps-secure.phoenix.gov/PDD/Search/PermitDetails?permitNum=F800-2600037,F800-2600037,5362 E ESTEVAN RD,PHOENIX,1/6/2026 11:19:13 AM,Commercial,0.00,CAPITAL ENERGY LLC,SPAD-1011670,,Trash,no_hvac_signal
RPV,26000119,RPV-26000119,https://apps-secure.phoenix.gov/PDD/Search/PermitDetails?permitNum=RPV-26000119,RPV-26000119,4346 W MESCAL ST,PHOENIX,1/6/2026 11:13:33 AM,Commercial,13200.00,CAPITAL ENERGY LLC,SPAD-2504285,,Trash,no_hvac_signal
CSL,26000118,CSL-26000118,https://apps-secure.phoenix.gov/PDD/Search/PermitDetails?permitNum=CSL-26000118,CSL-26000118,5531 N 25TH ST,PHOENIX,1/6/2026 11:07:34 AM,Commercial,0.34,BOXWELL HOMES LLC,CPGD-2506584,,Trash,no_hvac_signal
LPBI,2600061,LPBI-2600061,https://apps-secure.phoenix.gov/PDD/Search/PermitDetails?permitNum=LPBI-2600061,LPBI-2600061,2529 W CACTUS RD,PHOENIX,1/6/2026 11:05:57 AM,Commercial,111102.50,SWYFT RESTORATION AND CONSTRUCTION SERVICES LLC,,,Trash,no_hvac_signal
CLS,26000117,CLS-26000117,https://apps-secure.phoenix.gov/PDD/Search/PermitDetails?permitNum=CLS-26000117,CLS-26000117,12770 N TATUM BLVD,PHOENIX,1/6/2026 10:59:51 AM,Commercial,0.00,MODERN VALLEY LANDSCAPING & DESIGN LLC,LSPL-2501339,,Trash,no_hvac_signal
F159,26000116,F159-26000116,https://apps-secure.phoenix.gov/PDD/Search/PermitDetails?permitNum=F159-26000116,F159-26000116,8550 N STARLING LN,PHOENIX,1/6/2026 10:56:40 AM,Commercial,0.00,DEW S FIRE PROTECTION INC,FPPD-252695,,Trash,negative=fire
RPV,26000115,RPV-26000115,https://apps-secure.phoenix.gov/PDD/Search/PermitDetails?permitNum=RPV-26000115,RPV-26000115,8622 S 17TH WAY,PHOENIX,1/6/2026 10:45:38 AM,Commercial,1.00,POSITIVE SYNERGY LLC,,,Trash,no_hvac_signal
F159,26000114,F159-26000114,https://apps-secure.phoenix.gov/PDD/Search/PermitDetails?permitNum=F159-26000114,F159-26000114,8200 W VIRGINIA AVE,PHOENIX,1/6/2026 10:40:07 AM,Commercial,0.00,VALLEY FIRE SPRINKLER INC,FPPD-252417,,Trash,negative=fire|sprinkler
SE,26000113,SE-26000113,https://apps-secure.phoenix.gov/PDD/Search/PermitDetails?permitNum=SE-26000113,SE-26000113,4119 N 67TH AVE,PHOENIX,1/6/2026 10:26:04 AM,Commercial,25000.00,JC NTERPRISE LLC,LPRM-2506342,,Trash,no_hvac_signal
RPV,26000112,RPV-26000112,https://apps-secure.phoenix.gov/PDD/Search/PermitDetails?permitNum=RPV-26000112,RPV-26000112,5321 S 27TH DR,PHOENIX,1/6/2026 10:23:11 AM,Commercial,13200.00,INTY SOLAR LLC,SPAD-0518418,,Trash,negative=solar(?: pv)?
F100,26000110,F100-26000110,https://apps-secure.phoenix.gov/PDD/Search/PermitDetails?permitNum=F100-26000110,F100-26000110,10000 N 25TH AVE,PHOENIX,1/6/2026 10:22:06 AM,Commercial,0.00,AERO AUTOMATIC SPRINKLER COMPANY,FPPD-252561,,Trash,negative=sprinkler
F117,26000111,F117-26000111,https://apps-secure.phoenix.gov/PDD/Search/PermitDetails?permitNum=F117-26000111,F117-26000111,10000 N 25TH AVE,PHOENIX,1/6/2026 10:22:06 AM,Commercial,0.00,AERO AUTOMATIC SPRINKLER COMPANY,FPPD-252561,,Trash,negative=sprinkler
F800,2600036,F800-2600036,https://apps-secure.phoenix.gov/PDD/Search/PermitDetails?permitNum=F800-2600036,F800-2600036,12815 N 29TH DR,PHOENIX,1/6/2026 10:21:51 AM,Commercial,0.00,CAPITAL ENERGY LLC,SPAD-1703700,,Trash,no_hvac_signal
RPV,26000109,RPV-26000109,https://apps-secure.phoenix.gov/PDD/Search/PermitDetails?permitNum=RPV-26000109,RPV-26000109,5838 W LODGE DR,PHOENIX,1/6/2026 10:20:27 AM,Commercial,38428.00,HARMON ELECTRIC,SPAD-2504227,,Trash,no_hvac_signal
F129,26000108,F129-26000108,https://apps-secure.phoenix.gov/PDD/Search/PermitDetails?permitNum=F129-26000108,F129-26000108,5088 W INNOVATION CIR,PHOENIX,1/6/2026 10:19:03 AM,Commercial,0.00,FIRETROL PROTECTION SYSTEMS INC,FPPD-252642,,Trash,no_hvac_signal
F129,26000108,F129-26000108,https://apps-secure.phoenix.gov/PDD/Search/PermitDetails?permitNum=F129-26000108,F129-26000108,5088 W INNOVATION CIR,PHOENIX,1/6/2026 10:19:03 AM,Commercial,0.00,FIRETROL PROTECTION SYSTEMS INC,FPPD-252642,,Trash,no_hvac_signal
FPPR,260003,FPPR-260003,https://apps-secure.phoenix.gov/PDD/Search/PermitDetails?permitNum=FPPR-260003,FPPR-260003,32200 N 43RD AVE,PHOENIX,1/6/2026 10:16:28 AM,Residential,0.00,TO BE BID,SPAD-2202996,,Trash,no_hvac_signal
FPPR,260003,FPPR-260003,https://apps-secure.phoenix.gov/PDD/Search/PermitDetails?permitNum=FPPR-260003,FPPR-260003,32200 N 43RD AVE,PHOENIX,1/6/2026 10:16:28 AM,Residential,0.00,TO BE BID,SPAD-2202996,,Trash,no_hvac_signal
F100,26000107,F100-26000107,https://apps-secure.phoenix.gov/PDD/Search/PermitDetails?permitNum=F100-26000107,F100-26000107,32200 N 43RD AVE,PHOENIX,1/6/2026 10:07:46 AM,Residential,0.00,ARIZONA VERDE FIRE PROTECTION,FPPD-252582,,Trash,negative=fire
F100,26000107,F100-26000107,https://apps-secure.phoenix.gov/PDD/Search/PermitDetails?permitNum=F100-26000107,F100-26000107,32200 N 43RD AVE,PHOENIX,1/6/2026 10:07:46 AM,Residential,0.00,ARIZONA VERDE FIRE PROTECTION,FPPD-252582,,Trash,negative=fire
FPPD,260007,FPPD-260007,https://apps-secure.phoenix.gov/PDD/Search/PermitDetails?permitNum=FPPD-260007,FPPD-260007,1855 E JONES AVE,PHOENIX,1/6/2026 10:02:09 AM,Commercial,0.00,TO BE BID,,,Trash,no_hvac_signal
FPPD,260007,FPPD-260007,https://apps-secure.phoenix.gov/PDD/Search/PermitDetails?permitNum=FPPD-260007,FPPD-260007,1855 E JONES AVE,PHOENIX,1/6/2026 10:02:09 AM,Commercial,0.00,TO BE BID,,,Trash,no_hvac_signal
AMND,9935721A11,AMND-9935721A11,https://apps-secure.phoenix.gov/PDD/Search/PermitDetails?permitNum=AMND-9935721A11,AMND-9935721A11,2401 E CACTUS RD,PHOENIX,1/6/2026 10:01:02 AM,Residential,0.00,TO BE BID,,,Trash,no_hvac_signal
WSHM,26000106,WSHM-26000106,https://apps-secure.phoenix.gov/PDD/Search/PermitDetails?permitNum=WSHM-26000106,WSHM-26000106,3908 W SOUTH MOUNTAIN AVE,PHOENIX,1/6/2026 9:57:01 AM,Commercial,0.00,RIKOSHEA CONTRACTING AND CONCRETE INC,CCPR-0901475,,Trash,no_hvac_signal
F805,26000105,F805-26000105,https://apps-secure.phoenix.gov/PDD/Search/PermitDetails?permitNum=F805-26000105,F805-26000105,4686 E VAN BUREN ST,PHOENIX,1/6/2026 9:51:02 AM,Commercial,0.00,SOUTHWEST ACCESS & VIDEO,SPAD-0604764,,Trash,no_hvac_signal
S,26000103,S-26000103,https://apps-secure.phoenix.gov/PDD/Search/PermitDetails?permitNum=S-26000103,S-26000103,2201 N CENTRAL AVE,PHOENIX,1/6/2026 9:43:49 AM,Commercial,1800000.00,STRUCTURAL PRESERVATION SYSTEMS LLC,LPRM-2506597,,Trash,no_hvac_signal
F134,26000102,F134-26000102,https://apps-secure.phoenix.gov/PDD/Search/PermitDetails?permitNum=F134-26000102,F134-26000102,2501 W HAPPY VALLEY RD 10,PHOENIX,1/6/2026 9:40:55 AM,Residential,0.00,METRO FIRE EQUIPMENT,FPPD-252697,,Trash,negative=fire
F800,2600035,F800-2600035,https://apps-secure.phoenix.gov/PDD/Search/PermitDetails?permitNum=F800-2600035,F800-2600035,2209 W GREENBRIAR DR,PHOENIX,1/6/2026 9:34:23 AM,Commercial,0.00,CAPITAL ENERGY LLC,SPAD-0717128,,Trash,no_hvac_signal
WSFT,26000101,WSFT-26000101,https://apps-secure.phoenix.gov/PDD/Search/PermitDetails?permitNum=WSFT-26000101,WSFT-26000101,834 E HAMMOND LN,PHOENIX,1/6/2026 9:29:06 AM,Commercial,0.00,NOLIN FIRE SPRINKLERS INC,SPAD-1601473,,Trash,negative=fire
WSHM,26000100,WSHM-26000100,https://apps-secure.phoenix.gov/PDD/Search/PermitDetails?permitNum=WSHM-26000100,WSHM-26000100,4200 N 99TH AVE,PHOENIX,1/6/2026 9:20:04 AM,Commercial,0.00,"TF CONTRACTING SERVICES, LLC",CCPH-2007615,,Trash,no_hvac_signal
OP,26000099,OP-26000099,https://apps-secure.phoenix.gov/PDD/Search/PermitDetails?permitNum=OP-26000099,OP-26000099,4030 N 44TH AVE,PHOENIX,1/6/2026 9:16:26 AM,Commercial,3700.00,SB DIAMONDBACK HOLDINGS LLC,SPAD-0416201,,Trash,no_hvac_signal
CPFL,2600059,CPFL-2600059,https://apps-secure.phoenix.gov/PDD/Search/PermitDetails?permitNum=CPFL-2600059,CPFL-2600059,4144 S 4TH ST,PHOENIX,1/6/2026 9:05:54 AM,Commercial,0.00,TO BE BID,,,Trash,no_hvac_signal
CSIT,26000097,CSIT-26000097,https://apps-secure.phoenix.gov/PDD/Search/PermitDetails?permitNum=CSIT-26000097,CSIT-26000097,2526 W NORTHERN AVE,PHOENIX,1/6/2026 9:04:40 AM,Commercial,0.00,RIKOSHEA CONTRACTING AND CONCRETE INC,SCMJ-2504766,,Trash,no_hvac_signal
BLD,26000096,BLD-26000096,https://apps-secure.phoenix.gov/PDD/Search/PermitDetails?permitNum=BLD-26000096,BLD-26000096,2526 W NORTHERN AVE,PHOENIX,1/6/2026 9:03:15 AM,Commercial,22000000.00,CHASSE BUILDING TEAM INC,LPRR-2503968,,Trash,no_hvac_signal
WSHM,26000095,WSHM-26000095,https://apps-secure.phoenix.gov/PDD/Search/PermitDetails?permitNum=WSHM-26000095,WSHM-26000095,2214 W LOWER BUCKEYE RD,PHOENIX,1/6/2026 9:02:14 AM,Commercial,0.00,"TF CONTRACTING SERVICES, LLC",SPAD-1008447,,Trash,no_hvac_signal
WSSD,26000094,WSSD-26000094,https://apps-secure.phoenix.gov/PDD/Search/PermitDetails?permitNum=WSSD-26000094,WSSD-26000094,2615 E ROSE GARDEN LN,PHOENIX,1/6/2026 8:54:02 AM,Commercial,0.00,APACHE PIPELINES INC,CCPH-2500112,,Trash,no_hvac_signal
OP,26000093,OP-26000093,https://apps-secure.phoenix.gov/PDD/Search/PermitDetails?permitNum=OP-26000093,OP-26000093,200 W BEARDSLEY RD,PHOENIX,1/6/2026 8:43:36 AM,Commercial,70000.00,MUDD TURF SPECIALTIES CORP,SPAD-2500165,,Trash,no_hvac_signal
S,26000091,S-26000091,https://apps-secure.phoenix.gov/PDD/Search/PermitDetails?permitNum=S-26000091,S-26000091,14845 N 40TH ST,PHOENIX,1/6/2026 8:29:56 AM,Commercial,25000.00,PACIFIC NETWORK SOLUTIONS CONSTRUCTION LLC,LPRM-2506328,,Trash,no_hvac_signal
S,26000089,S-26000089,https://apps-secure.phoenix.gov/PDD/Search/PermitDetails?permitNum=S-26000089,S-26000089,6535 W CAMELBACK RD,PHOENIX,1/6/2026 8:20:54 AM,Commercial,25000.00,PACIFIC NETWORK SOLUTIONS CONSTRUCTION LLC,LPRM-2506327,,Trash,no_hvac_signal
S,26000088,S-26000088,https://apps-secure.phoenix.gov/PDD/Search/PermitDetails?permitNum=S-26000088,S-26000088,4038 S 20TH ST,PHOENIX,1/6/2026 8:12:45 AM,Commercial,25000.00,PACIFIC NETWORK SOLUTIONS CONSTRUCTION LLC,LPRM-2506340,,Trash,no_hvac_signal
RPV,26000087,RPV-26000087,https://apps-secure.phoenix.gov/PDD/Search/PermitDetails?permitNum=RPV-26000087,RPV-26000087,622 E ROYAL PALM SQ S,PHOENIX,1/6/2026 8:09:20 AM,Commercial,16800.00,ONEWORLDENERGY LLC,SPAD-2504275,,Trash,no_hvac_signal
CSIT,26000086,CSIT-26000086,https://apps-secure.phoenix.gov/PDD/Search/PermitDetails?permitNum=CSIT-26000086,CSIT-26000086,23555 N DESERT PEAK PKWY,PHOENIX,1/6/2026 8:08:05 AM,Commercial,0.00,OWNER,AMND-15-1984A2,,Trash,no_hvac_signal
FPPD,260006,FPPD-260006,https://apps-secure.phoenix.gov/PDD/Search/PermitDetails?permitNum=FPPD-260006,FPPD-260006,10100 N 25TH AVE,PHOENIX,1/6/2026 8:07:19 AM,Commercial,0.00,AERO AUTOMATIC SPRINKLER COMPANY,,,Trash,negative=sprinkler
F800,2600031,F800-2600031,https://apps-secure.phoenix.gov/PDD/Search/PermitDetails?permitNum=F800-2600031,F800-2600031,15037 N 27TH ST,PHOENIX,1/6/2026 8:00:32 AM,Commercial,0.00,ONEWORLDENERGY LLC,SPAD-1601803,,Trash,no_hvac_signal
F105,26000085,F105-26000085,https://apps-secure.phoenix.gov/PDD/Search/PermitDetails?permitNum=F105-26000085,F105-26000085,3300 W CAMELBACK RD,PHOENIX,1/6/2026 7:59:27 AM,Commercial,0.00,AERO AUTOMATIC SPRINKLER COMPANY,FPPD-252637,,Trash,negative=sprinkler
F105,26000084,F105-26000084,https://apps-secure.phoenix.gov/PDD/Search/PermitDetails?permitNum=F105-26000084,F105-26000084,3050 S 35TH ST,PHOENIX,1/6/2026 7:54:11 AM,Commercial,0.00,AERO AUTOMATIC SPRINKLER COMPANY,FPPD-252616,,Trash,negative=sprinkler
F800,2600030,F800-2600030,https://apps-secure.phoenix.gov/PDD/Search/PermitDetails?permitNum=F800-2600030,F800-2600030,4036 W SAN JUAN AVE,PHOENIX,1/6/2026 7:52:06 AM,Commercial,0.00,ONEWORLDENERGY LLC,SPAD-2301631,,Trash,no_hvac_signal
F209,2600029,F209-2600029,https://apps-secure.phoenix.gov/PDD/Search/PermitDetails?permitNum=F209-2600029,F209-2600029,1915 E CLAIRE DR,PHOENIX,1/6/2026 7:51:08 AM,Commercial,0.00,TML INTERNATIONAL LLC,FPPR-251216,,Trash,no_hvac_signal
PRDV,260002,PRDV-260002,https://apps-secure.phoenix.gov/PDD/Search/PermitDetails?permitNum=PRDV-260002,PRDV-260002,9797 W INDIAN SCHOOL RD,PHOENIX,1/6/2026 7:49:14 AM,Commercial,0.00,OWNER,,,Trash,no_hvac_signal
RPV,26000083,RPV-26000083,https://apps-secure.phoenix.gov/PDD/Search/PermitDetails?permitNum=RPV-26000083,RPV-26000083,613 W GRANDVIEW RD,PHOENIX,1/6/2026 7:46:26 AM,Commercial,25830.00,ONEWORLDENERGY LLC,SPAD-1803659,,Trash,no_hvac_signal
F800,2600027,F800-2600027,https://apps-secure.phoenix.gov/PDD/Search/PermitDetails?permitNum=F800-2600027,F800-2600027,613 W GRANDVIEW RD,PHOENIX,1/6/2026 7:43:43 AM,Commercial,0.00,ONEWORLDENERGY LLC,SPAD-1803659,,Trash,no_hvac_signal
RPV,26000082,RPV-26000082,https://apps-secure.phoenix.gov/PDD/Search/PermitDetails?permitNum=RPV-26000082,RPV-26000082,8121 W MULBERRY DR,PHOENIX,1/6/2026 7:37:04 AM,Commercial,20910.00,ONEWORLDENERGY LLC,SPAD-1104737,,Trash,no_hvac_signal
F105,26000079,F105-26000079,https://apps-secure.phoenix.gov/PDD/Search/PermitDetails?permitNum=F105-26000079,F105-26000079,2530 S 52ND AVE,PHOENIX,1/6/2026 7:22:24 AM,Commercial,0.00,COMPLETE FIRE PROTECTION INC,FPPD-252618,,Trash,negative=fire
F105,26000080,F105-26000080,https://apps-secure.phoenix.gov/PDD/Search/PermitDetails?permitNum=F105-26000080,F105-26000080,2530 S 52ND AVE,PHOENIX,1/6/2026 7:22:24 AM,Commercial,0.00,COMPLETE FIRE PROTECTION INC,FPPD-252618,,Trash,negative=fire
F100,26000081,F100-26000081,https://apps-secure.phoenix.gov/PDD/Search/PermitDetails?permitNum=F100-26000081,F100-26000081,2530 S 52ND AVE,PHOENIX,1/6/2026 7:22:24 AM,Commercial,0.00,COMPLETE FIRE PROTECTION INC,FPPD-252618,,Trash,negative=fire
RPDR,2600058,RPDR-2600058,https://apps-secure.phoenix.gov/PDD/Search/PermitDetails?permitNum=RPDR-2600058,RPDR-2600058,3627 E HAZELWOOD ST,PHOENIX,1/6/2026 7:18:52 AM,Residential,0.00,TO BE BID,,,Trash,no_hvac_signal
F112,26000078,F112-26000078,https://apps-secure.phoenix.gov/PDD/Search/PermitDetails?permitNum=F112-26000078,F112-26000078,405 N 79TH AVE,PHOENIX,1/6/2026 6:15:21 AM,Commercial,0.00,AP CONTRACTING INC,FPPR-240695,,Trash,no_hvac_signal
F112,26000078,F112-26000078,https://apps-secure.phoenix.gov/PDD/Search/PermitDetails?permitNum=F112-26000078,F112-26000078,405 N 79TH AVE,PHOENIX,1/6/2026 6:15:21 AM,Commercial,0.00,AP CONTRACTING INC,FPPR-240695,,Trash,no_hvac_signal
SCSU,2600057,SCSU-2600057,https://apps-secure.phoenix.gov/PDD/Search/PermitDetails?permitNum=SCSU-2600057,SCSU-2600057,,PHOENIX,1/6/2026 5:13:55 AM,Residential,0.00,TO BE BID,,,Trash,no_hvac_signal
SGNP,214910,SGNP-214910,https://apps-secure.phoenix.gov/PDD/Search/PermitDetails?permitNum=SGNP-214910,SGNP-214910,9820 W LOWER BUCKEYE RD,PHOENIX,1/6/2026 12:00:00 AM,Commercial,7500.00,GLOBAL SIGN WORKS G S W L L C,LPSG-251541,,Trash,negative=sign
SGNP,214911,SGNP-214911,https://apps-secure.phoenix.gov/PDD/Search/PermitDetails?permitNum=SGNP-214911,SGNP-214911,9820 W LOWER BUCKEYE RD,PHOENIX,1/6/2026 12:00:00 AM,Commercial,7500.00,GLOBAL SIGN WORKS G S W L L C,LPSG-251541,,Trash,negative=sign
FPPD,260005,FPPD-260005,https://apps-secure.phoenix.gov/PDD/Search/PermitDetails?permitNum=FPPD-260005,FPPD-260005,10825 N TATUM BLVD,PHOENIX,1/5/2026 11:20:16 PM,Commercial,0.00,ARIZONA PROTECTION SYSTEMS LLC,,,Trash,no_hvac_signal
F209,2600025,F209-2600025,https://apps-secure.phoenix.gov/PDD/Search/PermitDetails?permitNum=F209-2600025,F209-2600025,2108 W BONANZA LN,PHOENIX,1/5/2026 10:29:49 PM,Commercial,0.00,CAPITAL ENERGY LLC,FPPR-251204,,Trash,no_hvac_signal
SPE,26000077,SPE-26000077,https://apps-secure.phoenix.gov/PDD/Search/PermitDetails?permitNum=SPE-26000077,SPE-26000077,4255 W UNION HILLS DR,PHOENIX,1/5/2026 5:58:34 PM,Commercial,40000.00,T&J FUEL CONSTRUCTION LLC,LPRM-2506486,,Trash,no_hvac_signal
F875,26000076,F875-26000076,https://apps-secure.phoenix.gov/PDD/Search/PermitDetails?permitNum=F875-26000076,F875-26000076,8918 S 40TH DR,PHOENIX,1/5/2026 5:48:44 PM,Commercial,0.00,BS INC-PHOENIX,,,Trash,no_hvac_signal
F875,26000075,F875-26000075,https://apps-secure.phoenix.gov/PDD/Search/PermitDetails?permitNum=F875-26000075,F875-26000075,5423 W BOWKER ST,PHOENIX,1/5/2026 5:45:23 PM,Commercial,0.00,BS INC-PHOENIX,,,Trash,no_hvac_signal
F227,2600023,F227-2600023,https://apps-secure.phoenix.gov/PDD/Search/PermitDetails?permitNum=F227-2600023,F227-2600023,5927 E SANDRA TER,PHOENIX,1/5/2026 4:42:47 PM,Commercial,0.00,BRIGHT HOME INSTALLATIONS LLC,SPAD-1202326,,Trash,no_hvac_signal
F193,2600024,F193-2600024,https://apps-secure.phoenix.gov/PDD/Search/PermitDetails?permitNum=F193-2600024,F193-2600024,5609 S 53RD DR,PHOENIX,1/5/2026 4:42:47 PM,Commercial,0.00,BRIGHT HOME INSTALLATIONS LLC,SPAD-0302639,,Trash,no_hvac_signal
BLD,26000074,BLD-26000074,https://apps-secure.phoenix.gov/PDD/Search/PermitDetails?permitNum=BLD-26000074,BLD-26000074,740 E HIGHLAND AVE,PHOENIX,1/5/2026 4:26:31 PM,Commercial,133712.00,BROWN BUILDERS LLC,LPBI-2600046,,Trash,no_hvac_signal
F805,26000073,F805-26000073,https://apps-secure.phoenix.gov/PDD/Search/PermitDetails?permitNum=F805-26000073,F805-26000073,5088 W INNOVATION CIR,PHOENIX,1/5/2026 3:59:52 PM,Commercial,0.00,OKLAND CONSTRUCTION COMPANY,SPAD-2208141,,Trash,no_hvac_signal
F805,26000073,F805-26000073,https://apps-secure.phoenix.gov/PDD/Search/PermitDetails?permitNum=F805-26000073,F805-26000073,5088 W INNOVATION CIR,PHOENIX,1/5/2026 3:59:52 PM,Commercial,0.00,OKLAND CONSTRUCTION COMPANY,SPAD-2208141,,Trash,no_hvac_signal
CPST,2600056,CPST-2600056,https://apps-secure.phoenix.gov/PDD/Search/PermitDetails?permitNum=CPST-2600056,CPST-2600056,5175 W BROADWAY RD,PHOENIX,1/5/2026 3:42:54 PM,Commercial,0.00,TO BE BID,,,Trash,no_hvac_signal
RPV,26000072,RPV-26000072,https://apps-secure.phoenix.gov/PDD/Search/PermitDetails?permitNum=RPV-26000072,RPV-26000072,27720 N 18TH DR,PHOENIX,1/5/2026 3:37:35 PM,Commercial,18480.00,DYNAMIC SOLAR AND ELECTRICAL LLC,SPAD-0709440,,Trash,negative=solar(?: pv)?
S,26000071,S-26000071,https://apps-secure.phoenix.gov/PDD/Search/PermitDetails?permitNum=S-26000071,S-26000071,2115 S 11TH AVE,PHOENIX,1/5/2026 3:36:31 PM,Commercial,17429.46,RAYMOND HANDLING SOLUTIONS INC.,LPRM-2506443,,Trash,no_hvac_signal
LSPL,2600055,LSPL-2600055,https://apps-secure.phoenix.gov/PDD/Search/PermitDetails?permitNum=LSPL-2600055,LSPL-2600055,649 N 3RD AVE,PHOENIX,1/5/2026 3:27:41 PM,Commercial,0.00,TO BE BID,,,Trash,no_hvac_signal
OE,26000070,OE-26000070,https://apps-secure.phoenix.gov/PDD/Search/PermitDetails?permitNum=OE-26000070,OE-26000070,13421 N 43RD AVE,PHOENIX,1/5/2026 3:24:51 PM,Commercial,12800.00,SUN VALLEY ELECTRICAL LLC,SPAD-0316378,,Trash,no_hvac_signal
RVSN,2501866-01,RVSN-2501866-01,https://apps-secure.phoenix.gov/PDD/Search/PermitDetails?permitNum=RVSN-2501866-01,RVSN-2501866-01,9796 W MCDOWELL RD,PHOENIX,1/5/2026 3:23:22 PM,Commercial,102000.00,LAURSHAN INC,LPBI-2501866,,Trash,no_hvac_signal
CDW,26000069,CDW-26000069,https://apps-secure.phoenix.gov/PDD/Search/PermitDetails?permitNum=CDW-26000069,CDW-26000069,7115 N 23RD PL,PHOENIX,1/5/2026 3:20:39 PM,Commercial,0.00,MOE'S CONCRETE LLC,CPHG-2404952,,Trash,no_hvac_signal
DSAP,26003,DSAP-26003,https://apps-secure.phoenix.gov/PDD/Search/PermitDetails?permitNum=DSAP-26003,DSAP-26003,5406 E CALLE VENTURA,PHOENIX,1/5/2026 3:16:30 PM,Commercial,0.00,LAND DEVELOPMENT GROUP LLC,,,Trash,no_hvac_signal
LPRM,2600054,LPRM-2600054,https://apps-secure.phoenix.gov/PDD/Search/PermitDetails?permitNum=LPRM-2600054,LPRM-2600054,649 N 3RD AVE,PHOENIX,1/5/2026 3:10:05 PM,Commercial,50000.00,TO BE BID,,,Trash,no_hvac_signal
CPGD,2600053,CPGD-2600053,https://apps-secure.phoenix.gov/PDD/Search/PermitDetails?permitNum=CPGD-2600053,CPGD-2600053,649 N 3RD AVE,PHOENIX,1/5/2026 3:10:05 PM,Commercial,0.00,TO BE BID,,,Trash,no_hvac_signal
WSPR,2600001,WSPR-2600001,https://apps-secure.phoenix.gov/PDD/Search/PermitDetails?permitNum=WSPR-2600001,WSPR-2600001,32505 N 43RD ST,PHOENIX,1/5/2026 3:06:10 PM,Commercial,0.00,SBL ENGINEERING LLC,,,Trash,no_hvac_signal
SGNP,214909,SGNP-214909,https://apps-secure.phoenix.gov/PDD/Search/PermitDetails?permitNum=SGNP-214909,SGNP-214909,2250 E RIVERVIEW DR,PHOENIX,1/5/2026 3:04:41 PM,Commercial,6300.00,ASSOCIATED SIGN COMPANY,LPSG-251346,,Trash,negative=sign
SGNP,214908,SGNP-214908,https://apps-secure.phoenix.gov/PDD/Search/PermitDetails?permitNum=SGNP-214908,SGNP-214908,2250 E RIVERVIEW DR,PHOENIX,1/5/2026 3:03:52 PM,Commercial,6300.00,ASSOCIATED SIGN COMPANY,LPSG-251346,,Trash,negative=sign
WSFT,26000068,WSFT-26000068,https://apps-secure.phoenix.gov/PDD/Search/PermitDetails?permitNum=WSFT-26000068,WSFT-26000068,8927 N 10TH ST,PHOENIX,1/5/2026 2:51:25 PM,Commercial,0.00,H.D.C. FIRE PROTECTION LLC,CCPH-2400352,,Trash,negative=fire
OS,26000067,OS-26000067,https://apps-secure.phoenix.gov/PDD/Search/PermitDetails?permitNum=OS-26000067,OS-26000067,5607 S 35TH WAY,PHOENIX,1/5/2026 2:46:49 PM,Commercial,10000.00,AMFLAG OF AZ INC,SPAD-2502172,,Trash,no_hvac_signal
F314,2600021,F314-2600021,https://apps-secure.phoenix.gov/PDD/Search/PermitDetails?permitNum=F314-2600021,F314-2600021,5301 W MADISON ST,PHOENIX,1/5/2026 2:45:57 PM,Residential,0.00,OWNER,SPAD-0800667,,Trash,no_hvac_signal
LPRS,2600052,LPRS-2600052,https://apps-secure.phoenix.gov/PDD/Search/PermitDetails?permitNum=LPRS-2600052,LPRS-2600052,2045 W HILTON AVE,PHOENIX,1/5/2026 2:40:00 PM,Commercial,9423168.00,COMMERCE CONSTRUCTION CO LIMITED PARTNERSHIP,,,Trash,no_hvac_signal
OE,26000064,OE-26000064,https://apps-secure.phoenix.gov/PDD/Search/PermitDetails?permitNum=OE-26000064,OE-26000064,3814 E ROESER RD,PHOENIX,1/5/2026 2:36:09 PM,Commercial,12000.00,CHAPMAN ELECTRICAL CONTRACTING,OE-94012889,,Trash,no_hvac_signal
OE,26000063,OE-26000063,https://apps-secure.phoenix.gov/PDD/Search/PermitDetails?permitNum=OE-26000063,OE-26000063,1506 W APACHE ST,PHOENIX,1/5/2026 2:13:42 PM,Commercial,8000.00,HELIOS SYSTEMS LLC,SPAD-2504041,,Trash,no_hvac_signal
S,26000062,S-26000062,https://apps-secure.phoenix.gov/PDD/Search/PermitDetails?permitNum=S-26000062,S-26000062,3011 E BROADWAY RD,PHOENIX,1/5/2026 2:06:07 PM,Commercial,24000.00,SUN BEST BUILDERS INC,LPRM-2506142,,Trash,no_hvac_signal
PRLM,2600051,PRLM-2600051,https://apps-secure.phoenix.gov/PDD/Search/PermitDetails?permitNum=PRLM-2600051,PRLM-2600051,1010 W THUNDERBIRD RD,PHOENIX,1/5/2026 2:03:21 PM,Commercial,0.00,OWNER,,,Trash,no_hvac_signal
WSHM,26000061,WSHM-26000061,https://apps-secure.phoenix.gov/PDD/Search/PermitDetails?permitNum=WSHM-26000061,WSHM-26000061,2150 N 46TH ST,PHOENIX,1/5/2026 2:02:33 PM,Commercial,0.00,CHASSE BUILDING TEAM INC,SPAD-0315688,,Trash,no_hvac_signal
F122,26000060,F122-26000060,https://apps-secure.phoenix.gov/PDD/Search/PermitDetails?permitNum=F122-26000060,F122-26000060,10855 N TATUM BLVD,PHOENIX,1/5/2026 2:02:11 PM,Commercial,0.00,IWIRED INC,FPPD-252593,,Trash,no_hvac_signal
F122,26000059,F122-26000059,https://apps-secure.phoenix.gov/PDD/Search/PermitDetails?permitNum=F122-26000059,F122-26000059,4050 E BLUEFIELD AVE,PHOENIX,1/5/2026 1:58:17 PM,Commercial,0.00,JOHNSON CONTROLS INC.,FPPD-252276,,Trash,no_hvac_signal
F134,26000058,F134-26000058,https://apps-secure.phoenix.gov/PDD/Search/PermitDetails?permitNum=F134-26000058,F134-26000058,1818 W BELL RD,PHOENIX,1/5/2026 1:54:08 PM,Commercial,0.00,METRO FIRE EQUIPMENT,FPPD-252714,,Trash,negative=fire
F809,26000057,F809-26000057,https://apps-secure.phoenix.gov/PDD/Search/PermitDetails?permitNum=F809-26000057,F809-26000057,625 N 6TH ST,PHOENIX,1/5/2026 1:46:56 PM,Commercial,0.00,ROGERS FIRE SPRINKLERS LLC,,,Trash,negative=fire
CPGD,2600049,CPGD-2600049,https://apps-secure.phoenix.gov/PDD/Search/PermitDetails?permitNum=CPGD-2600049,CPGD-2600049,19839 N 30TH ST,PHOENIX,1/5/2026 1:28:52 PM,Commercial,0.00,TO BE BID,SPAD-2110526,,Trash,no_hvac_signal
CPGD,2600048,CPGD-2600048,https://apps-secure.phoenix.gov/PDD/Search/PermitDetails?permitNum=CPGD-2600048,CPGD-2600048,19843 N 30TH ST,PHOENIX,1/5/2026 1:18:22 PM,Commercial,0.00,TO BE BID,SPAD-2110526,,Trash,no_hvac_signal
ELEC,26000055,ELEC-26000055,https://apps-secure.phoenix.gov/PDD/Search/PermitDetails?permitNum=ELEC-26000055,ELEC-26000055,1620 E BASELINE RD,PHOENIX,1/5/2026 1:06:59 PM,Commercial,25000.00,PACIFIC NETWORK SOLUTIONS CONSTRUCTION LLC,LPRM-2506572,,Trash,no_hvac_signal
BLD,26000054,BLD-26000054,https://apps-secure.phoenix.gov/PDD/Search/PermitDetails?permitNum=BLD-26000054,BLD-26000054,4640 E MCDOWELL RD,PHOENIX,1/5/2026 1:06:35 PM,Commercial,450000.00,BELMONTEZ CONSTRUCTION LLC,LPRT-2505330,,Trash,no_hvac_signal
LPSG,260004,LPSG-260004,https://apps-secure.phoenix.gov/PDD/Search/PermitDetails?permitNum=LPSG-260004,LPSG-260004,20 E THOMAS RD,PHOENIX,1/5/2026 12:39:27 PM,Commercial,100000.00,SIGNS OF THE TIMES,,,Trash,no_hvac_signal
LSIS,2600047,LSIS-2600047,https://apps-secure.phoenix.gov/PDD/Search/PermitDetails?permitNum=LSIS-2600047,LSIS-2600047,4344 W INDIAN SCHOOL RD,PHOENIX,1/5/2026 12:38:09 PM,Commercial,0.00,TO BE BID,,,Trash,no_hvac_signal
FPPD,260004,FPPD-260004,https://apps-secure.phoenix.gov/PDD/Search/PermitDetails?permitNum=FPPD-260004,FPPD-260004,12780 N TATUM BLVD,PHOENIX,1/5/2026 12:30:14 PM,Commercial,0.00,TO BE BID,,,Trash,no_hvac_signal
RPV,26000050,RPV-26000050,https://apps-secure.phoenix.gov/PDD/Search/PermitDetails?permitNum=RPV-26000050,RPV-26000050,6739 W DESERT LN,PHOENIX,1/5/2026 12:23:35 PM,Commercial,17010.00,BRIGHT HOME INSTALLATIONS LLC,SPAD-2504287,,Trash,no_hvac_signal
LPBI,2600046,LPBI-2600046,https://apps-secure.phoenix.gov/PDD/Search/PermitDetails?permitNum=LPBI-2600046,LPBI-2600046,740 E HIGHLAND AVE,PHOENIX,1/5/2026 12:20:40 PM,Commercial,133712.00,BROWN BUILDERS LLC,,,Trash,no_hvac_signal
F875,26000049,F875-26000049,https://apps-secure.phoenix.gov/PDD/Search/PermitDetails?permitNum=F875-26000049,F875-26000049,4122 N 17TH ST,PHOENIX,1/5/2026 12:17:00 PM,Commercial,0.00,AIDANT FIRE PROTECTION CO,,,Trash,negative=fire
F875,26000048,F875-26000048,https://apps-secure.phoenix.gov/PDD/Search/PermitDetails?permitNum=F875-26000048,F875-26000048,3530 W SOUTHERN AVE,PHOENIX,1/5/2026 12:15:23 PM,Commercial,0.00,SUMMIT FIRE PROTECTION CO,,,Trash,negative=fire
F122,26000047,F122-26000047,https://apps-secure.phoenix.gov/PDD/Search/PermitDetails?permitNum=F122-26000047,F122-26000047,20601 N 19TH AVE,PHOENIX,1/5/2026 11:59:11 AM,Commercial,0.00,FIERRO FIRE AND SECURITY LLC,FPPD-252488,,Trash,negative=fire
PAPP,2600045,PAPP-2600045,https://apps-secure.phoenix.gov/PDD/Search/PermitDetails?permitNum=PAPP-2600045,PAPP-2600045,6475 E MAYO BLVD,PHOENIX,1/5/2026 11:54:39 AM,Commercial,0.00,TO BE BID,,,Trash,no_hvac_signal
DSAP,26002,DSAP-26002,https://apps-secure.phoenix.gov/PDD/Search/PermitDetails?permitNum=DSAP-26002,DSAP-26002,10 E JACKSON ST,PHOENIX,1/5/2026 11:51:22 AM,Commercial,0.00,TO BE BID,,,Trash,no_hvac_signal
SCSR,2600044,SCSR-2600044,https://apps-secure.phoenix.gov/PDD/Search/PermitDetails?permitNum=SCSR-2600044,SCSR-2600044,19500 N SCOTTSDALE RD,PHOENIX,1/5/2026 11:38:25 AM,Commercial,0.00,TO BE BID,,,Trash,no_hvac_signal
WSHM,26000041,WSHM-26000041,https://apps-secure.phoenix.gov/PDD/Search/PermitDetails?permitNum=WSHM-26000041,WSHM-26000041,5251 S 43RD AVE,PHOENIX,1/5/2026 11:35:49 AM,Residential,0.00,OWNER,SPAD-0208816,,Trash,no_hvac_signal
CPGD,2600042,CPGD-2600042,https://apps-secure.phoenix.gov/PDD/Search/PermitDetails?permitNum=CPGD-2600042,CPGD-2600042,5202 E EMILE ZOLA AVE,PHOENIX,1/5/2026 11:34:48 AM,Residential,0.00,TO BE BID,,,Trash,no_hvac_signal
RPDR,2600041,RPDR-2600041,https://apps-secure.phoenix.gov/PDD/Search/PermitDetails?permitNum=RPDR-2600041,RPDR-2600041,4505 N 36TH PL,PHOENIX,1/5/2026 11:31:50 AM,Residential,0.00,OWNER,,,Trash,no_hvac_signal
F800,2600018,F800-2600018,https://apps-secure.phoenix.gov/PDD/Search/PermitDetails?permitNum=F800-2600018,F800-2600018,22667 N 30TH AVE,PHOENIX,1/5/2026 11:11:51 AM,Commercial,0.00,INTY SOLAR LLC,SPAD-1000063,,Trash,negative=solar(?: pv)?
SGNP,214907,SGNP-214907,https://apps-secure.phoenix.gov/PDD/Search/PermitDetails?permitNum=SGNP-214907,SGNP-214907,1855 E JONES AVE,PHOENIX,1/5/2026 11:10:00 AM,Commercial,5268.00,D A HERNDON LLC,LPSG-251505,,Trash,no_hvac_signal
OE,26000040,OE-26000040,https://apps-secure.phoenix.gov/PDD/Search/PermitDetails?permitNum=OE-26000040,OE-26000040,5122 E SHEA BLVD 2139,PHOENIX,1/5/2026 11:04:33 AM,Commercial,450.00,THOR ELECTRIC LLC,SPAD-0411377,,Trash,no_hvac_signal
PAPP,2600040,PAPP-2600040,https://apps-secure.phoenix.gov/PDD/Search/PermitDetails?permitNum=PAPP-2600040,PAPP-2600040,324 N 35TH AVE,PHOENIX,1/5/2026 10:56:49 AM,Commercial,0.00,TO BE BID,,,Trash,no_hvac_signal
F193,2600017,F193-2600017,https://apps-secure.phoenix.gov/PDD/Search/PermitDetails?permitNum=F193-2600017,F193-2600017,10058 W CAMPBELL AVE,PHOENIX,1/5/2026 10:55:19 AM,Commercial,0.00,CAPITAL ENERGY LLC,SPAD-1803796,,Trash,no_hvac_signal
F193,2600016,F193-2600016,https://apps-secure.phoenix.gov/PDD/Search/PermitDetails?permitNum=F193-2600016,F193-2600016,13229 N 8TH AVE,PHOENIX,1/5/2026 10:53:58 AM,Commercial,0.00,STORM PRO ENERGY LLC,SPAD-2503919,,Trash,no_hvac_signal
F800,2600015,F800-2600015,https://apps-secure.phoenix.gov/PDD/Search/PermitDetails?permitNum=F800-2600015,F800-2600015,1108 W COLTER ST,PHOENIX,1/5/2026 10:53:19 AM,Commercial,0.00,CAPITAL ENERGY LLC,SPAD-1807287,,Trash,no_hvac_signal
SGNP,214903,SGNP-214903,https://apps-secure.phoenix.gov/PDD/Search/PermitDetails?permitNum=SGNP-214903,SGNP-214903,132 S CENTRAL AVE,PHOENIX,1/5/2026 10:50:32 AM,Commercial,10000.00,JAYCO SIGNS L L C,LPSG-251586,,Trash,no_hvac_signal
F875,26000039,F875-26000039,https://apps-secure.phoenix.gov/PDD/Search/PermitDetails?permitNum=F875-26000039,F875-26000039,4950 E BEVERLY RD,PHOENIX,1/5/2026 10:47:41 AM,Commercial,0.00,TITAN ALARM INC,,,Trash,negative=alarm
F809,26000038,F809-26000038,https://apps-secure.phoenix.gov/PDD/Search/PermitDetails?permitNum=F809-26000038,F809-26000038,1810 W SOUTHERN AVE,PHOENIX,1/5/2026 10:19:29 AM,Commercial,0.00,SUPERSTITION SAFETY SERVICES LLC,,,Trash,no_hvac_signal
F209,2600013,F209-2600013,https://apps-secure.phoenix.gov/PDD/Search/PermitDetails?permitNum=F209-2600013,F209-2600013,8634 S 18TH PL,PHOENIX,1/5/2026 10:18:44 AM,Commercial,0.00,SOUTHWEST ENERGY & SOLAR LLC,FPPR-251297,,Trash,negative=solar(?: pv)?
F801,26000037,F801-26000037,https://apps-secure.phoenix.gov/PDD/Search/PermitDetails?permitNum=F801-26000037,F801-26000037,5642 S 43RD AVE,PHOENIX,1/5/2026 10:15:52 AM,Commercial,0.00,TALIS CONSTRUCTION CORP.,,,Trash,no_hvac_signal
F481,26000036,F481-26000036,https://apps-secure.phoenix.gov/PDD/Search/PermitDetails?permitNum=F481-26000036,F481-26000036,7011 N 18TH ST,PHOENIX,1/5/2026 10:14:42 AM,Commercial,0.00,LTH CONTRACTING LLC,FPPD-242270,,Trash,no_hvac_signal
F315,2600012,F315-2600012,https://apps-secure.phoenix.gov/PDD/Search/PermitDetails?permitNum=F315-2600012,F315-2600012,851 S 27TH AVE,PHOENIX,1/5/2026 10:04:21 AM,Residential,0.00,OWNER,SPAD-2502355,,Trash,no_hvac_signal
F122,26000035,F122-26000035,https://apps-secure.phoenix.gov/PDD/Search/PermitDetails?permitNum=F122-26000035,F122-26000035,23555 N 23RD AVE,PHOENIX,1/5/2026 10:03:52 AM,Commercial,0.00,INTELLIGRATED COMMUNICATIONS INC,FPPD-252638,,Trash,no_hvac_signal
CSW,26000033,CSW-26000033,https://apps-secure.phoenix.gov/PDD/Search/PermitDetails?permitNum=CSW-26000033,CSW-26000033,3848 E CHOLLA LN,PHOENIX,1/5/2026 9:57:15 AM,Commercial,0.00,GURLEY DEVELOPMENT LLC,CPSW-2505278,,Trash,no_hvac_signal
LPRM,2600038,LPRM-2600038,https://apps-secure.phoenix.gov/PDD/Search/PermitDetails?permitNum=LPRM-2600038,LPRM-2600038,3227 W BROADWAY RD,PHOENIX,1/5/2026 9:55:52 AM,Commercial,25000.00,"JSQUARED CONSTRUCTION AND DESIGN, LLC",,,Trash,no_hvac_signal
LPRM,2600037,LPRM-2600037,https://apps-secure.phoenix.gov/PDD/Search/PermitDetails?permitNum=LPRM-2600037,LPRM-2600037,10000 N 31ST AVE,PHOENIX,1/5/2026 9:51:36 AM,Commercial,5000.00,PACIFIC NETWORK SOLUTIONS CONSTRUCTION LLC,,,Trash,no_hvac_signal
RVSN,2402732-02,RVSN-2402732-02,https://apps-secure.phoenix.gov/PDD/Search/PermitDetails?permitNum=RVSN-2402732-02,RVSN-2402732-02,1902 E CAMELBACK RD,PHOENIX,1/5/2026 9:44:11 AM,Commercial,0.00,TO BE BID,CPGD-2402732,,Trash,no_hvac_signal
FPPD,260003,FPPD-260003,https://apps-secure.phoenix.gov/PDD/Search/PermitDetails?permitNum=FPPD-260003,FPPD-260003,1838 E JACKSON ST,PHOENIX,1/5/2026 9:38:49 AM,Residential,0.00,COPPERSTATE FIRE PROTECTION,,,Trash,negative=fire
FPPD,260003,FPPD-260003,https://apps-secure.phoenix.gov/PDD/Search/PermitDetails?permitNum=FPPD-260003,FPPD-260003,1838 E JACKSON ST,PHOENIX,1/5/2026 9:38:49 AM,Residential,0.00,COPPERSTATE FIRE PROTECTION,,,Trash,negative=fire
F193,2600010,F193-2600010,https://apps-secure.phoenix.gov/PDD/Search/PermitDetails?permitNum=F193-2600010,F193-2600010,6131 N 36TH DR,PHOENIX,1/5/2026 9:32:40 AM,Commercial,0.00,BRIGHT HOME INSTALLATIONS LLC,SPAD-0200245,,Trash,no_hvac_signal
FPPR,260002,FPPR-260002,https://apps-secure.phoenix.gov/PDD/Search/PermitDetails?permitNum=FPPR-260002,FPPR-260002,2221 W LIBERTY LN,PHOENIX,1/5/2026 9:32:31 AM,Commercial,0.00,M R TANNER CONSTRUCTION,SPAD-2500924,,Trash,no_hvac_signal
SE,26000032,SE-26000032,https://apps-secure.phoenix.gov/PDD/Search/PermitDetails?permitNum=SE-26000032,SE-26000032,7101 W VAN BUREN ST,PHOENIX,1/5/2026 9:28:22 AM,Commercial,400000.00,NOVAK CONSTRUCTION COMPANY,LPRM-2504494,,Trash,no_hvac_signal
LPBI,2600035,LPBI-2600035,https://apps-secure.phoenix.gov/PDD/Search/PermitDetails?permitNum=LPBI-2600035,LPBI-2600035,1545 W CAMELBACK RD,PHOENIX,1/5/2026 9:27:09 AM,Commercial,29270.00,RUBY'S JUSTA TOUCH LLC,,,Trash,no_hvac_signal
ELEC,26000031,ELEC-26000031,https://apps-secure.phoenix.gov/PDD/Search/PermitDetails?permitNum=ELEC-26000031,ELEC-26000031,7101 W VAN BUREN ST,PHOENIX,1/5/2026 9:19:31 AM,Commercial,400000.00,NOVAK CONSTRUCTION COMPANY,LPRM-2504223,,Trash,no_hvac_signal
LPRR,2600034,LPRR-2600034,https://apps-secure.phoenix.gov/PDD/Search/PermitDetails?permitNum=LPRR-2600034,LPRR-2600034,9224 N 5TH ST,PHOENIX,1/5/2026 9:17:46 AM,Commercial,300000.00,COLEMAX LLC,,,Trash,no_hvac_signal
F824,2600009,F824-2600009,https://apps-secure.phoenix.gov/PDD/Search/PermitDetails?permitNum=F824-2600009,F824-2600009,6931 E VOLTAIRE AVE,PHOENIX,1/5/2026 9:05:44 AM,Residential,0.00,ARIZONA PROPANE,SPAD-1708278,,Trash,no_hvac_signal
FPPR,260001,FPPR-260001,https://apps-secure.phoenix.gov/PDD/Search/PermitDetails?permitNum=FPPR-260001,FPPR-260001,4633 W SADDLEHORN RD,PHOENIX,1/5/2026 9:02:37 AM,Residential,0.00,ARIZONA PROPANE,SPAD-2600004,,Trash,no_hvac_signal
DSAP,26001,DSAP-26001,https://apps-secure.phoenix.gov/PDD/Search/PermitDetails?permitNum=DSAP-26001,DSAP-26001,902 N 2ND ST,PHOENIX,1/5/2026 8:55:56 AM,Residential,0.00,TO BE BID,,,Trash,no_hvac_signal
F809,26000029,F809-26000029,https://apps-secure.phoenix.gov/PDD/Search/PermitDetails?permitNum=F809-26000029,F809-26000029,9827 N 57TH ST,PHOENIX,1/5/2026 8:36:15 AM,Commercial,0.00,R A D FIRE PROTECTION INC,,,Trash,negative=fire
PRLC,260001,PRLC-260001,https://apps-secure.phoenix.gov/PDD/Search/PermitDetails?permitNum=PRLC-260001,PRLC-260001,2121 W BUTLER DR,PHOENIX,1/5/2026 8:22:27 AM,Commercial,0.00,OWNER,,,Trash,no_hvac_signal
BLD,26000028,BLD-26000028,https://apps-secure.phoenix.gov/PDD/Search/PermitDetails?permitNum=BLD-26000028,BLD-26000028,1840 N 95TH AVE,PHOENIX,1/5/2026 8:19:48 AM,Commercial,750000.00,PORTER BROS INC,LPRR-2505711,,Trash,no_hvac_signal
FACT,2600031,FACT-2600031,https://apps-secure.phoenix.gov/PDD/Search/PermitDetails?permitNum=FACT-2600031,FACT-2600031,12645 N 48TH ST,PHOENIX,1/5/2026 7:53:43 AM,Commercial,0.00,TO BE BID,,,Trash,no_hvac_signal
CPST,2600030,CPST-2600030,https://apps-secure.phoenix.gov/PDD/Search/PermitDetails?permitNum=CPST-2600030,CPST-2600030,,PHOENIX,1/5/2026 7:43:46 AM,Residential,0.00,TO BE BID,,,Trash,no_hvac_signal
F875,26000027,F875-26000027,https://apps-secure.phoenix.gov/PDD/Search/PermitDetails?permitNum=F875-26000027,F875-26000027,7170 E TIERRA BUENA LN,PHOENIX,1/5/2026 7:18:35 AM,Commercial,0.00,INDUSTRY STANDARD FIRE PROTECTION LLC,,,Trash,negative=fire
F800,2600008,F800-2600008,https://apps-secure.phoenix.gov/PDD/Search/PermitDetails?permitNum=F800-2600008,F800-2600008,1725 W LAWRENCE LN,PHOENIX,1/5/2026 7:02:53 AM,Commercial,0.00,ONEWORLDENERGY LLC,SPAD-0213882,,Trash,no_hvac_signal
PAPP,2600029,PAPP-2600029,https://apps-secure.phoenix.gov/PDD/Search/PermitDetails?permitNum=PAPP-2600029,PAPP-2600029,8181 W ROOSEVELT ST,PHOENIX,1/5/2026 6:37:35 AM,Commercial,0.00,TO BE BID,,,Trash,no_hvac_signal
SGNP,214904,SGNP-214904,https://apps-secure.phoenix.gov/PDD/Search/PermitDetails?permitNum=SGNP-214904,SGNP-214904,13637 N TATUM BLVD,PHOENIX,1/5/2026 12:00:00 AM,Commercial,5500.00,SIGN A RAMA EAST BELL ROAD,LPSG-251489,,Trash,negative=sign
SGNP,214905,SGNP-214905,https://apps-secure.phoenix.gov/PDD/Search/PermitDetails?permitNum=SGNP-214905,SGNP-214905,13637 N TATUM BLVD,PHOENIX,1/5/2026 12:00:00 AM,Commercial,5500.00,SIGN A RAMA EAST BELL ROAD,LPSG-251489,,Trash,negative=sign
SGNP,214906,SGNP-214906,https://apps-secure.phoenix.gov/PDD/Search/PermitDetails?permitNum=SGNP-214906,SGNP-214906,13637 N TATUM BLVD,PHOENIX,1/5/2026 12:00:00 AM,Commercial,5500.00,SIGN A RAMA EAST BELL ROAD,LPSG-251489,,Trash,negative=sign
CPO,26000043,CPO-26000043,https://apps-secure.phoenix.gov/PDD/Search/PermitDetails?permitNum=CPO-26000043,CPO-26000043,,PHOENIX,1/5/2026 12:00:00 AM,Commercial,0.00,SPECIALIZED SERVICES COMPANY,SDEV-2500001,,Trash,no_hvac_signal
CPO,26000044,CPO-26000044,https://apps-secure.phoenix.gov/PDD/Search/PermitDetails?permitNum=CPO-26000044,CPO-26000044,,PHOENIX,1/5/2026 12:00:00 AM,Commercial,0.00,SPECIALIZED SERVICES COMPANY,SDEV-2500001,,Trash,no_hvac_signal
CPO,26000045,CPO-26000045,https://apps-secure.phoenix.gov/PDD/Search/PermitDetails?permitNum=CPO-26000045,CPO-26000045,,PHOENIX,1/5/2026 12:00:00 AM,Commercial,0.00,SPECIALIZED SERVICES COMPANY,SDEV-2500001,,Trash,no_hvac_signal
CPO,26000046,CPO-26000046,https://apps-secure.phoenix.gov/PDD/Search/PermitDetails?permitNum=CPO-26000046,CPO-26000046,,PHOENIX,1/5/2026 12:00:00 AM,Commercial,0.00,SPECIALIZED SERVICES COMPANY,SDEV-2500001,,Trash,no_hvac_signal
F802,26000051,F802-26000051,https://apps-secure.phoenix.gov/PDD/Search/PermitDetails?permitNum=F802-26000051,F802-26000051,3255 W CARTER RD,PHOENIX,1/5/2026 12:00:00 AM,Commercial,0.00,FIERRO FIRE AND SECURITY LLC,SPAD-1809676,,Trash,negative=fire
F875,26000052,F875-26000052,https://apps-secure.phoenix.gov/PDD/Search/PermitDetails?permitNum=F875-26000052,F875-26000052,3852 N 29TH AVE,PHOENIX,1/5/2026 12:00:00 AM,Commercial,0.00,FIERRO FIRE AND SECURITY LLC,SPAD-0600654,,Trash,negative=fire
F875,26000053,F875-26000053,https://apps-secure.phoenix.gov/PDD/Search/PermitDetails?permitNum=F875-26000053,F875-26000053,3737 E INDIAN SCHOOL RD,PHOENIX,1/5/2026 12:00:00 AM,Commercial,0.00,FIERRO FIRE AND SECURITY LLC,SPAD-2500481,,Trash,negative=fire
CHG,26000065,CHG-26000065,https://apps-secure.phoenix.gov/PDD/Search/PermitDetails?permitNum=CHG-26000065,CHG-26000065,7115 N 23RD PL,PHOENIX,1/5/2026 12:00:00 AM,Residential,0.00,OWNER,CPHG-2404952,,Trash,no_hvac_signal
CSL,26000066,CSL-26000066,https://apps-secure.phoenix.gov/PDD/Search/PermitDetails?permitNum=CSL-26000066,CSL-26000066,7115 N 23RD PL,PHOENIX,1/5/2026 12:00:00 AM,Residential,0.00,OWNER,CPHG-2404952,,Trash,no_hvac_signal
RPV,26000026,RPV-26000026,https://apps-secure.phoenix.gov/PDD/Search/PermitDetails?permitNum=RPV-26000026,RPV-26000026,7314 N 16TH AVE,PHOENIX,1/3/2026 11:11:19 AM,Commercial,23044.00,INTEGRITY ELECTRICAL CONTRACTING LLC,SPAD-2504225,,Trash,no_hvac_signal
F193,2600007,F193-2600007,https://apps-secure.phoenix.gov/PDD/Search/PermitDetails?permitNum=F193-2600007,F193-2600007,7314 N 16TH PL,PHOENIX,1/3/2026 11:11:19 AM,Commercial,0.00,INTEGRITY ELECTRICAL CONTRACTING LLC,SPAD-0509676,,Trash,no_hvac_signal
F800,2600006,F800-2600006,https://apps-secure.phoenix.gov/PDD/Search/PermitDetails?permitNum=F800-2600006,F800-2600006,18436 N 42ND PL,PHOENIX,1/2/2026 9:33:46 PM,Commercial,0.00,ONEWORLDENERGY LLC,SPAD-2110819,,Trash,no_hvac_signal
F800,2600005,F800-2600005,https://apps-secure.phoenix.gov/PDD/Search/PermitDetails?permitNum=F800-2600005,F800-2600005,2901 E LUPINE AVE,PHOENIX,1/2/2026 9:14:51 PM,Commercial,0.00,ONEWORLDENERGY LLC,SPAD-1012174,,Trash,no_hvac_signal
RPV,26000025,RPV-26000025,https://apps-secure.phoenix.gov/PDD/Search/PermitDetails?permitNum=RPV-26000025,RPV-26000025,2901 E LUPINE AVE,PHOENIX,1/2/2026 5:02:54 PM,Commercial,20910.00,ONEWORLDENERGY LLC,SPAD-1012174,,Trash,no_hvac_signal
RPV,26000024,RPV-26000024,https://apps-secure.phoenix.gov/PDD/Search/PermitDetails?permitNum=RPV-26000024,RPV-26000024,15037 N 27TH ST,PHOENIX,1/2/2026 4:40:38 PM,Commercial,19680.00,ONEWORLDENERGY LLC,SPAD-1601803,,Trash,no_hvac_signal
RPV,26000023,RPV-26000023,https://apps-secure.phoenix.gov/PDD/Search/PermitDetails?permitNum=RPV-26000023,RPV-26000023,1447 E WICKIEUP LN,PHOENIX,1/2/2026 4:07:44 PM,Commercial,33210.00,ONEWORLDENERGY LLC,SPAD-2504273,,Trash,no_hvac_signal
SE,26000022,SE-26000022,https://apps-secure.phoenix.gov/PDD/Search/PermitDetails?permitNum=SE-26000022,SE-26000022,2203 W BELL RD,PHOENIX,1/2/2026 3:12:04 PM,Commercial,30000.00,PACIFIC NETWORK SOLUTIONS CONSTRUCTION LLC,LPRM-2504549,,Trash,no_hvac_signal
RVSN,2109912-53,RVSN-2109912-53,https://apps-secure.phoenix.gov/PDD/Search/PermitDetails?permitNum=RVSN-2109912-53,RVSN-2109912-53,32200 N 43RD AVE,PHOENIX,1/2/2026 3:05:49 PM,Commercial,0.00,UNITED INTEGRATED SERVICES (USA) CORP,PHAS-2109912-47,,Trash,no_hvac_signal
RVSN,2109912-53,RVSN-2109912-53,https://apps-secure.phoenix.gov/PDD/Search/PermitDetails?permitNum=RVSN-2109912-53,RVSN-2109912-53,32200 N 43RD AVE,PHOENIX,1/2/2026 3:05:49 PM,Commercial,0.00,UNITED INTEGRATED SERVICES (USA) CORP,PHAS-2109912-47,,Trash,no_hvac_signal
SE,26000021,SE-26000021,https://apps-secure.phoenix.gov/PDD/Search/PermitDetails?permitNum=SE-26000021,SE-26000021,19644 N 35TH AVE,PHOENIX,1/2/2026 3:04:05 PM,Commercial,30000.00,NORTHSTAR COMMUNICATIONS INC,LPRM-2504552,,Trash,no_hvac_signal
RVSN,2405731-01,RVSN-2405731-01,https://apps-secure.phoenix.gov/PDD/Search/PermitDetails?permitNum=RVSN-2405731-01,RVSN-2405731-01,6001 E BELL RD,PHOENIX,1/2/2026 2:39:15 PM,Residential,0.00,TO BE BID,,,Trash,no_hvac_signal
F875,26000019,F875-26000019,https://apps-secure.phoenix.gov/PDD/Search/PermitDetails?permitNum=F875-26000019,F875-26000019,4645 E BROADWAY RD,PHOENIX,1/2/2026 1:59:28 PM,Commercial,0.00,SERVICE 1ST FIRE PROTECTION L L C,,,Trash,negative=fire
LPSG,260002,LPSG-260002,https://apps-secure.phoenix.gov/PDD/Search/PermitDetails?permitNum=LPSG-260002,LPSG-260002,13434 N SCOTTSDALE RD,PHOENIX,1/2/2026 1:47:20 PM,Commercial,5600.00,JUST IN TIME SIGNS AND PRINTING,,,Trash,no_hvac_signal
LPRM,2600026,LPRM-2600026,https://apps-secure.phoenix.gov/PDD/Search/PermitDetails?permitNum=LPRM-2600026,LPRM-2600026,6236 N 16TH ST 1,PHOENIX,1/2/2026 1:40:17 PM,Residential,16000.00,TO BE BID,,,Trash,no_hvac_signal
CES,26000018,CES-26000018,https://apps-secure.phoenix.gov/PDD/Search/PermitDetails?permitNum=CES-26000018,CES-26000018,4909 E BEVERLY RD,PHOENIX,1/2/2026 1:29:23 PM,Commercial,0.00,MAJOR OVERHAUL LLC,LSPL-2505584,,Trash,no_hvac_signal
CPWT,2600025,CPWT-2600025,https://apps-secure.phoenix.gov/PDD/Search/PermitDetails?permitNum=CPWT-2600025,CPWT-2600025,4589 W TONOPAH DR,PHOENIX,1/2/2026 1:20:09 PM,Residential,0.00,TO BE BID,,,Trash,no_hvac_signal
LPRR,2600024,LPRR-2600024,https://apps-secure.phoenix.gov/PDD/Search/PermitDetails?permitNum=LPRR-2600024,LPRR-2600024,4325 E INDIAN SCHOOL RD,PHOENIX,1/2/2026 1:06:48 PM,Commercial,600000.00,TO BE BID,,,Trash,no_hvac_signal
LPRR,2600023,LPRR-2600023,https://apps-secure.phoenix.gov/PDD/Search/PermitDetails?permitNum=LPRR-2600023,LPRR-2600023,4729 E UNION HILLS DR,PHOENIX,1/2/2026 12:52:18 PM,Commercial,41196.80,TO BE BID,,,Trash,no_hvac_signal
LPRM,2600022,LPRM-2600022,https://apps-secure.phoenix.gov/PDD/Search/PermitDetails?permitNum=LPRM-2600022,LPRM-2600022,1849 E CHOLLA DR,PHOENIX,1/2/2026 12:32:16 PM,Commercial,190000.00,LUDVIK ELECTRIC CO,,,Trash,no_hvac_signal
LPRM,2600022,LPRM-2600022,https://apps-secure.phoenix.gov/PDD/Search/PermitDetails?permitNum=LPRM-2600022,LPRM-2600022,1849 E CHOLLA DR,PHOENIX,1/2/2026 12:32:16 PM,Commercial,190000.00,LUDVIK ELECTRIC CO,,,Trash,no_hvac_signal
FPPD,260002,FPPD-260002,https://apps-secure.phoenix.gov/PDD/Search/PermitDetails?permitNum=FPPD-260002,FPPD-260002,5514 E PERSHING AVE,PHOENIX,1/2/2026 12:18:43 PM,Commercial,0.00,FIRE SPRINKLER INSTALLERS LLC,,,Trash,negative=fire|sprinkler
LPRM,2600021,LPRM-2600021,https://apps-secure.phoenix.gov/PDD/Search/PermitDetails?permitNum=LPRM-2600021,LPRM-2600021,6202 N 24TH ST,PHOENIX,1/2/2026 12:09:14 PM,Commercial,190000.00,LUDVIK ELECTRIC CO,,,Trash,no_hvac_signal
LPRM,2600021,LPRM-2600021,https://apps-secure.phoenix.gov/PDD/Search/PermitDetails?permitNum=LPRM-2600021,LPRM-2600021,6202 N 24TH ST,PHOENIX,1/2/2026 12:09:14 PM,Commercial,190000.00,LUDVIK ELECTRIC CO,,,Trash,no_hvac_signal
F129,26000017,F129-26000017,https://apps-secure.phoenix.gov/PDD/Search/PermitDetails?permitNum=F129-26000017,F129-26000017,32200 N 43RD AVE,PHOENIX,1/2/2026 12:09:08 PM,Commercial,0.00,HONEYWELL INTERNATIONAL INC,FPPD-252397,,Trash,no_hvac_signal
F129,26000017,F129-26000017,https://apps-secure.phoenix.gov/PDD/Search/PermitDetails?permitNum=F129-26000017,F129-26000017,32200 N 43RD AVE,PHOENIX,1/2/2026 12:09:08 PM,Commercial,0.00,HONEYWELL INTERNATIONAL INC,FPPD-252397,,Trash,no_hvac_signal
F129,26000016,F129-26000016,https://apps-secure.phoenix.gov/PDD/Search/PermitDetails?permitNum=F129-26000016,F129-26000016,32200 N 43RD AVE,PHOENIX,1/2/2026 12:01:40 PM,Commercial,0.00,HONEYWELL INTERNATIONAL INC,FPPD-252568,,Trash,no_hvac_signal
F129,26000016,F129-26000016,https://apps-secure.phoenix.gov/PDD/Search/PermitDetails?permitNum=F129-26000016,F129-26000016,32200 N 43RD AVE,PHOENIX,1/2/2026 12:01:40 PM,Commercial,0.00,HONEYWELL INTERNATIONAL INC,FPPD-252568,,Trash,no_hvac_signal
LPRM,2600020,LPRM-2600020,https://apps-secure.phoenix.gov/PDD/Search/PermitDetails?permitNum=LPRM-2600020,LPRM-2600020,2650 N 64TH ST,PHOENIX,1/2/2026 11:58:14 AM,Commercial,190000.00,LUDVIK ELECTRIC,,,Trash,no_hvac_signal
LPRM,2600020,LPRM-2600020,https://apps-secure.phoenix.gov/PDD/Search/PermitDetails?permitNum=LPRM-2600020,LPRM-2600020,2650 N 64TH ST,PHOENIX,1/2/2026 11:58:14 AM,Commercial,190000.00,LUDVIK ELECTRIC,,,Trash,no_hvac_signal
F129,26000015,F129-26000015,https://apps-secure.phoenix.gov/PDD/Search/PermitDetails?permitNum=F129-26000015,F129-26000015,32200 N 43RD AVE,PHOENIX,1/2/2026 11:56:35 AM,Commercial,0.00,HONEYWELL INTERNATIONAL INC,FPPD-252570,,Trash,no_hvac_signal
F129,26000015,F129-26000015,https://apps-secure.phoenix.gov/PDD/Search/PermitDetails?permitNum=F129-26000015,F129-26000015,32200 N 43RD AVE,PHOENIX,1/2/2026 11:56:35 AM,Commercial,0.00,HONEYWELL INTERNATIONAL INC,FPPD-252570,,Trash,no_hvac_signal
AMND,00-5586A1,AMND-00-5586A1,https://apps-secure.phoenix.gov/PDD/Search/PermitDetails?permitNum=AMND-00-5586A1,AMND-00-5586A1,2740 W NORTHERN AVE,PHOENIX,1/2/2026 11:51:23 AM,Commercial,0.00,OWNER,,,Trash,no_hvac_signal
RVSN,2109912-52,RVSN-2109912-52,https://apps-secure.phoenix.gov/PDD/Search/PermitDetails?permitNum=RVSN-2109912-52,RVSN-2109912-52,32200 N 43RD AVE,PHOENIX,1/2/2026 11:45:05 AM,Commercial,0.00,UNITED INTEGRATED SERVICES (USA) CORP,PHAS-2109912-48,,Trash,no_hvac_signal
RVSN,2109912-52,RVSN-2109912-52,https://apps-secure.phoenix.gov/PDD/Search/PermitDetails?permitNum=RVSN-2109912-52,RVSN-2109912-52,32200 N 43RD AVE,PHOENIX,1/2/2026 11:45:05 AM,Commercial,0.00,UNITED INTEGRATED SERVICES (USA) CORP,PHAS-2109912-48,,Trash,no_hvac_signal
ELEC,26000014,ELEC-26000014,https://apps-secure.phoenix.gov/PDD/Search/PermitDetails?permitNum=ELEC-26000014,ELEC-26000014,32200 N 43RD AVE,PHOENIX,1/2/2026 11:39:47 AM,Commercial,58360.00,PROPERSYS CORPORATION,LPRM-2506897,,Trash,no_hvac_signal
ELEC,26000014,ELEC-26000014,https://apps-secure.phoenix.gov/PDD/Search/PermitDetails?permitNum=ELEC-26000014,ELEC-26000014,32200 N 43RD AVE,PHOENIX,1/2/2026 11:39:47 AM,Commercial,58360.00,PROPERSYS CORPORATION,LPRM-2506897,,Trash,no_hvac_signal
RVSN,2109912-55,RVSN-2109912-55,https://apps-secure.phoenix.gov/PDD/Search/PermitDetails?permitNum=RVSN-2109912-55,RVSN-2109912-55,32200 N 43RD AVE,PHOENIX,1/2/2026 11:37:56 AM,Commercial,1.00,UNITED INTEGRATED SERVICES (USA) CORP,PHAS-2109912-10,,Trash,no_hvac_signal
RVSN,2109912-55,RVSN-2109912-55,https://apps-secure.phoenix.gov/PDD/Search/PermitDetails?permitNum=RVSN-2109912-55,RVSN-2109912-55,32200 N 43RD AVE,PHOENIX,1/2/2026 11:37:56 AM,Commercial,1.00,UNITED INTEGRATED SERVICES (USA) CORP,PHAS-2109912-10,,Trash,no_hvac_signal
LPSG,260001,LPSG-260001,https://apps-secure.phoenix.gov/PDD/Search/PermitDetails?permitNum=LPSG-260001,LPSG-260001,5039 N 44TH ST,PHOENIX,1/2/2026 11:35:08 AM,Residential,3000.00,OWNER,,,Trash,no_hvac_signal
RVSN,2500672-02,RVSN-2500672-02,https://apps-secure.phoenix.gov/PDD/Search/PermitDetails?permitNum=RVSN-2500672-02,RVSN-2500672-02,5088 W INNOVATION CIR,PHOENIX,1/2/2026 11:34:23 AM,Commercial,0.00,OKLAND CONSTRUCTION COMPANY,PHAS-2500672-01,,Trash,no_hvac_signal
RVSN,2500672-02,RVSN-2500672-02,https://apps-secure.phoenix.gov/PDD/Search/PermitDetails?permitNum=RVSN-2500672-02,RVSN-2500672-02,5088 W INNOVATION CIR,PHOENIX,1/2/2026 11:34:23 AM,Commercial,0.00,OKLAND CONSTRUCTION COMPANY,PHAS-2500672-01,,Trash,no_hvac_signal
RVSN,2500672-03,RVSN-2500672-03,https://apps-secure.phoenix.gov/PDD/Search/PermitDetails?permitNum=RVSN-2500672-03,RVSN-2500672-03,5088 W INNOVATION CIR,PHOENIX,1/2/2026 11:32:48 AM,Commercial,0.00,OKLAND CONSTRUCTION COMPANY,PHAS-2500672-03,,Trash,no_hvac_signal
RVSN,2500672-03,RVSN-2500672-03,https://apps-secure.phoenix.gov/PDD/Search/PermitDetails?permitNum=RVSN-2500672-03,RVSN-2500672-03,5088 W INNOVATION CIR,PHOENIX,1/2/2026 11:32:48 AM,Commercial,0.00,OKLAND CONSTRUCTION COMPANY,PHAS-2500672-03,,Trash,no_hvac_signal
RVSN,2500672-04,RVSN-2500672-04,https://apps-secure.phoenix.gov/PDD/Search/PermitDetails?permitNum=RVSN-2500672-04,RVSN-2500672-04,5088 W INNOVATION CIR,PHOENIX,1/2/2026 11:31:05 AM,Commercial,0.00,OKLAND CONSTRUCTION COMPANY,PHAS-2500672-04,,Trash,no_hvac_signal
RVSN,2500672-04,RVSN-2500672-04,https://apps-secure.phoenix.gov/PDD/Search/PermitDetails?permitNum=RVSN-2500672-04,RVSN-2500672-04,5088 W INNOVATION CIR,PHOENIX,1/2/2026 11:31:05 AM,Commercial,0.00,OKLAND CONSTRUCTION COMPANY,PHAS-2500672-04,,Trash,no_hvac_signal
RVSN,2500672-05,RVSN-2500672-05,https://apps-secure.phoenix.gov/PDD/Search/PermitDetails?permitNum=RVSN-2500672-05,RVSN-2500672-05,5088 W INNOVATION CIR,PHOENIX,1/2/2026 11:28:53 AM,Commercial,0.00,OKLAND CONSTRUCTION COMPANY,PHAS-2500672-02,,Trash,no_hvac_signal
RVSN,2500672-05,RVSN-2500672-05,https://apps-secure.phoenix.gov/PDD/Search/PermitDetails?permitNum=RVSN-2500672-05,RVSN-2500672-05,5088 W INNOVATION CIR,PHOENIX,1/2/2026 11:28:53 AM,Commercial,0.00,OKLAND CONSTRUCTION COMPANY,PHAS-2500672-02,,Trash,no_hvac_signal
RVSN,2109912-56,RVSN-2109912-56,https://apps-secure.phoenix.gov/PDD/Search/PermitDetails?permitNum=RVSN-2109912-56,RVSN-2109912-56,32200 N 43RD AVE,PHOENIX,1/2/2026 11:27:04 AM,Commercial,0.00,UNITED INTEGRATED SERVICES (USA) CORP,PHAS-2109912-25,,Trash,no_hvac_signal
RVSN,2109912-56,RVSN-2109912-56,https://apps-secure.phoenix.gov/PDD/Search/PermitDetails?permitNum=RVSN-2109912-56,RVSN-2109912-56,32200 N 43RD AVE,PHOENIX,1/2/2026 11:27:04 AM,Commercial,0.00,UNITED INTEGRATED SERVICES (USA) CORP,PHAS-2109912-25,,Trash,no_hvac_signal
RVSN,2109912-57,RVSN-2109912-57,https://apps-secure.phoenix.gov/PDD/Search/PermitDetails?permitNum=RVSN-2109912-57,RVSN-2109912-57,32200 N 43RD AVE,PHOENIX,1/2/2026 11:24:43 AM,Residential,0.00,AUSTIN COMMERCIAL,PHAS-2109912-03,,Trash,no_hvac_signal
RVSN,2109912-57,RVSN-2109912-57,https://apps-secure.phoenix.gov/PDD/Search/PermitDetails?permitNum=RVSN-2109912-57,RVSN-2109912-57,32200 N 43RD AVE,PHOENIX,1/2/2026 11:24:43 AM,Residential,0.00,AUSTIN COMMERCIAL,PHAS-2109912-03,,Trash,no_hvac_signal
RPV,26000013,RPV-26000013,https://apps-secure.phoenix.gov/PDD/Search/PermitDetails?permitNum=RPV-26000013,RPV-26000013,10124 W HIGHLAND AVE,PHOENIX,1/2/2026 11:22:38 AM,Commercial,38681.00,POSITIVE SYNERGY LLC,SPAD-2504130,,Trash,no_hvac_signal
F802,26000012,F802-26000012,https://apps-secure.phoenix.gov/PDD/Search/PermitDetails?permitNum=F802-26000012,F802-26000012,17232 N 19TH AVE,PHOENIX,1/2/2026 11:19:56 AM,Commercial,0.00,STANLEY CONVERGENT SECURITY SOLUTIONS INC,,,Trash,no_hvac_signal
WSHM,26000011,WSHM-26000011,https://apps-secure.phoenix.gov/PDD/Search/PermitDetails?permitNum=WSHM-26000011,WSHM-26000011,,PHOENIX,1/2/2026 11:16:16 AM,Residential,0.00,OWNER,CSPH-2100026,,Trash,no_hvac_signal
LPRM,2600019,LPRM-2600019,https://apps-secure.phoenix.gov/PDD/Search/PermitDetails?permitNum=LPRM-2600019,LPRM-2600019,9402 W INDIAN SCHOOL RD,PHOENIX,1/2/2026 11:16:09 AM,Commercial,190000.00,LUDVIK ELECTRIC,,,Trash,no_hvac_signal
LPRM,2600019,LPRM-2600019,https://apps-secure.phoenix.gov/PDD/Search/PermitDetails?permitNum=LPRM-2600019,LPRM-2600019,9402 W INDIAN SCHOOL RD,PHOENIX,1/2/2026 11:16:09 AM,Commercial,190000.00,LUDVIK ELECTRIC,,,Trash,no_hvac_signal
CPHG,2600018,CPHG-2600018,https://apps-secure.phoenix.gov/PDD/Search/PermitDetails?permitNum=CPHG-2600018,CPHG-2600018,2123 E BETHANY HOME RD,PHOENIX,1/2/2026 11:15:53 AM,Residential,0.00,TO BE BID,,,Trash,no_hvac_signal
BLD,26000010,BLD-26000010,https://apps-secure.phoenix.gov/PDD/Search/PermitDetails?permitNum=BLD-26000010,BLD-26000010,21001 N TATUM BLVD,PHOENIX,1/2/2026 11:15:04 AM,Commercial,1745612.00,HIGH POINT DEVELOPMENT LLC,LPRR-2505108,,Trash,no_hvac_signal
ELEC,26000009,ELEC-26000009,https://apps-secure.phoenix.gov/PDD/Search/PermitDetails?permitNum=ELEC-26000009,ELEC-26000009,32200 N 43RD AVE,PHOENIX,1/2/2026 11:04:13 AM,Commercial,6053513.00,UNITED INTEGRATED SERVICES (USA) CORP,PHAS-2109912-64,,Trash,no_hvac_signal
ELEC,26000009,ELEC-26000009,https://apps-secure.phoenix.gov/PDD/Search/PermitDetails?permitNum=ELEC-26000009,ELEC-26000009,32200 N 43RD AVE,PHOENIX,1/2/2026 11:04:13 AM,Commercial,6053513.00,UNITED INTEGRATED SERVICES (USA) CORP,PHAS-2109912-64,,Trash,no_hvac_signal
BLD,26000008,BLD-26000008,https://apps-secure.phoenix.gov/PDD/Search/PermitDetails?permitNum=BLD-26000008,BLD-26000008,3241 E SHEA BLVD,PHOENIX,1/2/2026 11:04:05 AM,Commercial,91132.40,JBR PLUMBING LLC,LPRR-2505516,,Trash,negative=plumb(?:ing)?
OP,26000007,OP-26000007,https://apps-secure.phoenix.gov/PDD/Search/PermitDetails?permitNum=OP-26000007,OP-26000007,200 W MONROE ST,PHOENIX,1/2/2026 10:53:58 AM,Commercial,3000.00,SB DIAMONDBACK HOLDINGS LLC,,,Trash,no_hvac_signal
F800,2600001,F800-2600001,https://apps-secure.phoenix.gov/PDD/Search/PermitDetails?permitNum=F800-2600001,F800-2600001,3551 E LOUISE DR,PHOENIX,1/2/2026 10:52:50 AM,Commercial,0.00,SOLAR TECH ENERGY SYSTEMS INC.,SPAD-2101824,,Trash,negative=solar(?: pv)?
LPRM,2600017,LPRM-2600017,https://apps-secure.phoenix.gov/PDD/Search/PermitDetails?permitNum=LPRM-2600017,LPRM-2600017,14214 N 15TH AVE,PHOENIX,1/2/2026 10:51:10 AM,Commercial,190000.00,LUDVIK ELECTRIC CO,,,Trash,no_hvac_signal
LPRM,2600017,LPRM-2600017,https://apps-secure.phoenix.gov/PDD/Search/PermitDetails?permitNum=LPRM-2600017,LPRM-2600017,14214 N 15TH AVE,PHOENIX,1/2/2026 10:51:10 AM,Commercial,190000.00,LUDVIK ELECTRIC CO,,,Trash,no_hvac_signal
LSIS,2600015,LSIS-2600015,https://apps-secure.phoenix.gov/PDD/Search/PermitDetails?permitNum=LSIS-2600015,LSIS-2600015,6700 W LATHAM ST,PHOENIX,1/2/2026 10:46:32 AM,Commercial,0.00,THE OSCAR W. LARSON COMPANY,,,Trash,no_hvac_signal
LSPL,2600016,LSPL-2600016,https://apps-secure.phoenix.gov/PDD/Search/PermitDetails?permitNum=LSPL-2600016,LSPL-2600016,6700 W LATHAM ST,PHOENIX,1/2/2026 10:46:32 AM,Commercial,0.00,THE OSCAR W. LARSON COMPANY,,,Trash,no_hvac_signal
PAPP,2600014,PAPP-2600014,https://apps-secure.phoenix.gov/PDD/Search/PermitDetails?permitNum=PAPP-2600014,PAPP-2600014,8910 N 8TH ST,PHOENIX,1/2/2026 10:26:19 AM,Commercial,0.00,TO BE BID,,,Trash,no_hvac_signal
LPRM,2600012,LPRM-2600012,https://apps-secure.phoenix.gov/PDD/Search/PermitDetails?permitNum=LPRM-2600012,LPRM-2600012,19219 N TATUM BLVD,PHOENIX,1/2/2026 10:15:34 AM,Commercial,190000.00,LUDVIK ELECTRIC,,,Trash,no_hvac_signal
LPRM,2600012,LPRM-2600012,https://apps-secure.phoenix.gov/PDD/Search/PermitDetails?permitNum=LPRM-2600012,LPRM-2600012,19219 N TATUM BLVD,PHOENIX,1/2/2026 10:15:34 AM,Commercial,190000.00,LUDVIK ELECTRIC,,,Trash,no_hvac_signal
RPV,26000006,RPV-26000006,https://apps-secure.phoenix.gov/PDD/Search/PermitDetails?permitNum=RPV-26000006,RPV-26000006,5929 W HAZELWOOD ST,PHOENIX,1/2/2026 10:09:56 AM,Commercial,59864.30,ARIZONA SOLAR SOLUTIONS INC.,SPAD-2504283,,Trash,negative=solar(?: pv)?
LPRM,2600011,LPRM-2600011,https://apps-secure.phoenix.gov/PDD/Search/PermitDetails?permitNum=LPRM-2600011,LPRM-2600011,26425 N 40TH ST,PHOENIX,1/2/2026 10:04:14 AM,Commercial,190000.00,LUDVIK ELECTRIC,,,Trash,no_hvac_signal
LPRM,2600011,LPRM-2600011,https://apps-secure.phoenix.gov/PDD/Search/PermitDetails?permitNum=LPRM-2600011,LPRM-2600011,26425 N 40TH ST,PHOENIX,1/2/2026 10:04:14 AM,Commercial,190000.00,LUDVIK ELECTRIC,,,Trash,no_hvac_signal
F129,26000005,F129-26000005,https://apps-secure.phoenix.gov/PDD/Search/PermitDetails?permitNum=F129-26000005,F129-26000005,4135 W OPPORTUNITY WAY,PHOENIX,1/2/2026 10:03:00 AM,Commercial,0.00,FAMILY FIRE & SECURITY LLC,FPPD-252523,,Trash,negative=fire
RPV,26000004,RPV-26000004,https://apps-secure.phoenix.gov/PDD/Search/PermitDetails?permitNum=RPV-26000004,RPV-26000004,4422 E EARLL DR,PHOENIX,1/2/2026 10:01:43 AM,Commercial,78600.00,"SOLANA ENERGY CONCEPTS, LLC",SPAD-0404626,,Trash,no_hvac_signal
LPRM,2600010,LPRM-2600010,https://apps-secure.phoenix.gov/PDD/Search/PermitDetails?permitNum=LPRM-2600010,LPRM-2600010,5839 N 15TH AVE,PHOENIX,1/2/2026 9:52:43 AM,Commercial,190000.00,LUDVIK ELECTRIC,,,Trash,no_hvac_signal
LPRM,2600010,LPRM-2600010,https://apps-secure.phoenix.gov/PDD/Search/PermitDetails?permitNum=LPRM-2600010,LPRM-2600010,5839 N 15TH AVE,PHOENIX,1/2/2026 9:52:43 AM,Commercial,190000.00,LUDVIK ELECTRIC,,,Trash,no_hvac_signal
RPDR,2600009,RPDR-2600009,https://apps-secure.phoenix.gov/PDD/Search/PermitDetails?permitNum=RPDR-2600009,RPDR-2600009,14421 N 66TH PL,PHOENIX,1/2/2026 9:52:07 AM,Residential,0.00,TO BE BID,,,Trash,no_hvac_signal
LPRM,2600008,LPRM-2600008,https://apps-secure.phoenix.gov/PDD/Search/PermitDetails?permitNum=LPRM-2600008,LPRM-2600008,2545 N 7TH ST,PHOENIX,1/2/2026 9:47:45 AM,Commercial,20000.00,TO BE BID,,,Trash,no_hvac_signal
LPRM,2600007,LPRM-2600007,https://apps-secure.phoenix.gov/PDD/Search/PermitDetails?permitNum=LPRM-2600007,LPRM-2600007,14201 N CAVE CREEK RD,PHOENIX,1/2/2026 9:38:14 AM,Commercial,190000.00,LUDVIK ELECTRIC,,,Trash,no_hvac_signal
LPRM,2600007,LPRM-2600007,https://apps-secure.phoenix.gov/PDD/Search/PermitDetails?permitNum=LPRM-2600007,LPRM-2600007,14201 N CAVE CREEK RD,PHOENIX,1/2/2026 9:38:14 AM,Commercial,190000.00,LUDVIK ELECTRIC,,,Trash,no_hvac_signal
DEM,26000003,DEM-26000003,https://apps-secure.phoenix.gov/PDD/Search/PermitDetails?permitNum=DEM-26000003,DEM-26000003,11459 N 28TH DR,PHOENIX,1/2/2026 9:31:45 AM,Commercial,16254.00,RISE48 CONSTRUCTION LLC,SPAD-0014150,,Trash,no_hvac_signal
LPRM,2600006,LPRM-2600006,https://apps-secure.phoenix.gov/PDD/Search/PermitDetails?permitNum=LPRM-2600006,LPRM-2600006,35808 N 33RD LN,PHOENIX,1/2/2026 9:18:05 AM,Commercial,190000.00,LUDVIK ELECTRIC CO,,,Trash,no_hvac_signal
LPRM,2600006,LPRM-2600006,https://apps-secure.phoenix.gov/PDD/Search/PermitDetails?permitNum=LPRM-2600006,LPRM-2600006,35808 N 33RD LN,PHOENIX,1/2/2026 9:18:05 AM,Commercial,190000.00,LUDVIK ELECTRIC CO,,,Trash,no_hvac_signal
WSSD,26000002,WSSD-26000002,https://apps-secure.phoenix.gov/PDD/Search/PermitDetails?permitNum=WSSD-26000002,WSSD-26000002,10250 N 19TH AVE,PHOENIX,1/2/2026 9:00:00 AM,Commercial,0.00,SERVICE 1ST FIRE PROTECTION L L C,SPAD-0303513,,Trash,negative=fire
CPGD,2600005,CPGD-2600005,https://apps-secure.phoenix.gov/PDD/Search/PermitDetails?permitNum=CPGD-2600005,CPGD-2600005,1350 N 43RD AVE,PHOENIX,1/2/2026 8:27:58 AM,Commercial,0.00,TO BE BID,,,Trash,no_hvac_signal
CPFL,2600004,CPFL-2600004,https://apps-secure.phoenix.gov/PDD/Search/PermitDetails?permitNum=CPFL-2600004,CPFL-2600004,1350 N 43RD AVE,PHOENIX,1/2/2026 8:20:27 AM,Commercial,0.00,TO BE BID,,,Trash,no_hvac_signal
CPST,2600003,CPST-2600003,https://apps-secure.phoenix.gov/PDD/Search/PermitDetails?permitNum=CPST-2600003,CPST-2600003,,PHOENIX,1/2/2026 8:20:01 AM,Residential,0.00,TO BE BID,,,Trash,no_hvac_signal
RPV,26000001,RPV-26000001,https://apps-secure.phoenix.gov/PDD/Search/PermitDetails?permitNum=RPV-26000001,RPV-26000001,8606 W KINGMAN ST,PHOENIX,1/2/2026 8:17:25 AM,Commercial,28651.00,DYNAMIC SOLAR AND ELECTRICAL LLC,SPAD-0403154,,Trash,negative=solar(?: pv)?
FPPD,260001,FPPD-260001,https://apps-secure.phoenix.gov/PDD/Search/PermitDetails?permitNum=FPPD-260001,FPPD-260001,3211 E BASELINE RD,PHOENIX,1/2/2026 8:11:19 AM,Residential,1.00,TO BE BID,,,Trash,no_hvac_signal
LPRM,2600002,LPRM-2600002,https://apps-secure.phoenix.gov/PDD/Search/PermitDetails?permitNum=LPRM-2600002,LPRM-2600002,200 S 35TH AVE,PHOENIX,1/2/2026 7:31:36 AM,Commercial,25000.00,TO BE BID,,,Trash,no_hvac_signal
SGNP,214901,SGNP-214901,https://apps-secure.phoenix.gov/PDD/Search/PermitDetails?permitNum=SGNP-214901,SGNP-214901,3890 W HAPPY VALLEY RD,PHOENIX,1/2/2026 12:00:00 AM,Commercial,16000.00,FRANKLIN'S FINE SIGNS LLC,LPSG-251584,,Trash,no_hvac_signal
SGNP,214902,SGNP-214902,https://apps-secure.phoenix.gov/PDD/Search/PermitDetails?permitNum=SGNP-214902,SGNP-214902,3890 W HAPPY VALLEY RD,PHOENIX,1/2/2026 12:00:00 AM,Commercial,16000.00,FRANKLIN'S FINE SIGNS LLC,LPSG-251584,,Trash,no_hvac_signal
CPPA,2600001,CPPA-2600001,https://apps-secure.phoenix.gov/PDD/Search/PermitDetails?permitNum=CPPA-2600001,CPPA-2600001,4126 N 22ND ST,PHOENIX,1/1/2026 11:31:04 AM,Commercial,0.00,TO BE BID,,,Trash,no_hvac_signal